Country,Datetime (UTC),Datetime (Local),Price (EUR/MWhe)
Korea,2025-01-01 00:00:00,2025-01-01 00:00:00,81990.0
Korea,2025-01-01 01:00:00,2025-01-01 01:00:00,78610.0
Korea,2025-01-01 02:00:00,2025-01-01 02:00:00,78610.0
Korea,2025-01-01 03:00:00,2025-01-01 03:00:00,78610.0
Korea,2025-01-01 04:00:00,2025-01-01 04:00:00,78610.0
Korea,2025-01-01 05:00:00,2025-01-01 05:00:00,78610.0
Korea,2025-01-01 06:00:00,2025-01-01 06:00:00,79740.0
Korea,2025-01-01 07:00:00,2025-01-01 07:00:00,79740.0
Korea,2025-01-01 08:00:00,2025-01-01 08:00:00,77320.0
Korea,2025-01-01 09:00:00,2025-01-01 09:00:00,76000.0
Korea,2025-01-01 10:00:00,2025-01-01 10:00:00,71200.0
Korea,2025-01-01 11:00:00,2025-01-01 11:00:00,71200.0
Korea,2025-01-01 12:00:00,2025-01-01 12:00:00,0.0
Korea,2025-01-01 13:00:00,2025-01-01 13:00:00,6850.0
Korea,2025-01-01 14:00:00,2025-01-01 14:00:00,71200.0
Korea,2025-01-01 15:00:00,2025-01-01 15:00:00,71330.0
Korea,2025-01-01 16:00:00,2025-01-01 16:00:00,84920.0
Korea,2025-01-01 17:00:00,2025-01-01 17:00:00,96780.0
Korea,2025-01-01 18:00:00,2025-01-01 18:00:00,96780.0
Korea,2025-01-01 19:00:00,2025-01-01 19:00:00,97000.0
Korea,2025-01-01 20:00:00,2025-01-01 20:00:00,97020.0
Korea,2025-01-01 21:00:00,2025-01-01 21:00:00,97630.0
Korea,2025-01-01 22:00:00,2025-01-01 22:00:00,97630.0
Korea,2025-01-01 23:00:00,2025-01-01 23:00:00,97080.0
Korea,2025-01-02 00:00:00,2025-01-02 00:00:00,84810.0
Korea,2025-01-02 01:00:00,2025-01-02 01:00:00,80830.0
Korea,2025-01-02 02:00:00,2025-01-02 02:00:00,80830.0
Korea,2025-01-02 03:00:00,2025-01-02 03:00:00,80830.0
Korea,2025-01-02 04:00:00,2025-01-02 04:00:00,80830.0
Korea,2025-01-02 05:00:00,2025-01-02 05:00:00,80830.0
Korea,2025-01-02 06:00:00,2025-01-02 06:00:00,87520.0
Korea,2025-01-02 07:00:00,2025-01-02 07:00:00,97700.0
Korea,2025-01-02 08:00:00,2025-01-02 08:00:00,128320.0
Korea,2025-01-02 09:00:00,2025-01-02 09:00:00,151160.0
Korea,2025-01-02 10:00:00,2025-01-02 10:00:00,157970.0
Korea,2025-01-02 11:00:00,2025-01-02 11:00:00,134120.0
Korea,2025-01-02 12:00:00,2025-01-02 12:00:00,133990.0
Korea,2025-01-02 13:00:00,2025-01-02 13:00:00,133910.0
Korea,2025-01-02 14:00:00,2025-01-02 14:00:00,133780.0
Korea,2025-01-02 15:00:00,2025-01-02 15:00:00,138860.0
Korea,2025-01-02 16:00:00,2025-01-02 16:00:00,133910.0
Korea,2025-01-02 17:00:00,2025-01-02 17:00:00,133990.0
Korea,2025-01-02 18:00:00,2025-01-02 18:00:00,128320.0
Korea,2025-01-02 19:00:00,2025-01-02 19:00:00,115580.0
Korea,2025-01-02 20:00:00,2025-01-02 20:00:00,113770.0
Korea,2025-01-02 21:00:00,2025-01-02 21:00:00,103230.0
Korea,2025-01-02 22:00:00,2025-01-02 22:00:00,102260.0
Korea,2025-01-02 23:00:00,2025-01-02 23:00:00,96870.0
Korea,2025-01-03 00:00:00,2025-01-03 00:00:00,84690.0
Korea,2025-01-03 01:00:00,2025-01-03 01:00:00,81320.0
Korea,2025-01-03 02:00:00,2025-01-03 02:00:00,81060.0
Korea,2025-01-03 03:00:00,2025-01-03 03:00:00,81060.0
Korea,2025-01-03 04:00:00,2025-01-03 04:00:00,81060.0
Korea,2025-01-03 05:00:00,2025-01-03 05:00:00,81060.0
Korea,2025-01-03 06:00:00,2025-01-03 06:00:00,87470.0
Korea,2025-01-03 07:00:00,2025-01-03 07:00:00,115290.0
Korea,2025-01-03 08:00:00,2025-01-03 08:00:00,138490.0
Korea,2025-01-03 09:00:00,2025-01-03 09:00:00,166560.0
Korea,2025-01-03 10:00:00,2025-01-03 10:00:00,155470.0
Korea,2025-01-03 11:00:00,2025-01-03 11:00:00,146000.0
Korea,2025-01-03 12:00:00,2025-01-03 12:00:00,134160.0
Korea,2025-01-03 13:00:00,2025-01-03 13:00:00,134040.0
Korea,2025-01-03 14:00:00,2025-01-03 14:00:00,133950.0
Korea,2025-01-03 15:00:00,2025-01-03 15:00:00,133950.0
Korea,2025-01-03 16:00:00,2025-01-03 16:00:00,132190.0
Korea,2025-01-03 17:00:00,2025-01-03 17:00:00,128320.0
Korea,2025-01-03 18:00:00,2025-01-03 18:00:00,128320.0
Korea,2025-01-03 19:00:00,2025-01-03 19:00:00,128320.0
Korea,2025-01-03 20:00:00,2025-01-03 20:00:00,103380.0
Korea,2025-01-03 21:00:00,2025-01-03 21:00:00,102210.0
Korea,2025-01-03 22:00:00,2025-01-03 22:00:00,88960.0
Korea,2025-01-03 23:00:00,2025-01-03 23:00:00,88960.0
Korea,2025-01-04 00:00:00,2025-01-04 00:00:00,97770.0
Korea,2025-01-04 01:00:00,2025-01-04 01:00:00,81760.0
Korea,2025-01-04 02:00:00,2025-01-04 02:00:00,81120.0
Korea,2025-01-04 03:00:00,2025-01-04 03:00:00,81120.0
Korea,2025-01-04 04:00:00,2025-01-04 04:00:00,81120.0
Korea,2025-01-04 05:00:00,2025-01-04 05:00:00,81120.0
Korea,2025-01-04 06:00:00,2025-01-04 06:00:00,97370.0
Korea,2025-01-04 07:00:00,2025-01-04 07:00:00,98470.0
Korea,2025-01-04 08:00:00,2025-01-04 08:00:00,98780.0
Korea,2025-01-04 09:00:00,2025-01-04 09:00:00,119650.0
Korea,2025-01-04 10:00:00,2025-01-04 10:00:00,119650.0
Korea,2025-01-04 11:00:00,2025-01-04 11:00:00,98160.0
Korea,2025-01-04 12:00:00,2025-01-04 12:00:00,0.0
Korea,2025-01-04 13:00:00,2025-01-04 13:00:00,0.0
Korea,2025-01-04 14:00:00,2025-01-04 14:00:00,97980.0
Korea,2025-01-04 15:00:00,2025-01-04 15:00:00,97940.0
Korea,2025-01-04 16:00:00,2025-01-04 16:00:00,97940.0
Korea,2025-01-04 17:00:00,2025-01-04 17:00:00,98780.0
Korea,2025-01-04 18:00:00,2025-01-04 18:00:00,98680.0
Korea,2025-01-04 19:00:00,2025-01-04 19:00:00,98070.0
Korea,2025-01-04 20:00:00,2025-01-04 20:00:00,98780.0
Korea,2025-01-04 21:00:00,2025-01-04 21:00:00,98780.0
Korea,2025-01-04 22:00:00,2025-01-04 22:00:00,97370.0
Korea,2025-01-04 23:00:00,2025-01-04 23:00:00,97690.0
Korea,2025-01-05 00:00:00,2025-01-05 00:00:00,86970.0
Korea,2025-01-05 01:00:00,2025-01-05 01:00:00,78200.0
Korea,2025-01-05 02:00:00,2025-01-05 02:00:00,77070.0
Korea,2025-01-05 03:00:00,2025-01-05 03:00:00,77070.0
Korea,2025-01-05 04:00:00,2025-01-05 04:00:00,77070.0
Korea,2025-01-05 05:00:00,2025-01-05 05:00:00,77070.0
Korea,2025-01-05 06:00:00,2025-01-05 06:00:00,77510.0
Korea,2025-01-05 07:00:00,2025-01-05 07:00:00,77510.0
Korea,2025-01-05 08:00:00,2025-01-05 08:00:00,79210.0
Korea,2025-01-05 09:00:00,2025-01-05 09:00:00,80050.0
Korea,2025-01-05 10:00:00,2025-01-05 10:00:00,83220.0
Korea,2025-01-05 11:00:00,2025-01-05 11:00:00,83160.0
Korea,2025-01-05 12:00:00,2025-01-05 12:00:00,83160.0
Korea,2025-01-05 13:00:00,2025-01-05 13:00:00,83590.0
Korea,2025-01-05 14:00:00,2025-01-05 14:00:00,83590.0
Korea,2025-01-05 15:00:00,2025-01-05 15:00:00,88850.0
Korea,2025-01-05 16:00:00,2025-01-05 16:00:00,87710.0
Korea,2025-01-05 17:00:00,2025-01-05 17:00:00,88960.0
Korea,2025-01-05 18:00:00,2025-01-05 18:00:00,88960.0
Korea,2025-01-05 19:00:00,2025-01-05 19:00:00,88960.0
Korea,2025-01-05 20:00:00,2025-01-05 20:00:00,88960.0
Korea,2025-01-05 21:00:00,2025-01-05 21:00:00,88390.0
Korea,2025-01-05 22:00:00,2025-01-05 22:00:00,88390.0
Korea,2025-01-05 23:00:00,2025-01-05 23:00:00,88960.0
Korea,2025-01-06 00:00:00,2025-01-06 00:00:00,77420.0
Korea,2025-01-06 01:00:00,2025-01-06 01:00:00,76170.0
Korea,2025-01-06 02:00:00,2025-01-06 02:00:00,76170.0
Korea,2025-01-06 03:00:00,2025-01-06 03:00:00,75750.0
Korea,2025-01-06 04:00:00,2025-01-06 04:00:00,76170.0
Korea,2025-01-06 05:00:00,2025-01-06 05:00:00,76170.0
Korea,2025-01-06 06:00:00,2025-01-06 06:00:00,78810.0
Korea,2025-01-06 07:00:00,2025-01-06 07:00:00,97660.0
Korea,2025-01-06 08:00:00,2025-01-06 08:00:00,128090.0
Korea,2025-01-06 09:00:00,2025-01-06 09:00:00,136720.0
Korea,2025-01-06 10:00:00,2025-01-06 10:00:00,128400.0
Korea,2025-01-06 11:00:00,2025-01-06 11:00:00,128090.0
Korea,2025-01-06 12:00:00,2025-01-06 12:00:00,127470.0
Korea,2025-01-06 13:00:00,2025-01-06 13:00:00,127470.0
Korea,2025-01-06 14:00:00,2025-01-06 14:00:00,122700.0
Korea,2025-01-06 15:00:00,2025-01-06 15:00:00,126840.0
Korea,2025-01-06 16:00:00,2025-01-06 16:00:00,126840.0
Korea,2025-01-06 17:00:00,2025-01-06 17:00:00,126840.0
Korea,2025-01-06 18:00:00,2025-01-06 18:00:00,128320.0
Korea,2025-01-06 19:00:00,2025-01-06 19:00:00,124770.0
Korea,2025-01-06 20:00:00,2025-01-06 20:00:00,103320.0
Korea,2025-01-06 21:00:00,2025-01-06 21:00:00,102350.0
Korea,2025-01-06 22:00:00,2025-01-06 22:00:00,97520.0
Korea,2025-01-06 23:00:00,2025-01-06 23:00:00,100110.0
Korea,2025-01-07 00:00:00,2025-01-07 00:00:00,96870.0
Korea,2025-01-07 01:00:00,2025-01-07 01:00:00,82030.0
Korea,2025-01-07 02:00:00,2025-01-07 02:00:00,82030.0
Korea,2025-01-07 03:00:00,2025-01-07 03:00:00,82030.0
Korea,2025-01-07 04:00:00,2025-01-07 04:00:00,82030.0
Korea,2025-01-07 05:00:00,2025-01-07 05:00:00,82030.0
Korea,2025-01-07 06:00:00,2025-01-07 06:00:00,87460.0
Korea,2025-01-07 07:00:00,2025-01-07 07:00:00,114520.0
Korea,2025-01-07 08:00:00,2025-01-07 08:00:00,127470.0
Korea,2025-01-07 09:00:00,2025-01-07 09:00:00,156920.0
Korea,2025-01-07 10:00:00,2025-01-07 10:00:00,146260.0
Korea,2025-01-07 11:00:00,2025-01-07 11:00:00,146260.0
Korea,2025-01-07 12:00:00,2025-01-07 12:00:00,132670.0
Korea,2025-01-07 13:00:00,2025-01-07 13:00:00,132670.0
Korea,2025-01-07 14:00:00,2025-01-07 14:00:00,138580.0
Korea,2025-01-07 15:00:00,2025-01-07 15:00:00,136770.0
Korea,2025-01-07 16:00:00,2025-01-07 16:00:00,128390.0
Korea,2025-01-07 17:00:00,2025-01-07 17:00:00,124330.0
Korea,2025-01-07 18:00:00,2025-01-07 18:00:00,125580.0
Korea,2025-01-07 19:00:00,2025-01-07 19:00:00,125580.0
Korea,2025-01-07 20:00:00,2025-01-07 20:00:00,103320.0
Korea,2025-01-07 21:00:00,2025-01-07 21:00:00,102350.0
Korea,2025-01-07 22:00:00,2025-01-07 22:00:00,97740.0
Korea,2025-01-07 23:00:00,2025-01-07 23:00:00,97740.0
Korea,2025-01-08 00:00:00,2025-01-08 00:00:00,85040.0
Korea,2025-01-08 01:00:00,2025-01-08 01:00:00,81970.0
Korea,2025-01-08 02:00:00,2025-01-08 02:00:00,81970.0
Korea,2025-01-08 03:00:00,2025-01-08 03:00:00,81970.0
Korea,2025-01-08 04:00:00,2025-01-08 04:00:00,81970.0
Korea,2025-01-08 05:00:00,2025-01-08 05:00:00,81970.0
Korea,2025-01-08 06:00:00,2025-01-08 06:00:00,83370.0
Korea,2025-01-08 07:00:00,2025-01-08 07:00:00,112780.0
Korea,2025-01-08 08:00:00,2025-01-08 08:00:00,140440.0
Korea,2025-01-08 09:00:00,2025-01-08 09:00:00,161720.0
Korea,2025-01-08 10:00:00,2025-01-08 10:00:00,159390.0
Korea,2025-01-08 11:00:00,2025-01-08 11:00:00,133250.0
Korea,2025-01-08 12:00:00,2025-01-08 12:00:00,133250.0
Korea,2025-01-08 13:00:00,2025-01-08 13:00:00,133130.0
Korea,2025-01-08 14:00:00,2025-01-08 14:00:00,133250.0
Korea,2025-01-08 15:00:00,2025-01-08 15:00:00,160860.0
Korea,2025-01-08 16:00:00,2025-01-08 16:00:00,136760.0
Korea,2025-01-08 17:00:00,2025-01-08 17:00:00,133330.0
Korea,2025-01-08 18:00:00,2025-01-08 18:00:00,133420.0
Korea,2025-01-08 19:00:00,2025-01-08 19:00:00,134610.0
Korea,2025-01-08 20:00:00,2025-01-08 20:00:00,126520.0
Korea,2025-01-08 21:00:00,2025-01-08 21:00:00,116060.0
Korea,2025-01-08 22:00:00,2025-01-08 22:00:00,120820.0
Korea,2025-01-08 23:00:00,2025-01-08 23:00:00,121000.0
Korea,2025-01-09 00:00:00,2025-01-09 00:00:00,108070.0
Korea,2025-01-09 01:00:00,2025-01-09 01:00:00,109230.0
Korea,2025-01-09 02:00:00,2025-01-09 02:00:00,101970.0
Korea,2025-01-09 03:00:00,2025-01-09 03:00:00,101970.0
Korea,2025-01-09 04:00:00,2025-01-09 04:00:00,101970.0
Korea,2025-01-09 05:00:00,2025-01-09 05:00:00,106760.0
Korea,2025-01-09 06:00:00,2025-01-09 06:00:00,107550.0
Korea,2025-01-09 07:00:00,2025-01-09 07:00:00,118540.0
Korea,2025-01-09 08:00:00,2025-01-09 08:00:00,144000.0
Korea,2025-01-09 09:00:00,2025-01-09 09:00:00,161720.0
Korea,2025-01-09 10:00:00,2025-01-09 10:00:00,147950.0
Korea,2025-01-09 11:00:00,2025-01-09 11:00:00,147070.0
Korea,2025-01-09 12:00:00,2025-01-09 12:00:00,139150.0
Korea,2025-01-09 13:00:00,2025-01-09 13:00:00,143380.0
Korea,2025-01-09 14:00:00,2025-01-09 14:00:00,143630.0
Korea,2025-01-09 15:00:00,2025-01-09 15:00:00,148660.0
Korea,2025-01-09 16:00:00,2025-01-09 16:00:00,144050.0
Korea,2025-01-09 17:00:00,2025-01-09 17:00:00,146140.0
Korea,2025-01-09 18:00:00,2025-01-09 18:00:00,138360.0
Korea,2025-01-09 19:00:00,2025-01-09 19:00:00,138590.0
Korea,2025-01-09 20:00:00,2025-01-09 20:00:00,136600.0
Korea,2025-01-09 21:00:00,2025-01-09 21:00:00,136530.0
Korea,2025-01-09 22:00:00,2025-01-09 22:00:00,134240.0
Korea,2025-01-09 23:00:00,2025-01-09 23:00:00,134240.0
Korea,2025-01-10 00:00:00,2025-01-10 00:00:00,124440.0
Korea,2025-01-10 01:00:00,2025-01-10 01:00:00,112600.0
Korea,2025-01-10 02:00:00,2025-01-10 02:00:00,106200.0
Korea,2025-01-10 03:00:00,2025-01-10 03:00:00,101970.0
Korea,2025-01-10 04:00:00,2025-01-10 04:00:00,101970.0
Korea,2025-01-10 05:00:00,2025-01-10 05:00:00,112520.0
Korea,2025-01-10 06:00:00,2025-01-10 06:00:00,117050.0
Korea,2025-01-10 07:00:00,2025-01-10 07:00:00,138020.0
Korea,2025-01-10 08:00:00,2025-01-10 08:00:00,147830.0
Korea,2025-01-10 09:00:00,2025-01-10 09:00:00,163150.0
Korea,2025-01-10 10:00:00,2025-01-10 10:00:00,147200.0
Korea,2025-01-10 11:00:00,2025-01-10 11:00:00,147330.0
Korea,2025-01-10 12:00:00,2025-01-10 12:00:00,140190.0
Korea,2025-01-10 13:00:00,2025-01-10 13:00:00,140260.0
Korea,2025-01-10 14:00:00,2025-01-10 14:00:00,144000.0
Korea,2025-01-10 15:00:00,2025-01-10 15:00:00,140850.0
Korea,2025-01-10 16:00:00,2025-01-10 16:00:00,156370.0
Korea,2025-01-10 17:00:00,2025-01-10 17:00:00,139210.0
Korea,2025-01-10 18:00:00,2025-01-10 18:00:00,139210.0
Korea,2025-01-10 19:00:00,2025-01-10 19:00:00,139210.0
Korea,2025-01-10 20:00:00,2025-01-10 20:00:00,139210.0
Korea,2025-01-10 21:00:00,2025-01-10 21:00:00,132810.0
Korea,2025-01-10 22:00:00,2025-01-10 22:00:00,133060.0
Korea,2025-01-10 23:00:00,2025-01-10 23:00:00,138490.0
Korea,2025-01-11 00:00:00,2025-01-11 00:00:00,114960.0
Korea,2025-01-11 01:00:00,2025-01-11 01:00:00,106450.0
Korea,2025-01-11 02:00:00,2025-01-11 02:00:00,102740.0
Korea,2025-01-11 03:00:00,2025-01-11 03:00:00,102740.0
Korea,2025-01-11 04:00:00,2025-01-11 04:00:00,102740.0
Korea,2025-01-11 05:00:00,2025-01-11 05:00:00,106120.0
Korea,2025-01-11 06:00:00,2025-01-11 06:00:00,106520.0
Korea,2025-01-11 07:00:00,2025-01-11 07:00:00,117400.0
Korea,2025-01-11 08:00:00,2025-01-11 08:00:00,118750.0
Korea,2025-01-11 09:00:00,2025-01-11 09:00:00,136420.0
Korea,2025-01-11 10:00:00,2025-01-11 10:00:00,136410.0
Korea,2025-01-11 11:00:00,2025-01-11 11:00:00,138530.0
Korea,2025-01-11 12:00:00,2025-01-11 12:00:00,136380.0
Korea,2025-01-11 13:00:00,2025-01-11 13:00:00,136380.0
Korea,2025-01-11 14:00:00,2025-01-11 14:00:00,136370.0
Korea,2025-01-11 15:00:00,2025-01-11 15:00:00,134110.0
Korea,2025-01-11 16:00:00,2025-01-11 16:00:00,134110.0
Korea,2025-01-11 17:00:00,2025-01-11 17:00:00,131930.0
Korea,2025-01-11 18:00:00,2025-01-11 18:00:00,132870.0
Korea,2025-01-11 19:00:00,2025-01-11 19:00:00,132870.0
Korea,2025-01-11 20:00:00,2025-01-11 20:00:00,131180.0
Korea,2025-01-11 21:00:00,2025-01-11 21:00:00,116100.0
Korea,2025-01-11 22:00:00,2025-01-11 22:00:00,116560.0
Korea,2025-01-11 23:00:00,2025-01-11 23:00:00,115230.0
Korea,2025-01-12 00:00:00,2025-01-12 00:00:00,111150.0
Korea,2025-01-12 01:00:00,2025-01-12 01:00:00,111800.0
Korea,2025-01-12 02:00:00,2025-01-12 02:00:00,111820.0
Korea,2025-01-12 03:00:00,2025-01-12 03:00:00,97630.0
Korea,2025-01-12 04:00:00,2025-01-12 04:00:00,98550.0
Korea,2025-01-12 05:00:00,2025-01-12 05:00:00,102640.0
Korea,2025-01-12 06:00:00,2025-01-12 06:00:00,103000.0
Korea,2025-01-12 07:00:00,2025-01-12 07:00:00,103190.0
Korea,2025-01-12 08:00:00,2025-01-12 08:00:00,111740.0
Korea,2025-01-12 09:00:00,2025-01-12 09:00:00,117030.0
Korea,2025-01-12 10:00:00,2025-01-12 10:00:00,118120.0
Korea,2025-01-12 11:00:00,2025-01-12 11:00:00,118070.0
Korea,2025-01-12 12:00:00,2025-01-12 12:00:00,117910.0
Korea,2025-01-12 13:00:00,2025-01-12 13:00:00,117290.0
Korea,2025-01-12 14:00:00,2025-01-12 14:00:00,117360.0
Korea,2025-01-12 15:00:00,2025-01-12 15:00:00,116960.0
Korea,2025-01-12 16:00:00,2025-01-12 16:00:00,116740.0
Korea,2025-01-12 17:00:00,2025-01-12 17:00:00,118070.0
Korea,2025-01-12 18:00:00,2025-01-12 18:00:00,118120.0
Korea,2025-01-12 19:00:00,2025-01-12 19:00:00,118120.0
Korea,2025-01-12 20:00:00,2025-01-12 20:00:00,116060.0
Korea,2025-01-12 21:00:00,2025-01-12 21:00:00,108640.0
Korea,2025-01-12 22:00:00,2025-01-12 22:00:00,111740.0
Korea,2025-01-12 23:00:00,2025-01-12 23:00:00,107810.0
Korea,2025-01-13 00:00:00,2025-01-13 00:00:00,110940.0
Korea,2025-01-13 01:00:00,2025-01-13 01:00:00,102020.0
Korea,2025-01-13 02:00:00,2025-01-13 02:00:00,101760.0
Korea,2025-01-13 03:00:00,2025-01-13 03:00:00,97740.0
Korea,2025-01-13 04:00:00,2025-01-13 04:00:00,97740.0
Korea,2025-01-13 05:00:00,2025-01-13 05:00:00,97740.0
Korea,2025-01-13 06:00:00,2025-01-13 06:00:00,113340.0
Korea,2025-01-13 07:00:00,2025-01-13 07:00:00,114470.0
Korea,2025-01-13 08:00:00,2025-01-13 08:00:00,138590.0
Korea,2025-01-13 09:00:00,2025-01-13 09:00:00,165240.0
Korea,2025-01-13 10:00:00,2025-01-13 10:00:00,152630.0
Korea,2025-01-13 11:00:00,2025-01-13 11:00:00,156440.0
Korea,2025-01-13 12:00:00,2025-01-13 12:00:00,138260.0
Korea,2025-01-13 13:00:00,2025-01-13 13:00:00,138580.0
Korea,2025-01-13 14:00:00,2025-01-13 14:00:00,138580.0
Korea,2025-01-13 15:00:00,2025-01-13 15:00:00,138580.0
Korea,2025-01-13 16:00:00,2025-01-13 16:00:00,152650.0
Korea,2025-01-13 17:00:00,2025-01-13 17:00:00,138580.0
Korea,2025-01-13 18:00:00,2025-01-13 18:00:00,138570.0
Korea,2025-01-13 19:00:00,2025-01-13 19:00:00,138590.0
Korea,2025-01-13 20:00:00,2025-01-13 20:00:00,138570.0
Korea,2025-01-13 21:00:00,2025-01-13 21:00:00,136770.0
Korea,2025-01-13 22:00:00,2025-01-13 22:00:00,138490.0
Korea,2025-01-13 23:00:00,2025-01-13 23:00:00,114880.0
Korea,2025-01-14 00:00:00,2025-01-14 00:00:00,108130.0
Korea,2025-01-14 01:00:00,2025-01-14 01:00:00,104610.0
Korea,2025-01-14 02:00:00,2025-01-14 02:00:00,101750.0
Korea,2025-01-14 03:00:00,2025-01-14 03:00:00,101790.0
Korea,2025-01-14 04:00:00,2025-01-14 04:00:00,101700.0
Korea,2025-01-14 05:00:00,2025-01-14 05:00:00,101790.0
Korea,2025-01-14 06:00:00,2025-01-14 06:00:00,107340.0
Korea,2025-01-14 07:00:00,2025-01-14 07:00:00,136770.0
Korea,2025-01-14 08:00:00,2025-01-14 08:00:00,146510.0
Korea,2025-01-14 09:00:00,2025-01-14 09:00:00,154090.0
Korea,2025-01-14 10:00:00,2025-01-14 10:00:00,147330.0
Korea,2025-01-14 11:00:00,2025-01-14 11:00:00,146130.0
Korea,2025-01-14 12:00:00,2025-01-14 12:00:00,138800.0
Korea,2025-01-14 13:00:00,2025-01-14 13:00:00,139210.0
Korea,2025-01-14 14:00:00,2025-01-14 14:00:00,139210.0
Korea,2025-01-14 15:00:00,2025-01-14 15:00:00,139210.0
Korea,2025-01-14 16:00:00,2025-01-14 16:00:00,139220.0
Korea,2025-01-14 17:00:00,2025-01-14 17:00:00,139220.0
Korea,2025-01-14 18:00:00,2025-01-14 18:00:00,136790.0
Korea,2025-01-14 19:00:00,2025-01-14 19:00:00,136510.0
Korea,2025-01-14 20:00:00,2025-01-14 20:00:00,136770.0
Korea,2025-01-14 21:00:00,2025-01-14 21:00:00,136770.0
Korea,2025-01-14 22:00:00,2025-01-14 22:00:00,136770.0
Korea,2025-01-14 23:00:00,2025-01-14 23:00:00,114590.0
Korea,2025-01-15 00:00:00,2025-01-15 00:00:00,128590.0
Korea,2025-01-15 01:00:00,2025-01-15 01:00:00,106110.0
Korea,2025-01-15 02:00:00,2025-01-15 02:00:00,102000.0
Korea,2025-01-15 03:00:00,2025-01-15 03:00:00,101520.0
Korea,2025-01-15 04:00:00,2025-01-15 04:00:00,101580.0
Korea,2025-01-15 05:00:00,2025-01-15 05:00:00,101970.0
Korea,2025-01-15 06:00:00,2025-01-15 06:00:00,102140.0
Korea,2025-01-15 07:00:00,2025-01-15 07:00:00,131650.0
Korea,2025-01-15 08:00:00,2025-01-15 08:00:00,141810.0
Korea,2025-01-15 09:00:00,2025-01-15 09:00:00,148190.0
Korea,2025-01-15 10:00:00,2025-01-15 10:00:00,142180.0
Korea,2025-01-15 11:00:00,2025-01-15 11:00:00,142180.0
Korea,2025-01-15 12:00:00,2025-01-15 12:00:00,136980.0
Korea,2025-01-15 13:00:00,2025-01-15 13:00:00,137290.0
Korea,2025-01-15 14:00:00,2025-01-15 14:00:00,138860.0
Korea,2025-01-15 15:00:00,2025-01-15 15:00:00,138590.0
Korea,2025-01-15 16:00:00,2025-01-15 16:00:00,156350.0
Korea,2025-01-15 17:00:00,2025-01-15 17:00:00,138730.0
Korea,2025-01-15 18:00:00,2025-01-15 18:00:00,137180.0
Korea,2025-01-15 19:00:00,2025-01-15 19:00:00,137010.0
Korea,2025-01-15 20:00:00,2025-01-15 20:00:00,136240.0
Korea,2025-01-15 21:00:00,2025-01-15 21:00:00,121820.0
Korea,2025-01-15 22:00:00,2025-01-15 22:00:00,118140.0
Korea,2025-01-15 23:00:00,2025-01-15 23:00:00,121320.0
Korea,2025-01-16 00:00:00,2025-01-16 00:00:00,108070.0
Korea,2025-01-16 01:00:00,2025-01-16 01:00:00,106760.0
Korea,2025-01-16 02:00:00,2025-01-16 02:00:00,106340.0
Korea,2025-01-16 03:00:00,2025-01-16 03:00:00,101970.0
Korea,2025-01-16 04:00:00,2025-01-16 04:00:00,106760.0
Korea,2025-01-16 05:00:00,2025-01-16 05:00:00,102050.0
Korea,2025-01-16 06:00:00,2025-01-16 06:00:00,105250.0
Korea,2025-01-16 07:00:00,2025-01-16 07:00:00,136780.0
Korea,2025-01-16 08:00:00,2025-01-16 08:00:00,144480.0
Korea,2025-01-16 09:00:00,2025-01-16 09:00:00,157340.0
Korea,2025-01-16 10:00:00,2025-01-16 10:00:00,156670.0
Korea,2025-01-16 11:00:00,2025-01-16 11:00:00,148760.0
Korea,2025-01-16 12:00:00,2025-01-16 12:00:00,139150.0
Korea,2025-01-16 13:00:00,2025-01-16 13:00:00,139280.0
Korea,2025-01-16 14:00:00,2025-01-16 14:00:00,139280.0
Korea,2025-01-16 15:00:00,2025-01-16 15:00:00,139280.0
Korea,2025-01-16 16:00:00,2025-01-16 16:00:00,139290.0
Korea,2025-01-16 17:00:00,2025-01-16 17:00:00,138580.0
Korea,2025-01-16 18:00:00,2025-01-16 18:00:00,138380.0
Korea,2025-01-16 19:00:00,2025-01-16 19:00:00,138980.0
Korea,2025-01-16 20:00:00,2025-01-16 20:00:00,138570.0
Korea,2025-01-16 21:00:00,2025-01-16 21:00:00,136780.0
Korea,2025-01-16 22:00:00,2025-01-16 22:00:00,114490.0
Korea,2025-01-16 23:00:00,2025-01-16 23:00:00,114700.0
Korea,2025-01-17 00:00:00,2025-01-17 00:00:00,108260.0
Korea,2025-01-17 01:00:00,2025-01-17 01:00:00,115790.0
Korea,2025-01-17 02:00:00,2025-01-17 02:00:00,102000.0
Korea,2025-01-17 03:00:00,2025-01-17 03:00:00,101750.0
Korea,2025-01-17 04:00:00,2025-01-17 04:00:00,102000.0
Korea,2025-01-17 05:00:00,2025-01-17 05:00:00,106500.0
Korea,2025-01-17 06:00:00,2025-01-17 06:00:00,111060.0
Korea,2025-01-17 07:00:00,2025-01-17 07:00:00,138880.0
Korea,2025-01-17 08:00:00,2025-01-17 08:00:00,142970.0
Korea,2025-01-17 09:00:00,2025-01-17 09:00:00,158680.0
Korea,2025-01-17 10:00:00,2025-01-17 10:00:00,143170.0
Korea,2025-01-17 11:00:00,2025-01-17 11:00:00,145730.0
Korea,2025-01-17 12:00:00,2025-01-17 12:00:00,136230.0
Korea,2025-01-17 13:00:00,2025-01-17 13:00:00,136230.0
Korea,2025-01-17 14:00:00,2025-01-17 14:00:00,138880.0
Korea,2025-01-17 15:00:00,2025-01-17 15:00:00,138880.0
Korea,2025-01-17 16:00:00,2025-01-17 16:00:00,145730.0
Korea,2025-01-17 17:00:00,2025-01-17 17:00:00,145990.0
Korea,2025-01-17 18:00:00,2025-01-17 18:00:00,138570.0
Korea,2025-01-17 19:00:00,2025-01-17 19:00:00,136150.0
Korea,2025-01-17 20:00:00,2025-01-17 20:00:00,133560.0
Korea,2025-01-17 21:00:00,2025-01-17 21:00:00,129200.0
Korea,2025-01-17 22:00:00,2025-01-17 22:00:00,115620.0
Korea,2025-01-17 23:00:00,2025-01-17 23:00:00,114610.0
Korea,2025-01-18 00:00:00,2025-01-18 00:00:00,107960.0
Korea,2025-01-18 01:00:00,2025-01-18 01:00:00,106030.0
Korea,2025-01-18 02:00:00,2025-01-18 02:00:00,102250.0
Korea,2025-01-18 03:00:00,2025-01-18 03:00:00,102470.0
Korea,2025-01-18 04:00:00,2025-01-18 04:00:00,102110.0
Korea,2025-01-18 05:00:00,2025-01-18 05:00:00,102750.0
Korea,2025-01-18 06:00:00,2025-01-18 06:00:00,107330.0
Korea,2025-01-18 07:00:00,2025-01-18 07:00:00,107740.0
Korea,2025-01-18 08:00:00,2025-01-18 08:00:00,117540.0
Korea,2025-01-18 09:00:00,2025-01-18 09:00:00,138530.0
Korea,2025-01-18 10:00:00,2025-01-18 10:00:00,118720.0
Korea,2025-01-18 11:00:00,2025-01-18 11:00:00,118400.0
Korea,2025-01-18 12:00:00,2025-01-18 12:00:00,117240.0
Korea,2025-01-18 13:00:00,2025-01-18 13:00:00,117180.0
Korea,2025-01-18 14:00:00,2025-01-18 14:00:00,117630.0
Korea,2025-01-18 15:00:00,2025-01-18 15:00:00,117180.0
Korea,2025-01-18 16:00:00,2025-01-18 16:00:00,117660.0
Korea,2025-01-18 17:00:00,2025-01-18 17:00:00,117540.0
Korea,2025-01-18 18:00:00,2025-01-18 18:00:00,118450.0
Korea,2025-01-18 19:00:00,2025-01-18 19:00:00,118120.0
Korea,2025-01-18 20:00:00,2025-01-18 20:00:00,116450.0
Korea,2025-01-18 21:00:00,2025-01-18 21:00:00,107630.0
Korea,2025-01-18 22:00:00,2025-01-18 22:00:00,107630.0
Korea,2025-01-18 23:00:00,2025-01-18 23:00:00,107960.0
Korea,2025-01-19 00:00:00,2025-01-19 00:00:00,103360.0
Korea,2025-01-19 01:00:00,2025-01-19 01:00:00,102520.0
Korea,2025-01-19 02:00:00,2025-01-19 02:00:00,102550.0
Korea,2025-01-19 03:00:00,2025-01-19 03:00:00,102140.0
Korea,2025-01-19 04:00:00,2025-01-19 04:00:00,96060.0
Korea,2025-01-19 05:00:00,2025-01-19 05:00:00,84000.0
Korea,2025-01-19 06:00:00,2025-01-19 06:00:00,102380.0
Korea,2025-01-19 07:00:00,2025-01-19 07:00:00,103350.0
Korea,2025-01-19 08:00:00,2025-01-19 08:00:00,108180.0
Korea,2025-01-19 09:00:00,2025-01-19 09:00:00,109150.0
Korea,2025-01-19 10:00:00,2025-01-19 10:00:00,109090.0
Korea,2025-01-19 11:00:00,2025-01-19 11:00:00,108990.0
Korea,2025-01-19 12:00:00,2025-01-19 12:00:00,133530.0
Korea,2025-01-19 13:00:00,2025-01-19 13:00:00,106710.0
Korea,2025-01-19 14:00:00,2025-01-19 14:00:00,108940.0
Korea,2025-01-19 15:00:00,2025-01-19 15:00:00,108990.0
Korea,2025-01-19 16:00:00,2025-01-19 16:00:00,109040.0
Korea,2025-01-19 17:00:00,2025-01-19 17:00:00,118060.0
Korea,2025-01-19 18:00:00,2025-01-19 18:00:00,139270.0
Korea,2025-01-19 19:00:00,2025-01-19 19:00:00,119110.0
Korea,2025-01-19 20:00:00,2025-01-19 20:00:00,113440.0
Korea,2025-01-19 21:00:00,2025-01-19 21:00:00,107740.0
Korea,2025-01-19 22:00:00,2025-01-19 22:00:00,108380.0
Korea,2025-01-19 23:00:00,2025-01-19 23:00:00,108400.0
Korea,2025-01-20 00:00:00,2025-01-20 00:00:00,117610.0
Korea,2025-01-20 01:00:00,2025-01-20 01:00:00,80300.0
Korea,2025-01-20 02:00:00,2025-01-20 02:00:00,80300.0
Korea,2025-01-20 03:00:00,2025-01-20 03:00:00,80300.0
Korea,2025-01-20 04:00:00,2025-01-20 04:00:00,80300.0
Korea,2025-01-20 05:00:00,2025-01-20 05:00:00,95310.0
Korea,2025-01-20 06:00:00,2025-01-20 06:00:00,101840.0
Korea,2025-01-20 07:00:00,2025-01-20 07:00:00,116050.0
Korea,2025-01-20 08:00:00,2025-01-20 08:00:00,138590.0
Korea,2025-01-20 09:00:00,2025-01-20 09:00:00,153410.0
Korea,2025-01-20 10:00:00,2025-01-20 10:00:00,165680.0
Korea,2025-01-20 11:00:00,2025-01-20 11:00:00,164500.0
Korea,2025-01-20 12:00:00,2025-01-20 12:00:00,138620.0
Korea,2025-01-20 13:00:00,2025-01-20 13:00:00,138620.0
Korea,2025-01-20 14:00:00,2025-01-20 14:00:00,138620.0
Korea,2025-01-20 15:00:00,2025-01-20 15:00:00,138590.0
Korea,2025-01-20 16:00:00,2025-01-20 16:00:00,138620.0
Korea,2025-01-20 17:00:00,2025-01-20 17:00:00,138590.0
Korea,2025-01-20 18:00:00,2025-01-20 18:00:00,136630.0
Korea,2025-01-20 19:00:00,2025-01-20 19:00:00,136560.0
Korea,2025-01-20 20:00:00,2025-01-20 20:00:00,132060.0
Korea,2025-01-20 21:00:00,2025-01-20 21:00:00,138570.0
Korea,2025-01-20 22:00:00,2025-01-20 22:00:00,117410.0
Korea,2025-01-20 23:00:00,2025-01-20 23:00:00,116840.0
Korea,2025-01-21 00:00:00,2025-01-21 00:00:00,107710.0
Korea,2025-01-21 01:00:00,2025-01-21 01:00:00,102010.0
Korea,2025-01-21 02:00:00,2025-01-21 02:00:00,102010.0
Korea,2025-01-21 03:00:00,2025-01-21 03:00:00,101750.0
Korea,2025-01-21 04:00:00,2025-01-21 04:00:00,101930.0
Korea,2025-01-21 05:00:00,2025-01-21 05:00:00,102330.0
Korea,2025-01-21 06:00:00,2025-01-21 06:00:00,113130.0
Korea,2025-01-21 07:00:00,2025-01-21 07:00:00,129580.0
Korea,2025-01-21 08:00:00,2025-01-21 08:00:00,145230.0
Korea,2025-01-21 09:00:00,2025-01-21 09:00:00,166260.0
Korea,2025-01-21 10:00:00,2025-01-21 10:00:00,152350.0
Korea,2025-01-21 11:00:00,2025-01-21 11:00:00,146530.0
Korea,2025-01-21 12:00:00,2025-01-21 12:00:00,136700.0
Korea,2025-01-21 13:00:00,2025-01-21 13:00:00,137420.0
Korea,2025-01-21 14:00:00,2025-01-21 14:00:00,137420.0
Korea,2025-01-21 15:00:00,2025-01-21 15:00:00,137720.0
Korea,2025-01-21 16:00:00,2025-01-21 16:00:00,138580.0
Korea,2025-01-21 17:00:00,2025-01-21 17:00:00,138620.0
Korea,2025-01-21 18:00:00,2025-01-21 18:00:00,136710.0
Korea,2025-01-21 19:00:00,2025-01-21 19:00:00,136720.0
Korea,2025-01-21 20:00:00,2025-01-21 20:00:00,136440.0
Korea,2025-01-21 21:00:00,2025-01-21 21:00:00,131720.0
Korea,2025-01-21 22:00:00,2025-01-21 22:00:00,129070.0
Korea,2025-01-21 23:00:00,2025-01-21 23:00:00,129580.0
Korea,2025-01-22 00:00:00,2025-01-22 00:00:00,110110.0
Korea,2025-01-22 01:00:00,2025-01-22 01:00:00,102030.0
Korea,2025-01-22 02:00:00,2025-01-22 02:00:00,101710.0
Korea,2025-01-22 03:00:00,2025-01-22 03:00:00,101840.0
Korea,2025-01-22 04:00:00,2025-01-22 04:00:00,102030.0
Korea,2025-01-22 05:00:00,2025-01-22 05:00:00,106560.0
Korea,2025-01-22 06:00:00,2025-01-22 06:00:00,107390.0
Korea,2025-01-22 07:00:00,2025-01-22 07:00:00,138880.0
Korea,2025-01-22 08:00:00,2025-01-22 08:00:00,144950.0
Korea,2025-01-22 09:00:00,2025-01-22 09:00:00,156440.0
Korea,2025-01-22 10:00:00,2025-01-22 10:00:00,155890.0
Korea,2025-01-22 11:00:00,2025-01-22 11:00:00,148760.0
Korea,2025-01-22 12:00:00,2025-01-22 12:00:00,138690.0
Korea,2025-01-22 13:00:00,2025-01-22 13:00:00,138770.0
Korea,2025-01-22 14:00:00,2025-01-22 14:00:00,138770.0
Korea,2025-01-22 15:00:00,2025-01-22 15:00:00,145890.0
Korea,2025-01-22 16:00:00,2025-01-22 16:00:00,138770.0
Korea,2025-01-22 17:00:00,2025-01-22 17:00:00,137090.0
Korea,2025-01-22 18:00:00,2025-01-22 18:00:00,136820.0
Korea,2025-01-22 19:00:00,2025-01-22 19:00:00,138980.0
Korea,2025-01-22 20:00:00,2025-01-22 20:00:00,138590.0
Korea,2025-01-22 21:00:00,2025-01-22 21:00:00,121720.0
Korea,2025-01-22 22:00:00,2025-01-22 22:00:00,115480.0
Korea,2025-01-22 23:00:00,2025-01-22 23:00:00,114680.0
Korea,2025-01-23 00:00:00,2025-01-23 00:00:00,108390.0
Korea,2025-01-23 01:00:00,2025-01-23 01:00:00,101620.0
Korea,2025-01-23 02:00:00,2025-01-23 02:00:00,101620.0
Korea,2025-01-23 03:00:00,2025-01-23 03:00:00,83710.0
Korea,2025-01-23 04:00:00,2025-01-23 04:00:00,101440.0
Korea,2025-01-23 05:00:00,2025-01-23 05:00:00,101860.0
Korea,2025-01-23 06:00:00,2025-01-23 06:00:00,106570.0
Korea,2025-01-23 07:00:00,2025-01-23 07:00:00,129700.0
Korea,2025-01-23 08:00:00,2025-01-23 08:00:00,141340.0
Korea,2025-01-23 09:00:00,2025-01-23 09:00:00,151450.0
Korea,2025-01-23 10:00:00,2025-01-23 10:00:00,143520.0
Korea,2025-01-23 11:00:00,2025-01-23 11:00:00,143250.0
Korea,2025-01-23 12:00:00,2025-01-23 12:00:00,136550.0
Korea,2025-01-23 13:00:00,2025-01-23 13:00:00,144220.0
Korea,2025-01-23 14:00:00,2025-01-23 14:00:00,138590.0
Korea,2025-01-23 15:00:00,2025-01-23 15:00:00,136770.0
Korea,2025-01-23 16:00:00,2025-01-23 16:00:00,138880.0
Korea,2025-01-23 17:00:00,2025-01-23 17:00:00,136770.0
Korea,2025-01-23 18:00:00,2025-01-23 18:00:00,136760.0
Korea,2025-01-23 19:00:00,2025-01-23 19:00:00,136770.0
Korea,2025-01-23 20:00:00,2025-01-23 20:00:00,136770.0
Korea,2025-01-23 21:00:00,2025-01-23 21:00:00,118470.0
Korea,2025-01-23 22:00:00,2025-01-23 22:00:00,118470.0
Korea,2025-01-23 23:00:00,2025-01-23 23:00:00,114830.0
Korea,2025-01-24 00:00:00,2025-01-24 00:00:00,118470.0
Korea,2025-01-24 01:00:00,2025-01-24 01:00:00,107850.0
Korea,2025-01-24 02:00:00,2025-01-24 02:00:00,102410.0
Korea,2025-01-24 03:00:00,2025-01-24 03:00:00,101780.0
Korea,2025-01-24 04:00:00,2025-01-24 04:00:00,101950.0
Korea,2025-01-24 05:00:00,2025-01-24 05:00:00,102310.0
Korea,2025-01-24 06:00:00,2025-01-24 06:00:00,108610.0
Korea,2025-01-24 07:00:00,2025-01-24 07:00:00,129700.0
Korea,2025-01-24 08:00:00,2025-01-24 08:00:00,138860.0
Korea,2025-01-24 09:00:00,2025-01-24 09:00:00,156440.0
Korea,2025-01-24 10:00:00,2025-01-24 10:00:00,153540.0
Korea,2025-01-24 11:00:00,2025-01-24 11:00:00,142930.0
Korea,2025-01-24 12:00:00,2025-01-24 12:00:00,137040.0
Korea,2025-01-24 13:00:00,2025-01-24 13:00:00,137040.0
Korea,2025-01-24 14:00:00,2025-01-24 14:00:00,138580.0
Korea,2025-01-24 15:00:00,2025-01-24 15:00:00,137040.0
Korea,2025-01-24 16:00:00,2025-01-24 16:00:00,138870.0
Korea,2025-01-24 17:00:00,2025-01-24 17:00:00,136740.0
Korea,2025-01-24 18:00:00,2025-01-24 18:00:00,139430.0
Korea,2025-01-24 19:00:00,2025-01-24 19:00:00,132840.0
Korea,2025-01-24 20:00:00,2025-01-24 20:00:00,118770.0
Korea,2025-01-24 21:00:00,2025-01-24 21:00:00,108610.0
Korea,2025-01-24 22:00:00,2025-01-24 22:00:00,118470.0
Korea,2025-01-24 23:00:00,2025-01-24 23:00:00,132760.0
Korea,2025-01-25 00:00:00,2025-01-25 00:00:00,128850.0
Korea,2025-01-25 01:00:00,2025-01-25 01:00:00,100770.0
Korea,2025-01-25 02:00:00,2025-01-25 02:00:00,107380.0
Korea,2025-01-25 03:00:00,2025-01-25 03:00:00,101330.0
Korea,2025-01-25 04:00:00,2025-01-25 04:00:00,99390.0
Korea,2025-01-25 05:00:00,2025-01-25 05:00:00,101370.0
Korea,2025-01-25 06:00:00,2025-01-25 06:00:00,117400.0
Korea,2025-01-25 07:00:00,2025-01-25 07:00:00,116260.0
Korea,2025-01-25 08:00:00,2025-01-25 08:00:00,118790.0
Korea,2025-01-25 09:00:00,2025-01-25 09:00:00,135880.0
Korea,2025-01-25 10:00:00,2025-01-25 10:00:00,151240.0
Korea,2025-01-25 11:00:00,2025-01-25 11:00:00,146350.0
Korea,2025-01-25 12:00:00,2025-01-25 12:00:00,128480.0
Korea,2025-01-25 13:00:00,2025-01-25 13:00:00,116600.0
Korea,2025-01-25 14:00:00,2025-01-25 14:00:00,116050.0
Korea,2025-01-25 15:00:00,2025-01-25 15:00:00,115780.0
Korea,2025-01-25 16:00:00,2025-01-25 16:00:00,120950.0
Korea,2025-01-25 17:00:00,2025-01-25 17:00:00,138610.0
Korea,2025-01-25 18:00:00,2025-01-25 18:00:00,138620.0
Korea,2025-01-25 19:00:00,2025-01-25 19:00:00,138620.0
Korea,2025-01-25 20:00:00,2025-01-25 20:00:00,117840.0
Korea,2025-01-25 21:00:00,2025-01-25 21:00:00,117490.0
Korea,2025-01-25 22:00:00,2025-01-25 22:00:00,116970.0
Korea,2025-01-25 23:00:00,2025-01-25 23:00:00,116470.0
Korea,2025-01-26 00:00:00,2025-01-26 00:00:00,118270.0
Korea,2025-01-26 01:00:00,2025-01-26 01:00:00,86290.0
Korea,2025-01-26 02:00:00,2025-01-26 02:00:00,82740.0
Korea,2025-01-26 03:00:00,2025-01-26 03:00:00,80920.0
Korea,2025-01-26 04:00:00,2025-01-26 04:00:00,80920.0
Korea,2025-01-26 05:00:00,2025-01-26 05:00:00,81100.0
Korea,2025-01-26 06:00:00,2025-01-26 06:00:00,83080.0
Korea,2025-01-26 07:00:00,2025-01-26 07:00:00,98480.0
Korea,2025-01-26 08:00:00,2025-01-26 08:00:00,106560.0
Korea,2025-01-26 09:00:00,2025-01-26 09:00:00,117720.0
Korea,2025-01-26 10:00:00,2025-01-26 10:00:00,147050.0
Korea,2025-01-26 11:00:00,2025-01-26 11:00:00,139370.0
Korea,2025-01-26 12:00:00,2025-01-26 12:00:00,118640.0
Korea,2025-01-26 13:00:00,2025-01-26 13:00:00,120920.0
Korea,2025-01-26 14:00:00,2025-01-26 14:00:00,120950.0
Korea,2025-01-26 15:00:00,2025-01-26 15:00:00,117620.0
Korea,2025-01-26 16:00:00,2025-01-26 16:00:00,117620.0
Korea,2025-01-26 17:00:00,2025-01-26 17:00:00,117450.0
Korea,2025-01-26 18:00:00,2025-01-26 18:00:00,117730.0
Korea,2025-01-26 19:00:00,2025-01-26 19:00:00,117720.0
Korea,2025-01-26 20:00:00,2025-01-26 20:00:00,116400.0
Korea,2025-01-26 21:00:00,2025-01-26 21:00:00,116300.0
Korea,2025-01-26 22:00:00,2025-01-26 22:00:00,117070.0
Korea,2025-01-26 23:00:00,2025-01-26 23:00:00,115880.0
Korea,2025-01-27 00:00:00,2025-01-27 00:00:00,96720.0
Korea,2025-01-27 01:00:00,2025-01-27 01:00:00,85160.0
Korea,2025-01-27 02:00:00,2025-01-27 02:00:00,80920.0
Korea,2025-01-27 03:00:00,2025-01-27 03:00:00,80920.0
Korea,2025-01-27 04:00:00,2025-01-27 04:00:00,80920.0
Korea,2025-01-27 05:00:00,2025-01-27 05:00:00,100110.0
Korea,2025-01-27 06:00:00,2025-01-27 06:00:00,104210.0
Korea,2025-01-27 07:00:00,2025-01-27 07:00:00,108260.0
Korea,2025-01-27 08:00:00,2025-01-27 08:00:00,118300.0
Korea,2025-01-27 09:00:00,2025-01-27 09:00:00,139360.0
Korea,2025-01-27 10:00:00,2025-01-27 10:00:00,142980.0
Korea,2025-01-27 11:00:00,2025-01-27 11:00:00,154930.0
Korea,2025-01-27 12:00:00,2025-01-27 12:00:00,141330.0
Korea,2025-01-27 13:00:00,2025-01-27 13:00:00,134230.0
Korea,2025-01-27 14:00:00,2025-01-27 14:00:00,133680.0
Korea,2025-01-27 15:00:00,2025-01-27 15:00:00,132510.0
Korea,2025-01-27 16:00:00,2025-01-27 16:00:00,132510.0
Korea,2025-01-27 17:00:00,2025-01-27 17:00:00,133240.0
Korea,2025-01-27 18:00:00,2025-01-27 18:00:00,139350.0
Korea,2025-01-27 19:00:00,2025-01-27 19:00:00,132520.0
Korea,2025-01-27 20:00:00,2025-01-27 20:00:00,118300.0
Korea,2025-01-27 21:00:00,2025-01-27 21:00:00,121620.0
Korea,2025-01-27 22:00:00,2025-01-27 22:00:00,114250.0
Korea,2025-01-27 23:00:00,2025-01-27 23:00:00,104600.0
Korea,2025-01-28 00:00:00,2025-01-28 00:00:00,96060.0
Korea,2025-01-28 01:00:00,2025-01-28 01:00:00,82260.0
Korea,2025-01-28 02:00:00,2025-01-28 02:00:00,80920.0
Korea,2025-01-28 03:00:00,2025-01-28 03:00:00,80920.0
Korea,2025-01-28 04:00:00,2025-01-28 04:00:00,80920.0
Korea,2025-01-28 05:00:00,2025-01-28 05:00:00,81770.0
Korea,2025-01-28 06:00:00,2025-01-28 06:00:00,83350.0
Korea,2025-01-28 07:00:00,2025-01-28 07:00:00,83350.0
Korea,2025-01-28 08:00:00,2025-01-28 08:00:00,80330.0
Korea,2025-01-28 09:00:00,2025-01-28 09:00:00,79870.0
Korea,2025-01-28 10:00:00,2025-01-28 10:00:00,78510.0
Korea,2025-01-28 11:00:00,2025-01-28 11:00:00,78510.0
Korea,2025-01-28 12:00:00,2025-01-28 12:00:00,78510.0
Korea,2025-01-28 13:00:00,2025-01-28 13:00:00,78510.0
Korea,2025-01-28 14:00:00,2025-01-28 14:00:00,78510.0
Korea,2025-01-28 15:00:00,2025-01-28 15:00:00,79870.0
Korea,2025-01-28 16:00:00,2025-01-28 16:00:00,80330.0
Korea,2025-01-28 17:00:00,2025-01-28 17:00:00,80330.0
Korea,2025-01-28 18:00:00,2025-01-28 18:00:00,88530.0
Korea,2025-01-28 19:00:00,2025-01-28 19:00:00,88530.0
Korea,2025-01-28 20:00:00,2025-01-28 20:00:00,88530.0
Korea,2025-01-28 21:00:00,2025-01-28 21:00:00,88530.0
Korea,2025-01-28 22:00:00,2025-01-28 22:00:00,88530.0
Korea,2025-01-28 23:00:00,2025-01-28 23:00:00,88530.0
Korea,2025-01-29 00:00:00,2025-01-29 00:00:00,95740.0
Korea,2025-01-29 01:00:00,2025-01-29 01:00:00,77880.0
Korea,2025-01-29 02:00:00,2025-01-29 02:00:00,77070.0
Korea,2025-01-29 03:00:00,2025-01-29 03:00:00,77070.0
Korea,2025-01-29 04:00:00,2025-01-29 04:00:00,77070.0
Korea,2025-01-29 05:00:00,2025-01-29 05:00:00,77070.0
Korea,2025-01-29 06:00:00,2025-01-29 06:00:00,80070.0
Korea,2025-01-29 07:00:00,2025-01-29 07:00:00,80070.0
Korea,2025-01-29 08:00:00,2025-01-29 08:00:00,77490.0
Korea,2025-01-29 09:00:00,2025-01-29 09:00:00,76680.0
Korea,2025-01-29 10:00:00,2025-01-29 10:00:00,70920.0
Korea,2025-01-29 11:00:00,2025-01-29 11:00:00,70920.0
Korea,2025-01-29 12:00:00,2025-01-29 12:00:00,6690.0
Korea,2025-01-29 13:00:00,2025-01-29 13:00:00,70920.0
Korea,2025-01-29 14:00:00,2025-01-29 14:00:00,70920.0
Korea,2025-01-29 15:00:00,2025-01-29 15:00:00,70920.0
Korea,2025-01-29 16:00:00,2025-01-29 16:00:00,76680.0
Korea,2025-01-29 17:00:00,2025-01-29 17:00:00,96710.0
Korea,2025-01-29 18:00:00,2025-01-29 18:00:00,97630.0
Korea,2025-01-29 19:00:00,2025-01-29 19:00:00,97630.0
Korea,2025-01-29 20:00:00,2025-01-29 20:00:00,97630.0
Korea,2025-01-29 21:00:00,2025-01-29 21:00:00,97630.0
Korea,2025-01-29 22:00:00,2025-01-29 22:00:00,97630.0
Korea,2025-01-29 23:00:00,2025-01-29 23:00:00,97630.0
Korea,2025-01-30 00:00:00,2025-01-30 00:00:00,97630.0
Korea,2025-01-30 01:00:00,2025-01-30 01:00:00,85810.0
Korea,2025-01-30 02:00:00,2025-01-30 02:00:00,81140.0
Korea,2025-01-30 03:00:00,2025-01-30 03:00:00,79870.0
Korea,2025-01-30 04:00:00,2025-01-30 04:00:00,79870.0
Korea,2025-01-30 05:00:00,2025-01-30 05:00:00,97630.0
Korea,2025-01-30 06:00:00,2025-01-30 06:00:00,97630.0
Korea,2025-01-30 07:00:00,2025-01-30 07:00:00,97630.0
Korea,2025-01-30 08:00:00,2025-01-30 08:00:00,97630.0
Korea,2025-01-30 09:00:00,2025-01-30 09:00:00,107700.0
Korea,2025-01-30 10:00:00,2025-01-30 10:00:00,109310.0
Korea,2025-01-30 11:00:00,2025-01-30 11:00:00,109280.0
Korea,2025-01-30 12:00:00,2025-01-30 12:00:00,109390.0
Korea,2025-01-30 13:00:00,2025-01-30 13:00:00,103700.0
Korea,2025-01-30 14:00:00,2025-01-30 14:00:00,98470.0
Korea,2025-01-30 15:00:00,2025-01-30 15:00:00,76680.0
Korea,2025-01-30 16:00:00,2025-01-30 16:00:00,98420.0
Korea,2025-01-30 17:00:00,2025-01-30 17:00:00,104300.0
Korea,2025-01-30 18:00:00,2025-01-30 18:00:00,104620.0
Korea,2025-01-30 19:00:00,2025-01-30 19:00:00,104620.0
Korea,2025-01-30 20:00:00,2025-01-30 20:00:00,104620.0
Korea,2025-01-30 21:00:00,2025-01-30 21:00:00,104620.0
Korea,2025-01-30 22:00:00,2025-01-30 22:00:00,104440.0
Korea,2025-01-30 23:00:00,2025-01-30 23:00:00,104460.0
Korea,2025-01-31 00:00:00,2025-01-31 00:00:00,115340.0
Korea,2025-01-31 01:00:00,2025-01-31 01:00:00,81960.0
Korea,2025-01-31 02:00:00,2025-01-31 02:00:00,81790.0
Korea,2025-01-31 03:00:00,2025-01-31 03:00:00,81060.0
Korea,2025-01-31 04:00:00,2025-01-31 04:00:00,81130.0
Korea,2025-01-31 05:00:00,2025-01-31 05:00:00,81960.0
Korea,2025-01-31 06:00:00,2025-01-31 06:00:00,101630.0
Korea,2025-01-31 07:00:00,2025-01-31 07:00:00,108270.0
Korea,2025-01-31 08:00:00,2025-01-31 08:00:00,151510.0
Korea,2025-01-31 09:00:00,2025-01-31 09:00:00,164380.0
Korea,2025-01-31 10:00:00,2025-01-31 10:00:00,155330.0
Korea,2025-01-31 11:00:00,2025-01-31 11:00:00,150480.0
Korea,2025-01-31 12:00:00,2025-01-31 12:00:00,136630.0
Korea,2025-01-31 13:00:00,2025-01-31 13:00:00,138880.0
Korea,2025-01-31 14:00:00,2025-01-31 14:00:00,136630.0
Korea,2025-01-31 15:00:00,2025-01-31 15:00:00,136630.0
Korea,2025-01-31 16:00:00,2025-01-31 16:00:00,136360.0
Korea,2025-01-31 17:00:00,2025-01-31 17:00:00,133090.0
Korea,2025-01-31 18:00:00,2025-01-31 18:00:00,133170.0
Korea,2025-01-31 19:00:00,2025-01-31 19:00:00,132450.0
Korea,2025-01-31 20:00:00,2025-01-31 20:00:00,138580.0
Korea,2025-01-31 21:00:00,2025-01-31 21:00:00,114600.0
Korea,2025-01-31 22:00:00,2025-01-31 22:00:00,116300.0
Korea,2025-01-31 23:00:00,2025-01-31 23:00:00,107330.0
Korea,2025-02-01 00:00:00,2025-02-01 00:00:00,103210.0
Korea,2025-02-01 01:00:00,2025-02-01 01:00:00,98710.0
Korea,2025-02-01 02:00:00,2025-02-01 02:00:00,82770.0
Korea,2025-02-01 03:00:00,2025-02-01 03:00:00,82770.0
Korea,2025-02-01 04:00:00,2025-02-01 04:00:00,82770.0
Korea,2025-02-01 05:00:00,2025-02-01 05:00:00,82770.0
Korea,2025-02-01 06:00:00,2025-02-01 06:00:00,84470.0
Korea,2025-02-01 07:00:00,2025-02-01 07:00:00,84470.0
Korea,2025-02-01 08:00:00,2025-02-01 08:00:00,99510.0
Korea,2025-02-01 09:00:00,2025-02-01 09:00:00,105950.0
Korea,2025-02-01 10:00:00,2025-02-01 10:00:00,132560.0
Korea,2025-02-01 11:00:00,2025-02-01 11:00:00,151160.0
Korea,2025-02-01 12:00:00,2025-02-01 12:00:00,113570.0
Korea,2025-02-01 13:00:00,2025-02-01 13:00:00,110310.0
Korea,2025-02-01 14:00:00,2025-02-01 14:00:00,104880.0
Korea,2025-02-01 15:00:00,2025-02-01 15:00:00,104970.0
Korea,2025-02-01 16:00:00,2025-02-01 16:00:00,105010.0
Korea,2025-02-01 17:00:00,2025-02-01 17:00:00,103660.0
Korea,2025-02-01 18:00:00,2025-02-01 18:00:00,103600.0
Korea,2025-02-01 19:00:00,2025-02-01 19:00:00,103410.0
Korea,2025-02-01 20:00:00,2025-02-01 20:00:00,103230.0
Korea,2025-02-01 21:00:00,2025-02-01 21:00:00,100170.0
Korea,2025-02-01 22:00:00,2025-02-01 22:00:00,99920.0
Korea,2025-02-01 23:00:00,2025-02-01 23:00:00,100370.0
Korea,2025-02-02 00:00:00,2025-02-02 00:00:00,96380.0
Korea,2025-02-02 01:00:00,2025-02-02 01:00:00,82910.0
Korea,2025-02-02 02:00:00,2025-02-02 02:00:00,82000.0
Korea,2025-02-02 03:00:00,2025-02-02 03:00:00,81270.0
Korea,2025-02-02 04:00:00,2025-02-02 04:00:00,81270.0
Korea,2025-02-02 05:00:00,2025-02-02 05:00:00,81400.0
Korea,2025-02-02 06:00:00,2025-02-02 06:00:00,82940.0
Korea,2025-02-02 07:00:00,2025-02-02 07:00:00,82940.0
Korea,2025-02-02 08:00:00,2025-02-02 08:00:00,95270.0
Korea,2025-02-02 09:00:00,2025-02-02 09:00:00,98130.0
Korea,2025-02-02 10:00:00,2025-02-02 10:00:00,100700.0
Korea,2025-02-02 11:00:00,2025-02-02 11:00:00,100740.0
Korea,2025-02-02 12:00:00,2025-02-02 12:00:00,100590.0
Korea,2025-02-02 13:00:00,2025-02-02 13:00:00,100740.0
Korea,2025-02-02 14:00:00,2025-02-02 14:00:00,106290.0
Korea,2025-02-02 15:00:00,2025-02-02 15:00:00,106300.0
Korea,2025-02-02 16:00:00,2025-02-02 16:00:00,105900.0
Korea,2025-02-02 17:00:00,2025-02-02 17:00:00,106210.0
Korea,2025-02-02 18:00:00,2025-02-02 18:00:00,105960.0
Korea,2025-02-02 19:00:00,2025-02-02 19:00:00,100740.0
Korea,2025-02-02 20:00:00,2025-02-02 20:00:00,100740.0
Korea,2025-02-02 21:00:00,2025-02-02 21:00:00,99790.0
Korea,2025-02-02 22:00:00,2025-02-02 22:00:00,98130.0
Korea,2025-02-02 23:00:00,2025-02-02 23:00:00,97320.0
Korea,2025-02-03 00:00:00,2025-02-03 00:00:00,102150.0
Korea,2025-02-03 01:00:00,2025-02-03 01:00:00,80550.0
Korea,2025-02-03 02:00:00,2025-02-03 02:00:00,80550.0
Korea,2025-02-03 03:00:00,2025-02-03 03:00:00,80550.0
Korea,2025-02-03 04:00:00,2025-02-03 04:00:00,80550.0
Korea,2025-02-03 05:00:00,2025-02-03 05:00:00,80550.0
Korea,2025-02-03 06:00:00,2025-02-03 06:00:00,86780.0
Korea,2025-02-03 07:00:00,2025-02-03 07:00:00,109480.0
Korea,2025-02-03 08:00:00,2025-02-03 08:00:00,142190.0
Korea,2025-02-03 09:00:00,2025-02-03 09:00:00,157570.0
Korea,2025-02-03 10:00:00,2025-02-03 10:00:00,151410.0
Korea,2025-02-03 11:00:00,2025-02-03 11:00:00,133910.0
Korea,2025-02-03 12:00:00,2025-02-03 12:00:00,133050.0
Korea,2025-02-03 13:00:00,2025-02-03 13:00:00,133580.0
Korea,2025-02-03 14:00:00,2025-02-03 14:00:00,131320.0
Korea,2025-02-03 15:00:00,2025-02-03 15:00:00,132920.0
Korea,2025-02-03 16:00:00,2025-02-03 16:00:00,132920.0
Korea,2025-02-03 17:00:00,2025-02-03 17:00:00,132920.0
Korea,2025-02-03 18:00:00,2025-02-03 18:00:00,133910.0
Korea,2025-02-03 19:00:00,2025-02-03 19:00:00,133910.0
Korea,2025-02-03 20:00:00,2025-02-03 20:00:00,114520.0
Korea,2025-02-03 21:00:00,2025-02-03 21:00:00,102780.0
Korea,2025-02-03 22:00:00,2025-02-03 22:00:00,99720.0
Korea,2025-02-03 23:00:00,2025-02-03 23:00:00,99160.0
Korea,2025-02-04 00:00:00,2025-02-04 00:00:00,105070.0
Korea,2025-02-04 01:00:00,2025-02-04 01:00:00,102150.0
Korea,2025-02-04 02:00:00,2025-02-04 02:00:00,84440.0
Korea,2025-02-04 03:00:00,2025-02-04 03:00:00,84440.0
Korea,2025-02-04 04:00:00,2025-02-04 04:00:00,84440.0
Korea,2025-02-04 05:00:00,2025-02-04 05:00:00,102150.0
Korea,2025-02-04 06:00:00,2025-02-04 06:00:00,99280.0
Korea,2025-02-04 07:00:00,2025-02-04 07:00:00,129790.0
Korea,2025-02-04 08:00:00,2025-02-04 08:00:00,134800.0
Korea,2025-02-04 09:00:00,2025-02-04 09:00:00,236550.0
Korea,2025-02-04 10:00:00,2025-02-04 10:00:00,159360.0
Korea,2025-02-04 11:00:00,2025-02-04 11:00:00,133780.0
Korea,2025-02-04 12:00:00,2025-02-04 12:00:00,130600.0
Korea,2025-02-04 13:00:00,2025-02-04 13:00:00,133520.0
Korea,2025-02-04 14:00:00,2025-02-04 14:00:00,133770.0
Korea,2025-02-04 15:00:00,2025-02-04 15:00:00,141760.0
Korea,2025-02-04 16:00:00,2025-02-04 16:00:00,134090.0
Korea,2025-02-04 17:00:00,2025-02-04 17:00:00,134150.0
Korea,2025-02-04 18:00:00,2025-02-04 18:00:00,134570.0
Korea,2025-02-04 19:00:00,2025-02-04 19:00:00,134570.0
Korea,2025-02-04 20:00:00,2025-02-04 20:00:00,134800.0
Korea,2025-02-04 21:00:00,2025-02-04 21:00:00,130010.0
Korea,2025-02-04 22:00:00,2025-02-04 22:00:00,130020.0
Korea,2025-02-04 23:00:00,2025-02-04 23:00:00,113790.0
Korea,2025-02-05 00:00:00,2025-02-05 00:00:00,106940.0
Korea,2025-02-05 01:00:00,2025-02-05 01:00:00,96770.0
Korea,2025-02-05 02:00:00,2025-02-05 02:00:00,84440.0
Korea,2025-02-05 03:00:00,2025-02-05 03:00:00,84440.0
Korea,2025-02-05 04:00:00,2025-02-05 04:00:00,84440.0
Korea,2025-02-05 05:00:00,2025-02-05 05:00:00,98110.0
Korea,2025-02-05 06:00:00,2025-02-05 06:00:00,109770.0
Korea,2025-02-05 07:00:00,2025-02-05 07:00:00,111860.0
Korea,2025-02-05 08:00:00,2025-02-05 08:00:00,139870.0
Korea,2025-02-05 09:00:00,2025-02-05 09:00:00,148180.0
Korea,2025-02-05 10:00:00,2025-02-05 10:00:00,150830.0
Korea,2025-02-05 11:00:00,2025-02-05 11:00:00,138840.0
Korea,2025-02-05 12:00:00,2025-02-05 12:00:00,132350.0
Korea,2025-02-05 13:00:00,2025-02-05 13:00:00,133910.0
Korea,2025-02-05 14:00:00,2025-02-05 14:00:00,133580.0
Korea,2025-02-05 15:00:00,2025-02-05 15:00:00,142000.0
Korea,2025-02-05 16:00:00,2025-02-05 16:00:00,133580.0
Korea,2025-02-05 17:00:00,2025-02-05 17:00:00,132240.0
Korea,2025-02-05 18:00:00,2025-02-05 18:00:00,132240.0
Korea,2025-02-05 19:00:00,2025-02-05 19:00:00,127040.0
Korea,2025-02-05 20:00:00,2025-02-05 20:00:00,131100.0
Korea,2025-02-05 21:00:00,2025-02-05 21:00:00,112430.0
Korea,2025-02-05 22:00:00,2025-02-05 22:00:00,105930.0
Korea,2025-02-05 23:00:00,2025-02-05 23:00:00,105700.0
Korea,2025-02-06 00:00:00,2025-02-06 00:00:00,105980.0
Korea,2025-02-06 01:00:00,2025-02-06 01:00:00,97980.0
Korea,2025-02-06 02:00:00,2025-02-06 02:00:00,97720.0
Korea,2025-02-06 03:00:00,2025-02-06 03:00:00,84440.0
Korea,2025-02-06 04:00:00,2025-02-06 04:00:00,95690.0
Korea,2025-02-06 05:00:00,2025-02-06 05:00:00,98290.0
Korea,2025-02-06 06:00:00,2025-02-06 06:00:00,105340.0
Korea,2025-02-06 07:00:00,2025-02-06 07:00:00,114590.0
Korea,2025-02-06 08:00:00,2025-02-06 08:00:00,141120.0
Korea,2025-02-06 09:00:00,2025-02-06 09:00:00,154520.0
Korea,2025-02-06 10:00:00,2025-02-06 10:00:00,153300.0
Korea,2025-02-06 11:00:00,2025-02-06 11:00:00,134440.0
Korea,2025-02-06 12:00:00,2025-02-06 12:00:00,131170.0
Korea,2025-02-06 13:00:00,2025-02-06 13:00:00,133220.0
Korea,2025-02-06 14:00:00,2025-02-06 14:00:00,139760.0
Korea,2025-02-06 15:00:00,2025-02-06 15:00:00,132800.0
Korea,2025-02-06 16:00:00,2025-02-06 16:00:00,142190.0
Korea,2025-02-06 17:00:00,2025-02-06 17:00:00,133510.0
Korea,2025-02-06 18:00:00,2025-02-06 18:00:00,134000.0
Korea,2025-02-06 19:00:00,2025-02-06 19:00:00,126080.0
Korea,2025-02-06 20:00:00,2025-02-06 20:00:00,131930.0
Korea,2025-02-06 21:00:00,2025-02-06 21:00:00,112510.0
Korea,2025-02-06 22:00:00,2025-02-06 22:00:00,102230.0
Korea,2025-02-06 23:00:00,2025-02-06 23:00:00,107900.0
Korea,2025-02-07 00:00:00,2025-02-07 00:00:00,112430.0
Korea,2025-02-07 01:00:00,2025-02-07 01:00:00,101970.0
Korea,2025-02-07 02:00:00,2025-02-07 02:00:00,98560.0
Korea,2025-02-07 03:00:00,2025-02-07 03:00:00,98140.0
Korea,2025-02-07 04:00:00,2025-02-07 04:00:00,98130.0
Korea,2025-02-07 05:00:00,2025-02-07 05:00:00,98550.0
Korea,2025-02-07 06:00:00,2025-02-07 06:00:00,111770.0
Korea,2025-02-07 07:00:00,2025-02-07 07:00:00,113730.0
Korea,2025-02-07 08:00:00,2025-02-07 08:00:00,136650.0
Korea,2025-02-07 09:00:00,2025-02-07 09:00:00,159170.0
Korea,2025-02-07 10:00:00,2025-02-07 10:00:00,149170.0
Korea,2025-02-07 11:00:00,2025-02-07 11:00:00,142600.0
Korea,2025-02-07 12:00:00,2025-02-07 12:00:00,131720.0
Korea,2025-02-07 13:00:00,2025-02-07 13:00:00,136200.0
Korea,2025-02-07 14:00:00,2025-02-07 14:00:00,136430.0
Korea,2025-02-07 15:00:00,2025-02-07 15:00:00,151020.0
Korea,2025-02-07 16:00:00,2025-02-07 16:00:00,136650.0
Korea,2025-02-07 17:00:00,2025-02-07 17:00:00,136650.0
Korea,2025-02-07 18:00:00,2025-02-07 18:00:00,134800.0
Korea,2025-02-07 19:00:00,2025-02-07 19:00:00,131510.0
Korea,2025-02-07 20:00:00,2025-02-07 20:00:00,130100.0
Korea,2025-02-07 21:00:00,2025-02-07 21:00:00,129660.0
Korea,2025-02-07 22:00:00,2025-02-07 22:00:00,129780.0
Korea,2025-02-07 23:00:00,2025-02-07 23:00:00,128800.0
Korea,2025-02-08 00:00:00,2025-02-08 00:00:00,113070.0
Korea,2025-02-08 01:00:00,2025-02-08 01:00:00,112790.0
Korea,2025-02-08 02:00:00,2025-02-08 02:00:00,99340.0
Korea,2025-02-08 03:00:00,2025-02-08 03:00:00,98790.0
Korea,2025-02-08 04:00:00,2025-02-08 04:00:00,98670.0
Korea,2025-02-08 05:00:00,2025-02-08 05:00:00,101600.0
Korea,2025-02-08 06:00:00,2025-02-08 06:00:00,112300.0
Korea,2025-02-08 07:00:00,2025-02-08 07:00:00,113490.0
Korea,2025-02-08 08:00:00,2025-02-08 08:00:00,115530.0
Korea,2025-02-08 09:00:00,2025-02-08 09:00:00,132780.0
Korea,2025-02-08 10:00:00,2025-02-08 10:00:00,134800.0
Korea,2025-02-08 11:00:00,2025-02-08 11:00:00,134800.0
Korea,2025-02-08 12:00:00,2025-02-08 12:00:00,127280.0
Korea,2025-02-08 13:00:00,2025-02-08 13:00:00,127280.0
Korea,2025-02-08 14:00:00,2025-02-08 14:00:00,115540.0
Korea,2025-02-08 15:00:00,2025-02-08 15:00:00,115540.0
Korea,2025-02-08 16:00:00,2025-02-08 16:00:00,124410.0
Korea,2025-02-08 17:00:00,2025-02-08 17:00:00,115550.0
Korea,2025-02-08 18:00:00,2025-02-08 18:00:00,142050.0
Korea,2025-02-08 19:00:00,2025-02-08 19:00:00,132490.0
Korea,2025-02-08 20:00:00,2025-02-08 20:00:00,128310.0
Korea,2025-02-08 21:00:00,2025-02-08 21:00:00,114240.0
Korea,2025-02-08 22:00:00,2025-02-08 22:00:00,113560.0
Korea,2025-02-08 23:00:00,2025-02-08 23:00:00,114880.0
Korea,2025-02-09 00:00:00,2025-02-09 00:00:00,103410.0
Korea,2025-02-09 01:00:00,2025-02-09 01:00:00,99270.0
Korea,2025-02-09 02:00:00,2025-02-09 02:00:00,99080.0
Korea,2025-02-09 03:00:00,2025-02-09 03:00:00,82990.0
Korea,2025-02-09 04:00:00,2025-02-09 04:00:00,82990.0
Korea,2025-02-09 05:00:00,2025-02-09 05:00:00,98460.0
Korea,2025-02-09 06:00:00,2025-02-09 06:00:00,99150.0
Korea,2025-02-09 07:00:00,2025-02-09 07:00:00,102610.0
Korea,2025-02-09 08:00:00,2025-02-09 08:00:00,103480.0
Korea,2025-02-09 09:00:00,2025-02-09 09:00:00,103740.0
Korea,2025-02-09 10:00:00,2025-02-09 10:00:00,106340.0
Korea,2025-02-09 11:00:00,2025-02-09 11:00:00,103740.0
Korea,2025-02-09 12:00:00,2025-02-09 12:00:00,104560.0
Korea,2025-02-09 13:00:00,2025-02-09 13:00:00,103740.0
Korea,2025-02-09 14:00:00,2025-02-09 14:00:00,103640.0
Korea,2025-02-09 15:00:00,2025-02-09 15:00:00,102950.0
Korea,2025-02-09 16:00:00,2025-02-09 16:00:00,103740.0
Korea,2025-02-09 17:00:00,2025-02-09 17:00:00,106230.0
Korea,2025-02-09 18:00:00,2025-02-09 18:00:00,111850.0
Korea,2025-02-09 19:00:00,2025-02-09 19:00:00,108840.0
Korea,2025-02-09 20:00:00,2025-02-09 20:00:00,103480.0
Korea,2025-02-09 21:00:00,2025-02-09 21:00:00,103480.0
Korea,2025-02-09 22:00:00,2025-02-09 22:00:00,103480.0
Korea,2025-02-09 23:00:00,2025-02-09 23:00:00,103480.0
Korea,2025-02-10 00:00:00,2025-02-10 00:00:00,105620.0
Korea,2025-02-10 01:00:00,2025-02-10 01:00:00,81000.0
Korea,2025-02-10 02:00:00,2025-02-10 02:00:00,80920.0
Korea,2025-02-10 03:00:00,2025-02-10 03:00:00,80730.0
Korea,2025-02-10 04:00:00,2025-02-10 04:00:00,80850.0
Korea,2025-02-10 05:00:00,2025-02-10 05:00:00,81000.0
Korea,2025-02-10 06:00:00,2025-02-10 06:00:00,88040.0
Korea,2025-02-10 07:00:00,2025-02-10 07:00:00,108960.0
Korea,2025-02-10 08:00:00,2025-02-10 08:00:00,142190.0
Korea,2025-02-10 09:00:00,2025-02-10 09:00:00,154520.0
Korea,2025-02-10 10:00:00,2025-02-10 10:00:00,157070.0
Korea,2025-02-10 11:00:00,2025-02-10 11:00:00,152000.0
Korea,2025-02-10 12:00:00,2025-02-10 12:00:00,130300.0
Korea,2025-02-10 13:00:00,2025-02-10 13:00:00,132550.0
Korea,2025-02-10 14:00:00,2025-02-10 14:00:00,130300.0
Korea,2025-02-10 15:00:00,2025-02-10 15:00:00,130300.0
Korea,2025-02-10 16:00:00,2025-02-10 16:00:00,141240.0
Korea,2025-02-10 17:00:00,2025-02-10 17:00:00,132790.0
Korea,2025-02-10 18:00:00,2025-02-10 18:00:00,131300.0
Korea,2025-02-10 19:00:00,2025-02-10 19:00:00,130000.0
Korea,2025-02-10 20:00:00,2025-02-10 20:00:00,125850.0
Korea,2025-02-10 21:00:00,2025-02-10 21:00:00,113900.0
Korea,2025-02-10 22:00:00,2025-02-10 22:00:00,132550.0
Korea,2025-02-10 23:00:00,2025-02-10 23:00:00,113900.0
Korea,2025-02-11 00:00:00,2025-02-11 00:00:00,103120.0
Korea,2025-02-11 01:00:00,2025-02-11 01:00:00,101000.0
Korea,2025-02-11 02:00:00,2025-02-11 02:00:00,100230.0
Korea,2025-02-11 03:00:00,2025-02-11 03:00:00,83220.0
Korea,2025-02-11 04:00:00,2025-02-11 04:00:00,84060.0
Korea,2025-02-11 05:00:00,2025-02-11 05:00:00,98320.0
Korea,2025-02-11 06:00:00,2025-02-11 06:00:00,107510.0
Korea,2025-02-11 07:00:00,2025-02-11 07:00:00,134240.0
Korea,2025-02-11 08:00:00,2025-02-11 08:00:00,138750.0
Korea,2025-02-11 09:00:00,2025-02-11 09:00:00,150330.0
Korea,2025-02-11 10:00:00,2025-02-11 10:00:00,144440.0
Korea,2025-02-11 11:00:00,2025-02-11 11:00:00,145550.0
Korea,2025-02-11 12:00:00,2025-02-11 12:00:00,131360.0
Korea,2025-02-11 13:00:00,2025-02-11 13:00:00,131370.0
Korea,2025-02-11 14:00:00,2025-02-11 14:00:00,132150.0
Korea,2025-02-11 15:00:00,2025-02-11 15:00:00,131370.0
Korea,2025-02-11 16:00:00,2025-02-11 16:00:00,132150.0
Korea,2025-02-11 17:00:00,2025-02-11 17:00:00,132150.0
Korea,2025-02-11 18:00:00,2025-02-11 18:00:00,132150.0
Korea,2025-02-11 19:00:00,2025-02-11 19:00:00,132150.0
Korea,2025-02-11 20:00:00,2025-02-11 20:00:00,132150.0
Korea,2025-02-11 21:00:00,2025-02-11 21:00:00,113980.0
Korea,2025-02-11 22:00:00,2025-02-11 22:00:00,113980.0
Korea,2025-02-11 23:00:00,2025-02-11 23:00:00,113980.0
Korea,2025-02-12 00:00:00,2025-02-12 00:00:00,103440.0
Korea,2025-02-12 01:00:00,2025-02-12 01:00:00,97280.0
Korea,2025-02-12 02:00:00,2025-02-12 02:00:00,93040.0
Korea,2025-02-12 03:00:00,2025-02-12 03:00:00,81320.0
Korea,2025-02-12 04:00:00,2025-02-12 04:00:00,92420.0
Korea,2025-02-12 05:00:00,2025-02-12 05:00:00,93390.0
Korea,2025-02-12 06:00:00,2025-02-12 06:00:00,109510.0
Korea,2025-02-12 07:00:00,2025-02-12 07:00:00,123610.0
Korea,2025-02-12 08:00:00,2025-02-12 08:00:00,132590.0
Korea,2025-02-12 09:00:00,2025-02-12 09:00:00,143840.0
Korea,2025-02-12 10:00:00,2025-02-12 10:00:00,154150.0
Korea,2025-02-12 11:00:00,2025-02-12 11:00:00,144000.0
Korea,2025-02-12 12:00:00,2025-02-12 12:00:00,142980.0
Korea,2025-02-12 13:00:00,2025-02-12 13:00:00,143440.0
Korea,2025-02-12 14:00:00,2025-02-12 14:00:00,143440.0
Korea,2025-02-12 15:00:00,2025-02-12 15:00:00,143440.0
Korea,2025-02-12 16:00:00,2025-02-12 16:00:00,132800.0
Korea,2025-02-12 17:00:00,2025-02-12 17:00:00,134130.0
Korea,2025-02-12 18:00:00,2025-02-12 18:00:00,134980.0
Korea,2025-02-12 19:00:00,2025-02-12 19:00:00,130210.0
Korea,2025-02-12 20:00:00,2025-02-12 20:00:00,130140.0
Korea,2025-02-12 21:00:00,2025-02-12 21:00:00,132490.0
Korea,2025-02-12 22:00:00,2025-02-12 22:00:00,125700.0
Korea,2025-02-12 23:00:00,2025-02-12 23:00:00,123890.0
Korea,2025-02-13 00:00:00,2025-02-13 00:00:00,112570.0
Korea,2025-02-13 01:00:00,2025-02-13 01:00:00,101600.0
Korea,2025-02-13 02:00:00,2025-02-13 02:00:00,101610.0
Korea,2025-02-13 03:00:00,2025-02-13 03:00:00,98250.0
Korea,2025-02-13 04:00:00,2025-02-13 04:00:00,101600.0
Korea,2025-02-13 05:00:00,2025-02-13 05:00:00,111240.0
Korea,2025-02-13 06:00:00,2025-02-13 06:00:00,112610.0
Korea,2025-02-13 07:00:00,2025-02-13 07:00:00,132810.0
Korea,2025-02-13 08:00:00,2025-02-13 08:00:00,136010.0
Korea,2025-02-13 09:00:00,2025-02-13 09:00:00,136000.0
Korea,2025-02-13 10:00:00,2025-02-13 10:00:00,146770.0
Korea,2025-02-13 11:00:00,2025-02-13 11:00:00,139350.0
Korea,2025-02-13 12:00:00,2025-02-13 12:00:00,131120.0
Korea,2025-02-13 13:00:00,2025-02-13 13:00:00,132150.0
Korea,2025-02-13 14:00:00,2025-02-13 14:00:00,132150.0
Korea,2025-02-13 15:00:00,2025-02-13 15:00:00,131370.0
Korea,2025-02-13 16:00:00,2025-02-13 16:00:00,140030.0
Korea,2025-02-13 17:00:00,2025-02-13 17:00:00,131120.0
Korea,2025-02-13 18:00:00,2025-02-13 18:00:00,132230.0
Korea,2025-02-13 19:00:00,2025-02-13 19:00:00,132230.0
Korea,2025-02-13 20:00:00,2025-02-13 20:00:00,130150.0
Korea,2025-02-13 21:00:00,2025-02-13 21:00:00,125750.0
Korea,2025-02-13 22:00:00,2025-02-13 22:00:00,122780.0
Korea,2025-02-13 23:00:00,2025-02-13 23:00:00,114040.0
Korea,2025-02-14 00:00:00,2025-02-14 00:00:00,108130.0
Korea,2025-02-14 01:00:00,2025-02-14 01:00:00,98480.0
Korea,2025-02-14 02:00:00,2025-02-14 02:00:00,98070.0
Korea,2025-02-14 03:00:00,2025-02-14 03:00:00,82540.0
Korea,2025-02-14 04:00:00,2025-02-14 04:00:00,97730.0
Korea,2025-02-14 05:00:00,2025-02-14 05:00:00,102150.0
Korea,2025-02-14 06:00:00,2025-02-14 06:00:00,104030.0
Korea,2025-02-14 07:00:00,2025-02-14 07:00:00,132780.0
Korea,2025-02-14 08:00:00,2025-02-14 08:00:00,132790.0
Korea,2025-02-14 09:00:00,2025-02-14 09:00:00,146680.0
Korea,2025-02-14 10:00:00,2025-02-14 10:00:00,143920.0
Korea,2025-02-14 11:00:00,2025-02-14 11:00:00,132570.0
Korea,2025-02-14 12:00:00,2025-02-14 12:00:00,131300.0
Korea,2025-02-14 13:00:00,2025-02-14 13:00:00,132800.0
Korea,2025-02-14 14:00:00,2025-02-14 14:00:00,131990.0
Korea,2025-02-14 15:00:00,2025-02-14 15:00:00,131990.0
Korea,2025-02-14 16:00:00,2025-02-14 16:00:00,132570.0
Korea,2025-02-14 17:00:00,2025-02-14 17:00:00,133420.0
Korea,2025-02-14 18:00:00,2025-02-14 18:00:00,126810.0
Korea,2025-02-14 19:00:00,2025-02-14 19:00:00,126240.0
Korea,2025-02-14 20:00:00,2025-02-14 20:00:00,114490.0
Korea,2025-02-14 21:00:00,2025-02-14 21:00:00,113090.0
Korea,2025-02-14 22:00:00,2025-02-14 22:00:00,112880.0
Korea,2025-02-14 23:00:00,2025-02-14 23:00:00,103850.0
Korea,2025-02-15 00:00:00,2025-02-15 00:00:00,122150.0
Korea,2025-02-15 01:00:00,2025-02-15 01:00:00,101690.0
Korea,2025-02-15 02:00:00,2025-02-15 02:00:00,99220.0
Korea,2025-02-15 03:00:00,2025-02-15 03:00:00,99090.0
Korea,2025-02-15 04:00:00,2025-02-15 04:00:00,99220.0
Korea,2025-02-15 05:00:00,2025-02-15 05:00:00,101800.0
Korea,2025-02-15 06:00:00,2025-02-15 06:00:00,102540.0
Korea,2025-02-15 07:00:00,2025-02-15 07:00:00,115650.0
Korea,2025-02-15 08:00:00,2025-02-15 08:00:00,116850.0
Korea,2025-02-15 09:00:00,2025-02-15 09:00:00,141550.0
Korea,2025-02-15 10:00:00,2025-02-15 10:00:00,150580.0
Korea,2025-02-15 11:00:00,2025-02-15 11:00:00,148170.0
Korea,2025-02-15 12:00:00,2025-02-15 12:00:00,132520.0
Korea,2025-02-15 13:00:00,2025-02-15 13:00:00,132500.0
Korea,2025-02-15 14:00:00,2025-02-15 14:00:00,132510.0
Korea,2025-02-15 15:00:00,2025-02-15 15:00:00,123960.0
Korea,2025-02-15 16:00:00,2025-02-15 16:00:00,123960.0
Korea,2025-02-15 17:00:00,2025-02-15 17:00:00,102920.0
Korea,2025-02-15 18:00:00,2025-02-15 18:00:00,115970.0
Korea,2025-02-15 19:00:00,2025-02-15 19:00:00,114960.0
Korea,2025-02-15 20:00:00,2025-02-15 20:00:00,107610.0
Korea,2025-02-15 21:00:00,2025-02-15 21:00:00,102760.0
Korea,2025-02-15 22:00:00,2025-02-15 22:00:00,102780.0
Korea,2025-02-15 23:00:00,2025-02-15 23:00:00,132480.0
Korea,2025-02-16 00:00:00,2025-02-16 00:00:00,99530.0
Korea,2025-02-16 01:00:00,2025-02-16 01:00:00,98590.0
Korea,2025-02-16 02:00:00,2025-02-16 02:00:00,97910.0
Korea,2025-02-16 03:00:00,2025-02-16 03:00:00,81800.0
Korea,2025-02-16 04:00:00,2025-02-16 04:00:00,81800.0
Korea,2025-02-16 05:00:00,2025-02-16 05:00:00,96480.0
Korea,2025-02-16 06:00:00,2025-02-16 06:00:00,97910.0
Korea,2025-02-16 07:00:00,2025-02-16 07:00:00,102940.0
Korea,2025-02-16 08:00:00,2025-02-16 08:00:00,103750.0
Korea,2025-02-16 09:00:00,2025-02-16 09:00:00,103500.0
Korea,2025-02-16 10:00:00,2025-02-16 10:00:00,103740.0
Korea,2025-02-16 11:00:00,2025-02-16 11:00:00,103740.0
Korea,2025-02-16 12:00:00,2025-02-16 12:00:00,103740.0
Korea,2025-02-16 13:00:00,2025-02-16 13:00:00,103740.0
Korea,2025-02-16 14:00:00,2025-02-16 14:00:00,105300.0
Korea,2025-02-16 15:00:00,2025-02-16 15:00:00,105350.0
Korea,2025-02-16 16:00:00,2025-02-16 16:00:00,103670.0
Korea,2025-02-16 17:00:00,2025-02-16 17:00:00,105390.0
Korea,2025-02-16 18:00:00,2025-02-16 18:00:00,133170.0
Korea,2025-02-16 19:00:00,2025-02-16 19:00:00,105550.0
Korea,2025-02-16 20:00:00,2025-02-16 20:00:00,103760.0
Korea,2025-02-16 21:00:00,2025-02-16 21:00:00,103760.0
Korea,2025-02-16 22:00:00,2025-02-16 22:00:00,103410.0
Korea,2025-02-16 23:00:00,2025-02-16 23:00:00,99980.0
Korea,2025-02-17 00:00:00,2025-02-17 00:00:00,123890.0
Korea,2025-02-17 01:00:00,2025-02-17 01:00:00,98610.0
Korea,2025-02-17 02:00:00,2025-02-17 02:00:00,97860.0
Korea,2025-02-17 03:00:00,2025-02-17 03:00:00,80890.0
Korea,2025-02-17 04:00:00,2025-02-17 04:00:00,98060.0
Korea,2025-02-17 05:00:00,2025-02-17 05:00:00,98220.0
Korea,2025-02-17 06:00:00,2025-02-17 06:00:00,102010.0
Korea,2025-02-17 07:00:00,2025-02-17 07:00:00,132800.0
Korea,2025-02-17 08:00:00,2025-02-17 08:00:00,132500.0
Korea,2025-02-17 09:00:00,2025-02-17 09:00:00,145900.0
Korea,2025-02-17 10:00:00,2025-02-17 10:00:00,151990.0
Korea,2025-02-17 11:00:00,2025-02-17 11:00:00,132560.0
Korea,2025-02-17 12:00:00,2025-02-17 12:00:00,130940.0
Korea,2025-02-17 13:00:00,2025-02-17 13:00:00,131730.0
Korea,2025-02-17 14:00:00,2025-02-17 14:00:00,131110.0
Korea,2025-02-17 15:00:00,2025-02-17 15:00:00,132150.0
Korea,2025-02-17 16:00:00,2025-02-17 16:00:00,132150.0
Korea,2025-02-17 17:00:00,2025-02-17 17:00:00,132150.0
Korea,2025-02-17 18:00:00,2025-02-17 18:00:00,130060.0
Korea,2025-02-17 19:00:00,2025-02-17 19:00:00,130790.0
Korea,2025-02-17 20:00:00,2025-02-17 20:00:00,130790.0
Korea,2025-02-17 21:00:00,2025-02-17 21:00:00,132480.0
Korea,2025-02-17 22:00:00,2025-02-17 22:00:00,132450.0
Korea,2025-02-17 23:00:00,2025-02-17 23:00:00,113870.0
Korea,2025-02-18 00:00:00,2025-02-18 00:00:00,122640.0
Korea,2025-02-18 01:00:00,2025-02-18 01:00:00,102150.0
Korea,2025-02-18 02:00:00,2025-02-18 02:00:00,98460.0
Korea,2025-02-18 03:00:00,2025-02-18 03:00:00,98460.0
Korea,2025-02-18 04:00:00,2025-02-18 04:00:00,98460.0
Korea,2025-02-18 05:00:00,2025-02-18 05:00:00,99510.0
Korea,2025-02-18 06:00:00,2025-02-18 06:00:00,113010.0
Korea,2025-02-18 07:00:00,2025-02-18 07:00:00,128930.0
Korea,2025-02-18 08:00:00,2025-02-18 08:00:00,143780.0
Korea,2025-02-18 09:00:00,2025-02-18 09:00:00,149480.0
Korea,2025-02-18 10:00:00,2025-02-18 10:00:00,145960.0
Korea,2025-02-18 11:00:00,2025-02-18 11:00:00,142190.0
Korea,2025-02-18 12:00:00,2025-02-18 12:00:00,131050.0
Korea,2025-02-18 13:00:00,2025-02-18 13:00:00,131050.0
Korea,2025-02-18 14:00:00,2025-02-18 14:00:00,131050.0
Korea,2025-02-18 15:00:00,2025-02-18 15:00:00,131050.0
Korea,2025-02-18 16:00:00,2025-02-18 16:00:00,131050.0
Korea,2025-02-18 17:00:00,2025-02-18 17:00:00,131050.0
Korea,2025-02-18 18:00:00,2025-02-18 18:00:00,130780.0
Korea,2025-02-18 19:00:00,2025-02-18 19:00:00,129980.0
Korea,2025-02-18 20:00:00,2025-02-18 20:00:00,129900.0
Korea,2025-02-18 21:00:00,2025-02-18 21:00:00,125250.0
Korea,2025-02-18 22:00:00,2025-02-18 22:00:00,125250.0
Korea,2025-02-18 23:00:00,2025-02-18 23:00:00,113940.0
Korea,2025-02-19 00:00:00,2025-02-19 00:00:00,107900.0
Korea,2025-02-19 01:00:00,2025-02-19 01:00:00,101770.0
Korea,2025-02-19 02:00:00,2025-02-19 02:00:00,98380.0
Korea,2025-02-19 03:00:00,2025-02-19 03:00:00,97930.0
Korea,2025-02-19 04:00:00,2025-02-19 04:00:00,98420.0
Korea,2025-02-19 05:00:00,2025-02-19 05:00:00,102350.0
Korea,2025-02-19 06:00:00,2025-02-19 06:00:00,113200.0
Korea,2025-02-19 07:00:00,2025-02-19 07:00:00,128690.0
Korea,2025-02-19 08:00:00,2025-02-19 08:00:00,137500.0
Korea,2025-02-19 09:00:00,2025-02-19 09:00:00,142090.0
Korea,2025-02-19 10:00:00,2025-02-19 10:00:00,157350.0
Korea,2025-02-19 11:00:00,2025-02-19 11:00:00,138320.0
Korea,2025-02-19 12:00:00,2025-02-19 12:00:00,133080.0
Korea,2025-02-19 13:00:00,2025-02-19 13:00:00,132790.0
Korea,2025-02-19 14:00:00,2025-02-19 14:00:00,132570.0
Korea,2025-02-19 15:00:00,2025-02-19 15:00:00,131000.0
Korea,2025-02-19 16:00:00,2025-02-19 16:00:00,140970.0
Korea,2025-02-19 17:00:00,2025-02-19 17:00:00,132550.0
Korea,2025-02-19 18:00:00,2025-02-19 18:00:00,130740.0
Korea,2025-02-19 19:00:00,2025-02-19 19:00:00,130780.0
Korea,2025-02-19 20:00:00,2025-02-19 20:00:00,129840.0
Korea,2025-02-19 21:00:00,2025-02-19 21:00:00,124910.0
Korea,2025-02-19 22:00:00,2025-02-19 22:00:00,128000.0
Korea,2025-02-19 23:00:00,2025-02-19 23:00:00,128370.0
Korea,2025-02-20 00:00:00,2025-02-20 00:00:00,113060.0
Korea,2025-02-20 01:00:00,2025-02-20 01:00:00,98680.0
Korea,2025-02-20 02:00:00,2025-02-20 02:00:00,97710.0
Korea,2025-02-20 03:00:00,2025-02-20 03:00:00,82540.0
Korea,2025-02-20 04:00:00,2025-02-20 04:00:00,83490.0
Korea,2025-02-20 05:00:00,2025-02-20 05:00:00,98780.0
Korea,2025-02-20 06:00:00,2025-02-20 06:00:00,113150.0
Korea,2025-02-20 07:00:00,2025-02-20 07:00:00,128790.0
Korea,2025-02-20 08:00:00,2025-02-20 08:00:00,134470.0
Korea,2025-02-20 09:00:00,2025-02-20 09:00:00,139700.0
Korea,2025-02-20 10:00:00,2025-02-20 10:00:00,159560.0
Korea,2025-02-20 11:00:00,2025-02-20 11:00:00,134450.0
Korea,2025-02-20 12:00:00,2025-02-20 12:00:00,134030.0
Korea,2025-02-20 13:00:00,2025-02-20 13:00:00,132820.0
Korea,2025-02-20 14:00:00,2025-02-20 14:00:00,130240.0
Korea,2025-02-20 15:00:00,2025-02-20 15:00:00,130240.0
Korea,2025-02-20 16:00:00,2025-02-20 16:00:00,132820.0
Korea,2025-02-20 17:00:00,2025-02-20 17:00:00,132820.0
Korea,2025-02-20 18:00:00,2025-02-20 18:00:00,132820.0
Korea,2025-02-20 19:00:00,2025-02-20 19:00:00,132820.0
Korea,2025-02-20 20:00:00,2025-02-20 20:00:00,126330.0
Korea,2025-02-20 21:00:00,2025-02-20 21:00:00,113880.0
Korea,2025-02-20 22:00:00,2025-02-20 22:00:00,113880.0
Korea,2025-02-20 23:00:00,2025-02-20 23:00:00,122750.0
Korea,2025-02-21 00:00:00,2025-02-21 00:00:00,107900.0
Korea,2025-02-21 01:00:00,2025-02-21 01:00:00,97980.0
Korea,2025-02-21 02:00:00,2025-02-21 02:00:00,102320.0
Korea,2025-02-21 03:00:00,2025-02-21 03:00:00,84330.0
Korea,2025-02-21 04:00:00,2025-02-21 04:00:00,101640.0
Korea,2025-02-21 05:00:00,2025-02-21 05:00:00,101910.0
Korea,2025-02-21 06:00:00,2025-02-21 06:00:00,107070.0
Korea,2025-02-21 07:00:00,2025-02-21 07:00:00,132800.0
Korea,2025-02-21 08:00:00,2025-02-21 08:00:00,138870.0
Korea,2025-02-21 09:00:00,2025-02-21 09:00:00,140850.0
Korea,2025-02-21 10:00:00,2025-02-21 10:00:00,155340.0
Korea,2025-02-21 11:00:00,2025-02-21 11:00:00,140380.0
Korea,2025-02-21 12:00:00,2025-02-21 12:00:00,132730.0
Korea,2025-02-21 13:00:00,2025-02-21 13:00:00,132810.0
Korea,2025-02-21 14:00:00,2025-02-21 14:00:00,132540.0
Korea,2025-02-21 15:00:00,2025-02-21 15:00:00,132810.0
Korea,2025-02-21 16:00:00,2025-02-21 16:00:00,132810.0
Korea,2025-02-21 17:00:00,2025-02-21 17:00:00,132810.0
Korea,2025-02-21 18:00:00,2025-02-21 18:00:00,132560.0
Korea,2025-02-21 19:00:00,2025-02-21 19:00:00,126310.0
Korea,2025-02-21 20:00:00,2025-02-21 20:00:00,113910.0
Korea,2025-02-21 21:00:00,2025-02-21 21:00:00,113670.0
Korea,2025-02-21 22:00:00,2025-02-21 22:00:00,113900.0
Korea,2025-02-21 23:00:00,2025-02-21 23:00:00,113900.0
Korea,2025-02-22 00:00:00,2025-02-22 00:00:00,108150.0
Korea,2025-02-22 01:00:00,2025-02-22 01:00:00,101480.0
Korea,2025-02-22 02:00:00,2025-02-22 02:00:00,102660.0
Korea,2025-02-22 03:00:00,2025-02-22 03:00:00,85120.0
Korea,2025-02-22 04:00:00,2025-02-22 04:00:00,85120.0
Korea,2025-02-22 05:00:00,2025-02-22 05:00:00,102420.0
Korea,2025-02-22 06:00:00,2025-02-22 06:00:00,106370.0
Korea,2025-02-22 07:00:00,2025-02-22 07:00:00,104780.0
Korea,2025-02-22 08:00:00,2025-02-22 08:00:00,103150.0
Korea,2025-02-22 09:00:00,2025-02-22 09:00:00,98050.0
Korea,2025-02-22 10:00:00,2025-02-22 10:00:00,110370.0
Korea,2025-02-22 11:00:00,2025-02-22 11:00:00,80290.0
Korea,2025-02-22 12:00:00,2025-02-22 12:00:00,72820.0
Korea,2025-02-22 13:00:00,2025-02-22 13:00:00,0.0
Korea,2025-02-22 14:00:00,2025-02-22 14:00:00,76150.0
Korea,2025-02-22 15:00:00,2025-02-22 15:00:00,79690.0
Korea,2025-02-22 16:00:00,2025-02-22 16:00:00,82460.0
Korea,2025-02-22 17:00:00,2025-02-22 17:00:00,97870.0
Korea,2025-02-22 18:00:00,2025-02-22 18:00:00,108440.0
Korea,2025-02-22 19:00:00,2025-02-22 19:00:00,108440.0
Korea,2025-02-22 20:00:00,2025-02-22 20:00:00,108440.0
Korea,2025-02-22 21:00:00,2025-02-22 21:00:00,108440.0
Korea,2025-02-22 22:00:00,2025-02-22 22:00:00,108440.0
Korea,2025-02-22 23:00:00,2025-02-22 23:00:00,108440.0
Korea,2025-02-23 00:00:00,2025-02-23 00:00:00,104960.0
Korea,2025-02-23 01:00:00,2025-02-23 01:00:00,86420.0
Korea,2025-02-23 02:00:00,2025-02-23 02:00:00,86390.0
Korea,2025-02-23 03:00:00,2025-02-23 03:00:00,84980.0
Korea,2025-02-23 04:00:00,2025-02-23 04:00:00,85830.0
Korea,2025-02-23 05:00:00,2025-02-23 05:00:00,86430.0
Korea,2025-02-23 06:00:00,2025-02-23 06:00:00,98400.0
Korea,2025-02-23 07:00:00,2025-02-23 07:00:00,97340.0
Korea,2025-02-23 08:00:00,2025-02-23 08:00:00,81850.0
Korea,2025-02-23 09:00:00,2025-02-23 09:00:00,79670.0
Korea,2025-02-23 10:00:00,2025-02-23 10:00:00,98310.0
Korea,2025-02-23 11:00:00,2025-02-23 11:00:00,72760.0
Korea,2025-02-23 12:00:00,2025-02-23 12:00:00,72760.0
Korea,2025-02-23 13:00:00,2025-02-23 13:00:00,6210.0
Korea,2025-02-23 14:00:00,2025-02-23 14:00:00,72760.0
Korea,2025-02-23 15:00:00,2025-02-23 15:00:00,72760.0
Korea,2025-02-23 16:00:00,2025-02-23 16:00:00,79670.0
Korea,2025-02-23 17:00:00,2025-02-23 17:00:00,96130.0
Korea,2025-02-23 18:00:00,2025-02-23 18:00:00,104960.0
Korea,2025-02-23 19:00:00,2025-02-23 19:00:00,104960.0
Korea,2025-02-23 20:00:00,2025-02-23 20:00:00,98270.0
Korea,2025-02-23 21:00:00,2025-02-23 21:00:00,104960.0
Korea,2025-02-23 22:00:00,2025-02-23 22:00:00,103970.0
Korea,2025-02-23 23:00:00,2025-02-23 23:00:00,104960.0
Korea,2025-02-24 00:00:00,2025-02-24 00:00:00,87210.0
Korea,2025-02-24 01:00:00,2025-02-24 01:00:00,80050.0
Korea,2025-02-24 02:00:00,2025-02-24 02:00:00,80050.0
Korea,2025-02-24 03:00:00,2025-02-24 03:00:00,80050.0
Korea,2025-02-24 04:00:00,2025-02-24 04:00:00,80050.0
Korea,2025-02-24 05:00:00,2025-02-24 05:00:00,81100.0
Korea,2025-02-24 06:00:00,2025-02-24 06:00:00,97630.0
Korea,2025-02-24 07:00:00,2025-02-24 07:00:00,114820.0
Korea,2025-02-24 08:00:00,2025-02-24 08:00:00,130830.0
Korea,2025-02-24 09:00:00,2025-02-24 09:00:00,145890.0
Korea,2025-02-24 10:00:00,2025-02-24 10:00:00,149460.0
Korea,2025-02-24 11:00:00,2025-02-24 11:00:00,132150.0
Korea,2025-02-24 12:00:00,2025-02-24 12:00:00,126280.0
Korea,2025-02-24 13:00:00,2025-02-24 13:00:00,126280.0
Korea,2025-02-24 14:00:00,2025-02-24 14:00:00,126280.0
Korea,2025-02-24 15:00:00,2025-02-24 15:00:00,132150.0
Korea,2025-02-24 16:00:00,2025-02-24 16:00:00,132150.0
Korea,2025-02-24 17:00:00,2025-02-24 17:00:00,132150.0
Korea,2025-02-24 18:00:00,2025-02-24 18:00:00,114310.0
Korea,2025-02-24 19:00:00,2025-02-24 19:00:00,114310.0
Korea,2025-02-24 20:00:00,2025-02-24 20:00:00,114310.0
Korea,2025-02-24 21:00:00,2025-02-24 21:00:00,113900.0
Korea,2025-02-24 22:00:00,2025-02-24 22:00:00,114310.0
Korea,2025-02-24 23:00:00,2025-02-24 23:00:00,113900.0
Korea,2025-02-25 00:00:00,2025-02-25 00:00:00,100230.0
Korea,2025-02-25 01:00:00,2025-02-25 01:00:00,85020.0
Korea,2025-02-25 02:00:00,2025-02-25 02:00:00,83600.0
Korea,2025-02-25 03:00:00,2025-02-25 03:00:00,82770.0
Korea,2025-02-25 04:00:00,2025-02-25 04:00:00,83600.0
Korea,2025-02-25 05:00:00,2025-02-25 05:00:00,85020.0
Korea,2025-02-25 06:00:00,2025-02-25 06:00:00,107900.0
Korea,2025-02-25 07:00:00,2025-02-25 07:00:00,107900.0
Korea,2025-02-25 08:00:00,2025-02-25 08:00:00,130790.0
Korea,2025-02-25 09:00:00,2025-02-25 09:00:00,130790.0
Korea,2025-02-25 10:00:00,2025-02-25 10:00:00,150780.0
Korea,2025-02-25 11:00:00,2025-02-25 11:00:00,142000.0
Korea,2025-02-25 12:00:00,2025-02-25 12:00:00,128400.0
Korea,2025-02-25 13:00:00,2025-02-25 13:00:00,128320.0
Korea,2025-02-25 14:00:00,2025-02-25 14:00:00,128320.0
Korea,2025-02-25 15:00:00,2025-02-25 15:00:00,128320.0
Korea,2025-02-25 16:00:00,2025-02-25 16:00:00,144440.0
Korea,2025-02-25 17:00:00,2025-02-25 17:00:00,130780.0
Korea,2025-02-25 18:00:00,2025-02-25 18:00:00,114940.0
Korea,2025-02-25 19:00:00,2025-02-25 19:00:00,114940.0
Korea,2025-02-25 20:00:00,2025-02-25 20:00:00,113000.0
Korea,2025-02-25 21:00:00,2025-02-25 21:00:00,109590.0
Korea,2025-02-25 22:00:00,2025-02-25 22:00:00,109590.0
Korea,2025-02-25 23:00:00,2025-02-25 23:00:00,109590.0
Korea,2025-02-26 00:00:00,2025-02-26 00:00:00,105070.0
Korea,2025-02-26 01:00:00,2025-02-26 01:00:00,97540.0
Korea,2025-02-26 02:00:00,2025-02-26 02:00:00,82100.0
Korea,2025-02-26 03:00:00,2025-02-26 03:00:00,82100.0
Korea,2025-02-26 04:00:00,2025-02-26 04:00:00,82100.0
Korea,2025-02-26 05:00:00,2025-02-26 05:00:00,87200.0
Korea,2025-02-26 06:00:00,2025-02-26 06:00:00,113350.0
Korea,2025-02-26 07:00:00,2025-02-26 07:00:00,113990.0
Korea,2025-02-26 08:00:00,2025-02-26 08:00:00,123710.0
Korea,2025-02-26 09:00:00,2025-02-26 09:00:00,130860.0
Korea,2025-02-26 10:00:00,2025-02-26 10:00:00,141240.0
Korea,2025-02-26 11:00:00,2025-02-26 11:00:00,130540.0
Korea,2025-02-26 12:00:00,2025-02-26 12:00:00,127290.0
Korea,2025-02-26 13:00:00,2025-02-26 13:00:00,128750.0
Korea,2025-02-26 14:00:00,2025-02-26 14:00:00,130110.0
Korea,2025-02-26 15:00:00,2025-02-26 15:00:00,128350.0
Korea,2025-02-26 16:00:00,2025-02-26 16:00:00,130790.0
Korea,2025-02-26 17:00:00,2025-02-26 17:00:00,126360.0
Korea,2025-02-26 18:00:00,2025-02-26 18:00:00,113980.0
Korea,2025-02-26 19:00:00,2025-02-26 19:00:00,113980.0
Korea,2025-02-26 20:00:00,2025-02-26 20:00:00,113980.0
Korea,2025-02-26 21:00:00,2025-02-26 21:00:00,113990.0
Korea,2025-02-26 22:00:00,2025-02-26 22:00:00,113990.0
Korea,2025-02-26 23:00:00,2025-02-26 23:00:00,114010.0
Korea,2025-02-27 00:00:00,2025-02-27 00:00:00,97370.0
Korea,2025-02-27 01:00:00,2025-02-27 01:00:00,88860.0
Korea,2025-02-27 02:00:00,2025-02-27 02:00:00,88860.0
Korea,2025-02-27 03:00:00,2025-02-27 03:00:00,88860.0
Korea,2025-02-27 04:00:00,2025-02-27 04:00:00,88860.0
Korea,2025-02-27 05:00:00,2025-02-27 05:00:00,98320.0
Korea,2025-02-27 06:00:00,2025-02-27 06:00:00,99280.0
Korea,2025-02-27 07:00:00,2025-02-27 07:00:00,113610.0
Korea,2025-02-27 08:00:00,2025-02-27 08:00:00,118960.0
Korea,2025-02-27 09:00:00,2025-02-27 09:00:00,118940.0
Korea,2025-02-27 10:00:00,2025-02-27 10:00:00,118910.0
Korea,2025-02-27 11:00:00,2025-02-27 11:00:00,117090.0
Korea,2025-02-27 12:00:00,2025-02-27 12:00:00,100230.0
Korea,2025-02-27 13:00:00,2025-02-27 13:00:00,102150.0
Korea,2025-02-27 14:00:00,2025-02-27 14:00:00,102320.0
Korea,2025-02-27 15:00:00,2025-02-27 15:00:00,112760.0
Korea,2025-02-27 16:00:00,2025-02-27 16:00:00,112760.0
Korea,2025-02-27 17:00:00,2025-02-27 17:00:00,113150.0
Korea,2025-02-27 18:00:00,2025-02-27 18:00:00,113340.0
Korea,2025-02-27 19:00:00,2025-02-27 19:00:00,113400.0
Korea,2025-02-27 20:00:00,2025-02-27 20:00:00,107640.0
Korea,2025-02-27 21:00:00,2025-02-27 21:00:00,107640.0
Korea,2025-02-27 22:00:00,2025-02-27 22:00:00,107640.0
Korea,2025-02-27 23:00:00,2025-02-27 23:00:00,107640.0
Korea,2025-02-28 00:00:00,2025-02-28 00:00:00,87200.0
Korea,2025-02-28 01:00:00,2025-02-28 01:00:00,81740.0
Korea,2025-02-28 02:00:00,2025-02-28 02:00:00,80530.0
Korea,2025-02-28 03:00:00,2025-02-28 03:00:00,80530.0
Korea,2025-02-28 04:00:00,2025-02-28 04:00:00,80530.0
Korea,2025-02-28 05:00:00,2025-02-28 05:00:00,80710.0
Korea,2025-02-28 06:00:00,2025-02-28 06:00:00,88120.0
Korea,2025-02-28 07:00:00,2025-02-28 07:00:00,99180.0
Korea,2025-02-28 08:00:00,2025-02-28 08:00:00,115690.0
Korea,2025-02-28 09:00:00,2025-02-28 09:00:00,131010.0
Korea,2025-02-28 10:00:00,2025-02-28 10:00:00,138690.0
Korea,2025-02-28 11:00:00,2025-02-28 11:00:00,130810.0
Korea,2025-02-28 12:00:00,2025-02-28 12:00:00,115630.0
Korea,2025-02-28 13:00:00,2025-02-28 13:00:00,115610.0
Korea,2025-02-28 14:00:00,2025-02-28 14:00:00,115610.0
Korea,2025-02-28 15:00:00,2025-02-28 15:00:00,115610.0
Korea,2025-02-28 16:00:00,2025-02-28 16:00:00,115600.0
Korea,2025-02-28 17:00:00,2025-02-28 17:00:00,113830.0
Korea,2025-02-28 18:00:00,2025-02-28 18:00:00,100140.0
Korea,2025-02-28 19:00:00,2025-02-28 19:00:00,100140.0
Korea,2025-02-28 20:00:00,2025-02-28 20:00:00,99200.0
Korea,2025-02-28 21:00:00,2025-02-28 21:00:00,95270.0
Korea,2025-02-28 22:00:00,2025-02-28 22:00:00,92540.0
Korea,2025-02-28 23:00:00,2025-02-28 23:00:00,92540.0
Korea,2025-03-01 00:00:00,2025-03-01 00:00:00,95610.0
Korea,2025-03-01 01:00:00,2025-03-01 01:00:00,86260.0
Korea,2025-03-01 02:00:00,2025-03-01 02:00:00,84330.0
Korea,2025-03-01 03:00:00,2025-03-01 03:00:00,81710.0
Korea,2025-03-01 04:00:00,2025-03-01 04:00:00,81710.0
Korea,2025-03-01 05:00:00,2025-03-01 05:00:00,81910.0
Korea,2025-03-01 06:00:00,2025-03-01 06:00:00,84330.0
Korea,2025-03-01 07:00:00,2025-03-01 07:00:00,84080.0
Korea,2025-03-01 08:00:00,2025-03-01 08:00:00,95600.0
Korea,2025-03-01 09:00:00,2025-03-01 09:00:00,99330.0
Korea,2025-03-01 10:00:00,2025-03-01 10:00:00,112340.0
Korea,2025-03-01 11:00:00,2025-03-01 11:00:00,99330.0
Korea,2025-03-01 12:00:00,2025-03-01 12:00:00,99330.0
Korea,2025-03-01 13:00:00,2025-03-01 13:00:00,99330.0
Korea,2025-03-01 14:00:00,2025-03-01 14:00:00,99330.0
Korea,2025-03-01 15:00:00,2025-03-01 15:00:00,99330.0
Korea,2025-03-01 16:00:00,2025-03-01 16:00:00,98400.0
Korea,2025-03-01 17:00:00,2025-03-01 17:00:00,95860.0
Korea,2025-03-01 18:00:00,2025-03-01 18:00:00,95910.0
Korea,2025-03-01 19:00:00,2025-03-01 19:00:00,95950.0
Korea,2025-03-01 20:00:00,2025-03-01 20:00:00,95920.0
Korea,2025-03-01 21:00:00,2025-03-01 21:00:00,86260.0
Korea,2025-03-01 22:00:00,2025-03-01 22:00:00,95610.0
Korea,2025-03-01 23:00:00,2025-03-01 23:00:00,86260.0
Korea,2025-03-02 00:00:00,2025-03-02 00:00:00,84900.0
Korea,2025-03-02 01:00:00,2025-03-02 01:00:00,82370.0
Korea,2025-03-02 02:00:00,2025-03-02 02:00:00,79490.0
Korea,2025-03-02 03:00:00,2025-03-02 03:00:00,79490.0
Korea,2025-03-02 04:00:00,2025-03-02 04:00:00,79490.0
Korea,2025-03-02 05:00:00,2025-03-02 05:00:00,79490.0
Korea,2025-03-02 06:00:00,2025-03-02 06:00:00,80180.0
Korea,2025-03-02 07:00:00,2025-03-02 07:00:00,81490.0
Korea,2025-03-02 08:00:00,2025-03-02 08:00:00,81060.0
Korea,2025-03-02 09:00:00,2025-03-02 09:00:00,79490.0
Korea,2025-03-02 10:00:00,2025-03-02 10:00:00,79530.0
Korea,2025-03-02 11:00:00,2025-03-02 11:00:00,79530.0
Korea,2025-03-02 12:00:00,2025-03-02 12:00:00,79490.0
Korea,2025-03-02 13:00:00,2025-03-02 13:00:00,79490.0
Korea,2025-03-02 14:00:00,2025-03-02 14:00:00,79490.0
Korea,2025-03-02 15:00:00,2025-03-02 15:00:00,80180.0
Korea,2025-03-02 16:00:00,2025-03-02 16:00:00,82370.0
Korea,2025-03-02 17:00:00,2025-03-02 17:00:00,86260.0
Korea,2025-03-02 18:00:00,2025-03-02 18:00:00,86260.0
Korea,2025-03-02 19:00:00,2025-03-02 19:00:00,86260.0
Korea,2025-03-02 20:00:00,2025-03-02 20:00:00,86260.0
Korea,2025-03-02 21:00:00,2025-03-02 21:00:00,86260.0
Korea,2025-03-02 22:00:00,2025-03-02 22:00:00,86260.0
Korea,2025-03-02 23:00:00,2025-03-02 23:00:00,86260.0
Korea,2025-03-03 00:00:00,2025-03-03 00:00:00,81320.0
Korea,2025-03-03 01:00:00,2025-03-03 01:00:00,79490.0
Korea,2025-03-03 02:00:00,2025-03-03 02:00:00,79490.0
Korea,2025-03-03 03:00:00,2025-03-03 03:00:00,79490.0
Korea,2025-03-03 04:00:00,2025-03-03 04:00:00,79490.0
Korea,2025-03-03 05:00:00,2025-03-03 05:00:00,79490.0
Korea,2025-03-03 06:00:00,2025-03-03 06:00:00,81760.0
Korea,2025-03-03 07:00:00,2025-03-03 07:00:00,83210.0
Korea,2025-03-03 08:00:00,2025-03-03 08:00:00,95610.0
Korea,2025-03-03 09:00:00,2025-03-03 09:00:00,113260.0
Korea,2025-03-03 10:00:00,2025-03-03 10:00:00,113260.0
Korea,2025-03-03 11:00:00,2025-03-03 11:00:00,114750.0
Korea,2025-03-03 12:00:00,2025-03-03 12:00:00,114750.0
Korea,2025-03-03 13:00:00,2025-03-03 13:00:00,114750.0
Korea,2025-03-03 14:00:00,2025-03-03 14:00:00,114750.0
Korea,2025-03-03 15:00:00,2025-03-03 15:00:00,114750.0
Korea,2025-03-03 16:00:00,2025-03-03 16:00:00,114180.0
Korea,2025-03-03 17:00:00,2025-03-03 17:00:00,114290.0
Korea,2025-03-03 18:00:00,2025-03-03 18:00:00,114070.0
Korea,2025-03-03 19:00:00,2025-03-03 19:00:00,112980.0
Korea,2025-03-03 20:00:00,2025-03-03 20:00:00,98410.0
Korea,2025-03-03 21:00:00,2025-03-03 21:00:00,97480.0
Korea,2025-03-03 22:00:00,2025-03-03 22:00:00,95610.0
Korea,2025-03-03 23:00:00,2025-03-03 23:00:00,94070.0
Korea,2025-03-04 00:00:00,2025-03-04 00:00:00,83190.0
Korea,2025-03-04 01:00:00,2025-03-04 01:00:00,83190.0
Korea,2025-03-04 02:00:00,2025-03-04 02:00:00,83190.0
Korea,2025-03-04 03:00:00,2025-03-04 03:00:00,83190.0
Korea,2025-03-04 04:00:00,2025-03-04 04:00:00,83190.0
Korea,2025-03-04 05:00:00,2025-03-04 05:00:00,83190.0
Korea,2025-03-04 06:00:00,2025-03-04 06:00:00,83190.0
Korea,2025-03-04 07:00:00,2025-03-04 07:00:00,97690.0
Korea,2025-03-04 08:00:00,2025-03-04 08:00:00,113650.0
Korea,2025-03-04 09:00:00,2025-03-04 09:00:00,152840.0
Korea,2025-03-04 10:00:00,2025-03-04 10:00:00,149920.0
Korea,2025-03-04 11:00:00,2025-03-04 11:00:00,131280.0
Korea,2025-03-04 12:00:00,2025-03-04 12:00:00,129900.0
Korea,2025-03-04 13:00:00,2025-03-04 13:00:00,131280.0
Korea,2025-03-04 14:00:00,2025-03-04 14:00:00,129900.0
Korea,2025-03-04 15:00:00,2025-03-04 15:00:00,129520.0
Korea,2025-03-04 16:00:00,2025-03-04 16:00:00,125750.0
Korea,2025-03-04 17:00:00,2025-03-04 17:00:00,113400.0
Korea,2025-03-04 18:00:00,2025-03-04 18:00:00,113560.0
Korea,2025-03-04 19:00:00,2025-03-04 19:00:00,113560.0
Korea,2025-03-04 20:00:00,2025-03-04 20:00:00,134850.0
Korea,2025-03-04 21:00:00,2025-03-04 21:00:00,109320.0
Korea,2025-03-04 22:00:00,2025-03-04 22:00:00,110220.0
Korea,2025-03-04 23:00:00,2025-03-04 23:00:00,97690.0
Korea,2025-03-05 00:00:00,2025-03-05 00:00:00,96240.0
Korea,2025-03-05 01:00:00,2025-03-05 01:00:00,85510.0
Korea,2025-03-05 02:00:00,2025-03-05 02:00:00,85510.0
Korea,2025-03-05 03:00:00,2025-03-05 03:00:00,85510.0
Korea,2025-03-05 04:00:00,2025-03-05 04:00:00,85510.0
Korea,2025-03-05 05:00:00,2025-03-05 05:00:00,85510.0
Korea,2025-03-05 06:00:00,2025-03-05 06:00:00,96900.0
Korea,2025-03-05 07:00:00,2025-03-05 07:00:00,113060.0
Korea,2025-03-05 08:00:00,2025-03-05 08:00:00,129050.0
Korea,2025-03-05 09:00:00,2025-03-05 09:00:00,147990.0
Korea,2025-03-05 10:00:00,2025-03-05 10:00:00,149570.0
Korea,2025-03-05 11:00:00,2025-03-05 11:00:00,131870.0
Korea,2025-03-05 12:00:00,2025-03-05 12:00:00,128980.0
Korea,2025-03-05 13:00:00,2025-03-05 13:00:00,131550.0
Korea,2025-03-05 14:00:00,2025-03-05 14:00:00,131280.0
Korea,2025-03-05 15:00:00,2025-03-05 15:00:00,127290.0
Korea,2025-03-05 16:00:00,2025-03-05 16:00:00,122440.0
Korea,2025-03-05 17:00:00,2025-03-05 17:00:00,121470.0
Korea,2025-03-05 18:00:00,2025-03-05 18:00:00,121610.0
Korea,2025-03-05 19:00:00,2025-03-05 19:00:00,122260.0
Korea,2025-03-05 20:00:00,2025-03-05 20:00:00,134160.0
Korea,2025-03-05 21:00:00,2025-03-05 21:00:00,113650.0
Korea,2025-03-05 22:00:00,2025-03-05 22:00:00,111890.0
Korea,2025-03-05 23:00:00,2025-03-05 23:00:00,112420.0
Korea,2025-03-06 00:00:00,2025-03-06 00:00:00,96150.0
Korea,2025-03-06 01:00:00,2025-03-06 01:00:00,85900.0
Korea,2025-03-06 02:00:00,2025-03-06 02:00:00,85620.0
Korea,2025-03-06 03:00:00,2025-03-06 03:00:00,85620.0
Korea,2025-03-06 04:00:00,2025-03-06 04:00:00,85620.0
Korea,2025-03-06 05:00:00,2025-03-06 05:00:00,85900.0
Korea,2025-03-06 06:00:00,2025-03-06 06:00:00,96900.0
Korea,2025-03-06 07:00:00,2025-03-06 07:00:00,97840.0
Korea,2025-03-06 08:00:00,2025-03-06 08:00:00,113970.0
Korea,2025-03-06 09:00:00,2025-03-06 09:00:00,130220.0
Korea,2025-03-06 10:00:00,2025-03-06 10:00:00,151390.0
Korea,2025-03-06 11:00:00,2025-03-06 11:00:00,130220.0
Korea,2025-03-06 12:00:00,2025-03-06 12:00:00,112540.0
Korea,2025-03-06 13:00:00,2025-03-06 13:00:00,113370.0
Korea,2025-03-06 14:00:00,2025-03-06 14:00:00,113790.0
Korea,2025-03-06 15:00:00,2025-03-06 15:00:00,113360.0
Korea,2025-03-06 16:00:00,2025-03-06 16:00:00,113940.0
Korea,2025-03-06 17:00:00,2025-03-06 17:00:00,113950.0
Korea,2025-03-06 18:00:00,2025-03-06 18:00:00,113960.0
Korea,2025-03-06 19:00:00,2025-03-06 19:00:00,113080.0
Korea,2025-03-06 20:00:00,2025-03-06 20:00:00,101110.0
Korea,2025-03-06 21:00:00,2025-03-06 21:00:00,97840.0
Korea,2025-03-06 22:00:00,2025-03-06 22:00:00,97840.0
Korea,2025-03-06 23:00:00,2025-03-06 23:00:00,97840.0
Korea,2025-03-07 00:00:00,2025-03-07 00:00:00,94020.0
Korea,2025-03-07 01:00:00,2025-03-07 01:00:00,85510.0
Korea,2025-03-07 02:00:00,2025-03-07 02:00:00,85510.0
Korea,2025-03-07 03:00:00,2025-03-07 03:00:00,85510.0
Korea,2025-03-07 04:00:00,2025-03-07 04:00:00,85510.0
Korea,2025-03-07 05:00:00,2025-03-07 05:00:00,88920.0
Korea,2025-03-07 06:00:00,2025-03-07 06:00:00,96900.0
Korea,2025-03-07 07:00:00,2025-03-07 07:00:00,109570.0
Korea,2025-03-07 08:00:00,2025-03-07 08:00:00,121700.0
Korea,2025-03-07 09:00:00,2025-03-07 09:00:00,130220.0
Korea,2025-03-07 10:00:00,2025-03-07 10:00:00,130220.0
Korea,2025-03-07 11:00:00,2025-03-07 11:00:00,130210.0
Korea,2025-03-07 12:00:00,2025-03-07 12:00:00,111960.0
Korea,2025-03-07 13:00:00,2025-03-07 13:00:00,130220.0
Korea,2025-03-07 14:00:00,2025-03-07 14:00:00,130210.0
Korea,2025-03-07 15:00:00,2025-03-07 15:00:00,130220.0
Korea,2025-03-07 16:00:00,2025-03-07 16:00:00,130220.0
Korea,2025-03-07 17:00:00,2025-03-07 17:00:00,113950.0
Korea,2025-03-07 18:00:00,2025-03-07 18:00:00,113220.0
Korea,2025-03-07 19:00:00,2025-03-07 19:00:00,113230.0
Korea,2025-03-07 20:00:00,2025-03-07 20:00:00,111380.0
Korea,2025-03-07 21:00:00,2025-03-07 21:00:00,110680.0
Korea,2025-03-07 22:00:00,2025-03-07 22:00:00,110790.0
Korea,2025-03-07 23:00:00,2025-03-07 23:00:00,97840.0
Korea,2025-03-08 00:00:00,2025-03-08 00:00:00,129320.0
Korea,2025-03-08 01:00:00,2025-03-08 01:00:00,122960.0
Korea,2025-03-08 02:00:00,2025-03-08 02:00:00,123270.0
Korea,2025-03-08 03:00:00,2025-03-08 03:00:00,122770.0
Korea,2025-03-08 04:00:00,2025-03-08 04:00:00,123270.0
Korea,2025-03-08 05:00:00,2025-03-08 05:00:00,122690.0
Korea,2025-03-08 06:00:00,2025-03-08 06:00:00,123260.0
Korea,2025-03-08 07:00:00,2025-03-08 07:00:00,123220.0
Korea,2025-03-08 08:00:00,2025-03-08 08:00:00,114140.0
Korea,2025-03-08 09:00:00,2025-03-08 09:00:00,96990.0
Korea,2025-03-08 10:00:00,2025-03-08 10:00:00,114290.0
Korea,2025-03-08 11:00:00,2025-03-08 11:00:00,114270.0
Korea,2025-03-08 12:00:00,2025-03-08 12:00:00,114260.0
Korea,2025-03-08 13:00:00,2025-03-08 13:00:00,96990.0
Korea,2025-03-08 14:00:00,2025-03-08 14:00:00,96570.0
Korea,2025-03-08 15:00:00,2025-03-08 15:00:00,96540.0
Korea,2025-03-08 16:00:00,2025-03-08 16:00:00,96510.0
Korea,2025-03-08 17:00:00,2025-03-08 17:00:00,96990.0
Korea,2025-03-08 18:00:00,2025-03-08 18:00:00,122870.0
Korea,2025-03-08 19:00:00,2025-03-08 19:00:00,123160.0
Korea,2025-03-08 20:00:00,2025-03-08 20:00:00,123000.0
Korea,2025-03-08 21:00:00,2025-03-08 21:00:00,122750.0
Korea,2025-03-08 22:00:00,2025-03-08 22:00:00,140440.0
Korea,2025-03-08 23:00:00,2025-03-08 23:00:00,140440.0
Korea,2025-03-09 00:00:00,2025-03-09 00:00:00,154760.0
Korea,2025-03-09 01:00:00,2025-03-09 01:00:00,97600.0
Korea,2025-03-09 02:00:00,2025-03-09 02:00:00,89370.0
Korea,2025-03-09 03:00:00,2025-03-09 03:00:00,97600.0
Korea,2025-03-09 04:00:00,2025-03-09 04:00:00,113960.0
Korea,2025-03-09 05:00:00,2025-03-09 05:00:00,143080.0
Korea,2025-03-09 06:00:00,2025-03-09 06:00:00,114740.0
Korea,2025-03-09 07:00:00,2025-03-09 07:00:00,96670.0
Korea,2025-03-09 08:00:00,2025-03-09 08:00:00,78490.0
Korea,2025-03-09 09:00:00,2025-03-09 09:00:00,77770.0
Korea,2025-03-09 10:00:00,2025-03-09 10:00:00,0.0
Korea,2025-03-09 11:00:00,2025-03-09 11:00:00,0.0
Korea,2025-03-09 12:00:00,2025-03-09 12:00:00,0.0
Korea,2025-03-09 13:00:00,2025-03-09 13:00:00,0.0
Korea,2025-03-09 14:00:00,2025-03-09 14:00:00,0.0
Korea,2025-03-09 15:00:00,2025-03-09 15:00:00,79290.0
Korea,2025-03-09 16:00:00,2025-03-09 16:00:00,95610.0
Korea,2025-03-09 17:00:00,2025-03-09 17:00:00,122910.0
Korea,2025-03-09 18:00:00,2025-03-09 18:00:00,146460.0
Korea,2025-03-09 19:00:00,2025-03-09 19:00:00,143360.0
Korea,2025-03-09 20:00:00,2025-03-09 20:00:00,141310.0
Korea,2025-03-09 21:00:00,2025-03-09 21:00:00,145650.0
Korea,2025-03-09 22:00:00,2025-03-09 22:00:00,141310.0
Korea,2025-03-09 23:00:00,2025-03-09 23:00:00,145770.0
Korea,2025-03-10 00:00:00,2025-03-10 00:00:00,113110.0
Korea,2025-03-10 01:00:00,2025-03-10 01:00:00,99730.0
Korea,2025-03-10 02:00:00,2025-03-10 02:00:00,97020.0
Korea,2025-03-10 03:00:00,2025-03-10 03:00:00,97020.0
Korea,2025-03-10 04:00:00,2025-03-10 04:00:00,97020.0
Korea,2025-03-10 05:00:00,2025-03-10 05:00:00,99730.0
Korea,2025-03-10 06:00:00,2025-03-10 06:00:00,113110.0
Korea,2025-03-10 07:00:00,2025-03-10 07:00:00,133460.0
Korea,2025-03-10 08:00:00,2025-03-10 08:00:00,144670.0
Korea,2025-03-10 09:00:00,2025-03-10 09:00:00,147130.0
Korea,2025-03-10 10:00:00,2025-03-10 10:00:00,128740.0
Korea,2025-03-10 11:00:00,2025-03-10 11:00:00,113940.0
Korea,2025-03-10 12:00:00,2025-03-10 12:00:00,112180.0
Korea,2025-03-10 13:00:00,2025-03-10 13:00:00,112270.0
Korea,2025-03-10 14:00:00,2025-03-10 14:00:00,112880.0
Korea,2025-03-10 15:00:00,2025-03-10 15:00:00,113940.0
Korea,2025-03-10 16:00:00,2025-03-10 16:00:00,113940.0
Korea,2025-03-10 17:00:00,2025-03-10 17:00:00,113940.0
Korea,2025-03-10 18:00:00,2025-03-10 18:00:00,114030.0
Korea,2025-03-10 19:00:00,2025-03-10 19:00:00,121610.0
Korea,2025-03-10 20:00:00,2025-03-10 20:00:00,114030.0
Korea,2025-03-10 21:00:00,2025-03-10 21:00:00,114030.0
Korea,2025-03-10 22:00:00,2025-03-10 22:00:00,112160.0
Korea,2025-03-10 23:00:00,2025-03-10 23:00:00,113900.0
Korea,2025-03-11 00:00:00,2025-03-11 00:00:00,96020.0
Korea,2025-03-11 01:00:00,2025-03-11 01:00:00,87230.0
Korea,2025-03-11 02:00:00,2025-03-11 02:00:00,84700.0
Korea,2025-03-11 03:00:00,2025-03-11 03:00:00,83440.0
Korea,2025-03-11 04:00:00,2025-03-11 04:00:00,84700.0
Korea,2025-03-11 05:00:00,2025-03-11 05:00:00,87230.0
Korea,2025-03-11 06:00:00,2025-03-11 06:00:00,96440.0
Korea,2025-03-11 07:00:00,2025-03-11 07:00:00,113600.0
Korea,2025-03-11 08:00:00,2025-03-11 08:00:00,130220.0
Korea,2025-03-11 09:00:00,2025-03-11 09:00:00,137560.0
Korea,2025-03-11 10:00:00,2025-03-11 10:00:00,130210.0
Korea,2025-03-11 11:00:00,2025-03-11 11:00:00,130210.0
Korea,2025-03-11 12:00:00,2025-03-11 12:00:00,126840.0
Korea,2025-03-11 13:00:00,2025-03-11 13:00:00,130220.0
Korea,2025-03-11 14:00:00,2025-03-11 14:00:00,130220.0
Korea,2025-03-11 15:00:00,2025-03-11 15:00:00,130220.0
Korea,2025-03-11 16:00:00,2025-03-11 16:00:00,137540.0
Korea,2025-03-11 17:00:00,2025-03-11 17:00:00,137280.0
Korea,2025-03-11 18:00:00,2025-03-11 18:00:00,136590.0
Korea,2025-03-11 19:00:00,2025-03-11 19:00:00,136520.0
Korea,2025-03-11 20:00:00,2025-03-11 20:00:00,111360.0
Korea,2025-03-11 21:00:00,2025-03-11 21:00:00,95890.0
Korea,2025-03-11 22:00:00,2025-03-11 22:00:00,95890.0
Korea,2025-03-11 23:00:00,2025-03-11 23:00:00,95940.0
Korea,2025-03-12 00:00:00,2025-03-12 00:00:00,103520.0
Korea,2025-03-12 01:00:00,2025-03-12 01:00:00,89800.0
Korea,2025-03-12 02:00:00,2025-03-12 02:00:00,89800.0
Korea,2025-03-12 03:00:00,2025-03-12 03:00:00,89580.0
Korea,2025-03-12 04:00:00,2025-03-12 04:00:00,89800.0
Korea,2025-03-12 05:00:00,2025-03-12 05:00:00,89800.0
Korea,2025-03-12 06:00:00,2025-03-12 06:00:00,97930.0
Korea,2025-03-12 07:00:00,2025-03-12 07:00:00,121610.0
Korea,2025-03-12 08:00:00,2025-03-12 08:00:00,132070.0
Korea,2025-03-12 09:00:00,2025-03-12 09:00:00,141960.0
Korea,2025-03-12 10:00:00,2025-03-12 10:00:00,152290.0
Korea,2025-03-12 11:00:00,2025-03-12 11:00:00,130210.0
Korea,2025-03-12 12:00:00,2025-03-12 12:00:00,128970.0
Korea,2025-03-12 13:00:00,2025-03-12 13:00:00,130220.0
Korea,2025-03-12 14:00:00,2025-03-12 14:00:00,128970.0
Korea,2025-03-12 15:00:00,2025-03-12 15:00:00,128970.0
Korea,2025-03-12 16:00:00,2025-03-12 16:00:00,128970.0
Korea,2025-03-12 17:00:00,2025-03-12 17:00:00,125900.0
Korea,2025-03-12 18:00:00,2025-03-12 18:00:00,125900.0
Korea,2025-03-12 19:00:00,2025-03-12 19:00:00,122920.0
Korea,2025-03-12 20:00:00,2025-03-12 20:00:00,121610.0
Korea,2025-03-12 21:00:00,2025-03-12 21:00:00,121610.0
Korea,2025-03-12 22:00:00,2025-03-12 22:00:00,113250.0
Korea,2025-03-12 23:00:00,2025-03-12 23:00:00,112470.0
Korea,2025-03-13 00:00:00,2025-03-13 00:00:00,91370.0
Korea,2025-03-13 01:00:00,2025-03-13 01:00:00,85120.0
Korea,2025-03-13 02:00:00,2025-03-13 02:00:00,82920.0
Korea,2025-03-13 03:00:00,2025-03-13 03:00:00,82590.0
Korea,2025-03-13 04:00:00,2025-03-13 04:00:00,83850.0
Korea,2025-03-13 05:00:00,2025-03-13 05:00:00,89990.0
Korea,2025-03-13 06:00:00,2025-03-13 06:00:00,109570.0
Korea,2025-03-13 07:00:00,2025-03-13 07:00:00,111440.0
Korea,2025-03-13 08:00:00,2025-03-13 08:00:00,116830.0
Korea,2025-03-13 09:00:00,2025-03-13 09:00:00,116810.0
Korea,2025-03-13 10:00:00,2025-03-13 10:00:00,116790.0
Korea,2025-03-13 11:00:00,2025-03-13 11:00:00,115060.0
Korea,2025-03-13 12:00:00,2025-03-13 12:00:00,97840.0
Korea,2025-03-13 13:00:00,2025-03-13 13:00:00,97840.0
Korea,2025-03-13 14:00:00,2025-03-13 14:00:00,97840.0
Korea,2025-03-13 15:00:00,2025-03-13 15:00:00,111440.0
Korea,2025-03-13 16:00:00,2025-03-13 16:00:00,106950.0
Korea,2025-03-13 17:00:00,2025-03-13 17:00:00,111740.0
Korea,2025-03-13 18:00:00,2025-03-13 18:00:00,111850.0
Korea,2025-03-13 19:00:00,2025-03-13 19:00:00,111850.0
Korea,2025-03-13 20:00:00,2025-03-13 20:00:00,111740.0
Korea,2025-03-13 21:00:00,2025-03-13 21:00:00,111740.0
Korea,2025-03-13 22:00:00,2025-03-13 22:00:00,111740.0
Korea,2025-03-13 23:00:00,2025-03-13 23:00:00,111740.0
Korea,2025-03-14 00:00:00,2025-03-14 00:00:00,112860.0
Korea,2025-03-14 01:00:00,2025-03-14 01:00:00,97270.0
Korea,2025-03-14 02:00:00,2025-03-14 02:00:00,96400.0
Korea,2025-03-14 03:00:00,2025-03-14 03:00:00,84430.0
Korea,2025-03-14 04:00:00,2025-03-14 04:00:00,96990.0
Korea,2025-03-14 05:00:00,2025-03-14 05:00:00,108360.0
Korea,2025-03-14 06:00:00,2025-03-14 06:00:00,112960.0
Korea,2025-03-14 07:00:00,2025-03-14 07:00:00,113600.0
Korea,2025-03-14 08:00:00,2025-03-14 08:00:00,122920.0
Korea,2025-03-14 09:00:00,2025-03-14 09:00:00,139970.0
Korea,2025-03-14 10:00:00,2025-03-14 10:00:00,122750.0
Korea,2025-03-14 11:00:00,2025-03-14 11:00:00,113500.0
Korea,2025-03-14 12:00:00,2025-03-14 12:00:00,97270.0
Korea,2025-03-14 13:00:00,2025-03-14 13:00:00,97270.0
Korea,2025-03-14 14:00:00,2025-03-14 14:00:00,97270.0
Korea,2025-03-14 15:00:00,2025-03-14 15:00:00,113260.0
Korea,2025-03-14 16:00:00,2025-03-14 16:00:00,112050.0
Korea,2025-03-14 17:00:00,2025-03-14 17:00:00,122060.0
Korea,2025-03-14 18:00:00,2025-03-14 18:00:00,121670.0
Korea,2025-03-14 19:00:00,2025-03-14 19:00:00,113800.0
Korea,2025-03-14 20:00:00,2025-03-14 20:00:00,111440.0
Korea,2025-03-14 21:00:00,2025-03-14 21:00:00,110360.0
Korea,2025-03-14 22:00:00,2025-03-14 22:00:00,111440.0
Korea,2025-03-14 23:00:00,2025-03-14 23:00:00,114000.0
Korea,2025-03-15 00:00:00,2025-03-15 00:00:00,131750.0
Korea,2025-03-15 01:00:00,2025-03-15 01:00:00,98130.0
Korea,2025-03-15 02:00:00,2025-03-15 02:00:00,97370.0
Korea,2025-03-15 03:00:00,2025-03-15 03:00:00,97030.0
Korea,2025-03-15 04:00:00,2025-03-15 04:00:00,97030.0
Korea,2025-03-15 05:00:00,2025-03-15 05:00:00,98220.0
Korea,2025-03-15 06:00:00,2025-03-15 06:00:00,98220.0
Korea,2025-03-15 07:00:00,2025-03-15 07:00:00,98260.0
Korea,2025-03-15 08:00:00,2025-03-15 08:00:00,97030.0
Korea,2025-03-15 09:00:00,2025-03-15 09:00:00,107970.0
Korea,2025-03-15 10:00:00,2025-03-15 10:00:00,97870.0
Korea,2025-03-15 11:00:00,2025-03-15 11:00:00,97650.0
Korea,2025-03-15 12:00:00,2025-03-15 12:00:00,6830.0
Korea,2025-03-15 13:00:00,2025-03-15 13:00:00,79160.0
Korea,2025-03-15 14:00:00,2025-03-15 14:00:00,67120.0
Korea,2025-03-15 15:00:00,2025-03-15 15:00:00,78740.0
Korea,2025-03-15 16:00:00,2025-03-15 16:00:00,86470.0
Korea,2025-03-15 17:00:00,2025-03-15 17:00:00,97590.0
Korea,2025-03-15 18:00:00,2025-03-15 18:00:00,98540.0
Korea,2025-03-15 19:00:00,2025-03-15 19:00:00,98540.0
Korea,2025-03-15 20:00:00,2025-03-15 20:00:00,98540.0
Korea,2025-03-15 21:00:00,2025-03-15 21:00:00,98540.0
Korea,2025-03-15 22:00:00,2025-03-15 22:00:00,98540.0
Korea,2025-03-15 23:00:00,2025-03-15 23:00:00,98540.0
Korea,2025-03-16 00:00:00,2025-03-16 00:00:00,97150.0
Korea,2025-03-16 01:00:00,2025-03-16 01:00:00,83610.0
Korea,2025-03-16 02:00:00,2025-03-16 02:00:00,82450.0
Korea,2025-03-16 03:00:00,2025-03-16 03:00:00,82450.0
Korea,2025-03-16 04:00:00,2025-03-16 04:00:00,82450.0
Korea,2025-03-16 05:00:00,2025-03-16 05:00:00,82450.0
Korea,2025-03-16 06:00:00,2025-03-16 06:00:00,85120.0
Korea,2025-03-16 07:00:00,2025-03-16 07:00:00,85120.0
Korea,2025-03-16 08:00:00,2025-03-16 08:00:00,82450.0
Korea,2025-03-16 09:00:00,2025-03-16 09:00:00,82450.0
Korea,2025-03-16 10:00:00,2025-03-16 10:00:00,95610.0
Korea,2025-03-16 11:00:00,2025-03-16 11:00:00,99890.0
Korea,2025-03-16 12:00:00,2025-03-16 12:00:00,99760.0
Korea,2025-03-16 13:00:00,2025-03-16 13:00:00,111540.0
Korea,2025-03-16 14:00:00,2025-03-16 14:00:00,99050.0
Korea,2025-03-16 15:00:00,2025-03-16 15:00:00,95610.0
Korea,2025-03-16 16:00:00,2025-03-16 16:00:00,86550.0
Korea,2025-03-16 17:00:00,2025-03-16 17:00:00,97150.0
Korea,2025-03-16 18:00:00,2025-03-16 18:00:00,98410.0
Korea,2025-03-16 19:00:00,2025-03-16 19:00:00,98410.0
Korea,2025-03-16 20:00:00,2025-03-16 20:00:00,98410.0
Korea,2025-03-16 21:00:00,2025-03-16 21:00:00,98410.0
Korea,2025-03-16 22:00:00,2025-03-16 22:00:00,98410.0
Korea,2025-03-16 23:00:00,2025-03-16 23:00:00,98410.0
Korea,2025-03-17 00:00:00,2025-03-17 00:00:00,95740.0
Korea,2025-03-17 01:00:00,2025-03-17 01:00:00,83240.0
Korea,2025-03-17 02:00:00,2025-03-17 02:00:00,83240.0
Korea,2025-03-17 03:00:00,2025-03-17 03:00:00,83240.0
Korea,2025-03-17 04:00:00,2025-03-17 04:00:00,83240.0
Korea,2025-03-17 05:00:00,2025-03-17 05:00:00,83240.0
Korea,2025-03-17 06:00:00,2025-03-17 06:00:00,87440.0
Korea,2025-03-17 07:00:00,2025-03-17 07:00:00,110790.0
Korea,2025-03-17 08:00:00,2025-03-17 08:00:00,136490.0
Korea,2025-03-17 09:00:00,2025-03-17 09:00:00,136490.0
Korea,2025-03-17 10:00:00,2025-03-17 10:00:00,129510.0
Korea,2025-03-17 11:00:00,2025-03-17 11:00:00,127560.0
Korea,2025-03-17 12:00:00,2025-03-17 12:00:00,127560.0
Korea,2025-03-17 13:00:00,2025-03-17 13:00:00,127850.0
Korea,2025-03-17 14:00:00,2025-03-17 14:00:00,127440.0
Korea,2025-03-17 15:00:00,2025-03-17 15:00:00,122980.0
Korea,2025-03-17 16:00:00,2025-03-17 16:00:00,122900.0
Korea,2025-03-17 17:00:00,2025-03-17 17:00:00,114000.0
Korea,2025-03-17 18:00:00,2025-03-17 18:00:00,114350.0
Korea,2025-03-17 19:00:00,2025-03-17 19:00:00,113230.0
Korea,2025-03-17 20:00:00,2025-03-17 20:00:00,111080.0
Korea,2025-03-17 21:00:00,2025-03-17 21:00:00,110790.0
Korea,2025-03-17 22:00:00,2025-03-17 22:00:00,110790.0
Korea,2025-03-17 23:00:00,2025-03-17 23:00:00,110790.0
Korea,2025-03-18 00:00:00,2025-03-18 00:00:00,136980.0
Korea,2025-03-18 01:00:00,2025-03-18 01:00:00,98630.0
Korea,2025-03-18 02:00:00,2025-03-18 02:00:00,89330.0
Korea,2025-03-18 03:00:00,2025-03-18 03:00:00,87310.0
Korea,2025-03-18 04:00:00,2025-03-18 04:00:00,88660.0
Korea,2025-03-18 05:00:00,2025-03-18 05:00:00,96860.0
Korea,2025-03-18 06:00:00,2025-03-18 06:00:00,110340.0
Korea,2025-03-18 07:00:00,2025-03-18 07:00:00,120490.0
Korea,2025-03-18 08:00:00,2025-03-18 08:00:00,143450.0
Korea,2025-03-18 09:00:00,2025-03-18 09:00:00,152850.0
Korea,2025-03-18 10:00:00,2025-03-18 10:00:00,132640.0
Korea,2025-03-18 11:00:00,2025-03-18 11:00:00,128130.0
Korea,2025-03-18 12:00:00,2025-03-18 12:00:00,125330.0
Korea,2025-03-18 13:00:00,2025-03-18 13:00:00,125330.0
Korea,2025-03-18 14:00:00,2025-03-18 14:00:00,125330.0
Korea,2025-03-18 15:00:00,2025-03-18 15:00:00,125330.0
Korea,2025-03-18 16:00:00,2025-03-18 16:00:00,137150.0
Korea,2025-03-18 17:00:00,2025-03-18 17:00:00,137050.0
Korea,2025-03-18 18:00:00,2025-03-18 18:00:00,137420.0
Korea,2025-03-18 19:00:00,2025-03-18 19:00:00,137420.0
Korea,2025-03-18 20:00:00,2025-03-18 20:00:00,137420.0
Korea,2025-03-18 21:00:00,2025-03-18 21:00:00,137060.0
Korea,2025-03-18 22:00:00,2025-03-18 22:00:00,137060.0
Korea,2025-03-18 23:00:00,2025-03-18 23:00:00,118560.0
Korea,2025-03-19 00:00:00,2025-03-19 00:00:00,112260.0
Korea,2025-03-19 01:00:00,2025-03-19 01:00:00,98040.0
Korea,2025-03-19 02:00:00,2025-03-19 02:00:00,96430.0
Korea,2025-03-19 03:00:00,2025-03-19 03:00:00,91440.0
Korea,2025-03-19 04:00:00,2025-03-19 04:00:00,96570.0
Korea,2025-03-19 05:00:00,2025-03-19 05:00:00,106290.0
Korea,2025-03-19 06:00:00,2025-03-19 06:00:00,113120.0
Korea,2025-03-19 07:00:00,2025-03-19 07:00:00,113160.0
Korea,2025-03-19 08:00:00,2025-03-19 08:00:00,136720.0
Korea,2025-03-19 09:00:00,2025-03-19 09:00:00,137080.0
Korea,2025-03-19 10:00:00,2025-03-19 10:00:00,157940.0
Korea,2025-03-19 11:00:00,2025-03-19 11:00:00,130220.0
Korea,2025-03-19 12:00:00,2025-03-19 12:00:00,128900.0
Korea,2025-03-19 13:00:00,2025-03-19 13:00:00,128900.0
Korea,2025-03-19 14:00:00,2025-03-19 14:00:00,128710.0
Korea,2025-03-19 15:00:00,2025-03-19 15:00:00,128890.0
Korea,2025-03-19 16:00:00,2025-03-19 16:00:00,130220.0
Korea,2025-03-19 17:00:00,2025-03-19 17:00:00,128710.0
Korea,2025-03-19 18:00:00,2025-03-19 18:00:00,131280.0
Korea,2025-03-19 19:00:00,2025-03-19 19:00:00,131280.0
Korea,2025-03-19 20:00:00,2025-03-19 20:00:00,131020.0
Korea,2025-03-19 21:00:00,2025-03-19 21:00:00,128420.0
Korea,2025-03-19 22:00:00,2025-03-19 22:00:00,128270.0
Korea,2025-03-19 23:00:00,2025-03-19 23:00:00,128260.0
Korea,2025-03-20 00:00:00,2025-03-20 00:00:00,112450.0
Korea,2025-03-20 01:00:00,2025-03-20 01:00:00,100470.0
Korea,2025-03-20 02:00:00,2025-03-20 02:00:00,97020.0
Korea,2025-03-20 03:00:00,2025-03-20 03:00:00,96990.0
Korea,2025-03-20 04:00:00,2025-03-20 04:00:00,97020.0
Korea,2025-03-20 05:00:00,2025-03-20 05:00:00,111150.0
Korea,2025-03-20 06:00:00,2025-03-20 06:00:00,127790.0
Korea,2025-03-20 07:00:00,2025-03-20 07:00:00,128630.0
Korea,2025-03-20 08:00:00,2025-03-20 08:00:00,136220.0
Korea,2025-03-20 09:00:00,2025-03-20 09:00:00,136120.0
Korea,2025-03-20 10:00:00,2025-03-20 10:00:00,147870.0
Korea,2025-03-20 11:00:00,2025-03-20 11:00:00,137890.0
Korea,2025-03-20 12:00:00,2025-03-20 12:00:00,132340.0
Korea,2025-03-20 13:00:00,2025-03-20 13:00:00,132340.0
Korea,2025-03-20 14:00:00,2025-03-20 14:00:00,132110.0
Korea,2025-03-20 15:00:00,2025-03-20 15:00:00,130220.0
Korea,2025-03-20 16:00:00,2025-03-20 16:00:00,130220.0
Korea,2025-03-20 17:00:00,2025-03-20 17:00:00,129640.0
Korea,2025-03-20 18:00:00,2025-03-20 18:00:00,129640.0
Korea,2025-03-20 19:00:00,2025-03-20 19:00:00,130210.0
Korea,2025-03-20 20:00:00,2025-03-20 20:00:00,126570.0
Korea,2025-03-20 21:00:00,2025-03-20 21:00:00,126650.0
Korea,2025-03-20 22:00:00,2025-03-20 22:00:00,126730.0
Korea,2025-03-20 23:00:00,2025-03-20 23:00:00,130210.0
Korea,2025-03-21 00:00:00,2025-03-21 00:00:00,114150.0
Korea,2025-03-21 01:00:00,2025-03-21 01:00:00,97310.0
Korea,2025-03-21 02:00:00,2025-03-21 02:00:00,96220.0
Korea,2025-03-21 03:00:00,2025-03-21 03:00:00,89430.0
Korea,2025-03-21 04:00:00,2025-03-21 04:00:00,96900.0
Korea,2025-03-21 05:00:00,2025-03-21 05:00:00,103480.0
Korea,2025-03-21 06:00:00,2025-03-21 06:00:00,124120.0
Korea,2025-03-21 07:00:00,2025-03-21 07:00:00,128380.0
Korea,2025-03-21 08:00:00,2025-03-21 08:00:00,131960.0
Korea,2025-03-21 09:00:00,2025-03-21 09:00:00,131940.0
Korea,2025-03-21 10:00:00,2025-03-21 10:00:00,133500.0
Korea,2025-03-21 11:00:00,2025-03-21 11:00:00,129550.0
Korea,2025-03-21 12:00:00,2025-03-21 12:00:00,127240.0
Korea,2025-03-21 13:00:00,2025-03-21 13:00:00,127160.0
Korea,2025-03-21 14:00:00,2025-03-21 14:00:00,127080.0
Korea,2025-03-21 15:00:00,2025-03-21 15:00:00,132440.0
Korea,2025-03-21 16:00:00,2025-03-21 16:00:00,125800.0
Korea,2025-03-21 17:00:00,2025-03-21 17:00:00,125800.0
Korea,2025-03-21 18:00:00,2025-03-21 18:00:00,135310.0
Korea,2025-03-21 19:00:00,2025-03-21 19:00:00,125810.0
Korea,2025-03-21 20:00:00,2025-03-21 20:00:00,125810.0
Korea,2025-03-21 21:00:00,2025-03-21 21:00:00,123720.0
Korea,2025-03-21 22:00:00,2025-03-21 22:00:00,124120.0
Korea,2025-03-21 23:00:00,2025-03-21 23:00:00,133380.0
Korea,2025-03-22 00:00:00,2025-03-22 00:00:00,132940.0
Korea,2025-03-22 01:00:00,2025-03-22 01:00:00,123890.0
Korea,2025-03-22 02:00:00,2025-03-22 02:00:00,123890.0
Korea,2025-03-22 03:00:00,2025-03-22 03:00:00,112500.0
Korea,2025-03-22 04:00:00,2025-03-22 04:00:00,123890.0
Korea,2025-03-22 05:00:00,2025-03-22 05:00:00,136470.0
Korea,2025-03-22 06:00:00,2025-03-22 06:00:00,136540.0
Korea,2025-03-22 07:00:00,2025-03-22 07:00:00,124350.0
Korea,2025-03-22 08:00:00,2025-03-22 08:00:00,113580.0
Korea,2025-03-22 09:00:00,2025-03-22 09:00:00,113830.0
Korea,2025-03-22 10:00:00,2025-03-22 10:00:00,132940.0
Korea,2025-03-22 11:00:00,2025-03-22 11:00:00,113220.0
Korea,2025-03-22 12:00:00,2025-03-22 12:00:00,103280.0
Korea,2025-03-22 13:00:00,2025-03-22 13:00:00,103280.0
Korea,2025-03-22 14:00:00,2025-03-22 14:00:00,100060.0
Korea,2025-03-22 15:00:00,2025-03-22 15:00:00,100030.0
Korea,2025-03-22 16:00:00,2025-03-22 16:00:00,97090.0
Korea,2025-03-22 17:00:00,2025-03-22 17:00:00,115940.0
Korea,2025-03-22 18:00:00,2025-03-22 18:00:00,134420.0
Korea,2025-03-22 19:00:00,2025-03-22 19:00:00,134430.0
Korea,2025-03-22 20:00:00,2025-03-22 20:00:00,134430.0
Korea,2025-03-22 21:00:00,2025-03-22 21:00:00,134440.0
Korea,2025-03-22 22:00:00,2025-03-22 22:00:00,134440.0
Korea,2025-03-22 23:00:00,2025-03-22 23:00:00,134450.0
Korea,2025-03-23 00:00:00,2025-03-23 00:00:00,124290.0
Korea,2025-03-23 01:00:00,2025-03-23 01:00:00,115030.0
Korea,2025-03-23 02:00:00,2025-03-23 02:00:00,113600.0
Korea,2025-03-23 03:00:00,2025-03-23 03:00:00,111970.0
Korea,2025-03-23 04:00:00,2025-03-23 04:00:00,113600.0
Korea,2025-03-23 05:00:00,2025-03-23 05:00:00,137260.0
Korea,2025-03-23 06:00:00,2025-03-23 06:00:00,145870.0
Korea,2025-03-23 07:00:00,2025-03-23 07:00:00,143720.0
Korea,2025-03-23 08:00:00,2025-03-23 08:00:00,99940.0
Korea,2025-03-23 09:00:00,2025-03-23 09:00:00,99820.0
Korea,2025-03-23 10:00:00,2025-03-23 10:00:00,101920.0
Korea,2025-03-23 11:00:00,2025-03-23 11:00:00,100060.0
Korea,2025-03-23 12:00:00,2025-03-23 12:00:00,97700.0
Korea,2025-03-23 13:00:00,2025-03-23 13:00:00,97700.0
Korea,2025-03-23 14:00:00,2025-03-23 14:00:00,97700.0
Korea,2025-03-23 15:00:00,2025-03-23 15:00:00,103290.0
Korea,2025-03-23 16:00:00,2025-03-23 16:00:00,101140.0
Korea,2025-03-23 17:00:00,2025-03-23 17:00:00,114200.0
Korea,2025-03-23 18:00:00,2025-03-23 18:00:00,123900.0
Korea,2025-03-23 19:00:00,2025-03-23 19:00:00,135320.0
Korea,2025-03-23 20:00:00,2025-03-23 20:00:00,135320.0
Korea,2025-03-23 21:00:00,2025-03-23 21:00:00,135320.0
Korea,2025-03-23 22:00:00,2025-03-23 22:00:00,135330.0
Korea,2025-03-23 23:00:00,2025-03-23 23:00:00,135300.0
Korea,2025-03-24 00:00:00,2025-03-24 00:00:00,113800.0
Korea,2025-03-24 01:00:00,2025-03-24 01:00:00,96530.0
Korea,2025-03-24 02:00:00,2025-03-24 02:00:00,84400.0
Korea,2025-03-24 03:00:00,2025-03-24 03:00:00,84400.0
Korea,2025-03-24 04:00:00,2025-03-24 04:00:00,96710.0
Korea,2025-03-24 05:00:00,2025-03-24 05:00:00,96860.0
Korea,2025-03-24 06:00:00,2025-03-24 06:00:00,100410.0
Korea,2025-03-24 07:00:00,2025-03-24 07:00:00,123440.0
Korea,2025-03-24 08:00:00,2025-03-24 08:00:00,113800.0
Korea,2025-03-24 09:00:00,2025-03-24 09:00:00,130140.0
Korea,2025-03-24 10:00:00,2025-03-24 10:00:00,124120.0
Korea,2025-03-24 11:00:00,2025-03-24 11:00:00,108650.0
Korea,2025-03-24 12:00:00,2025-03-24 12:00:00,103480.0
Korea,2025-03-24 13:00:00,2025-03-24 13:00:00,105510.0
Korea,2025-03-24 14:00:00,2025-03-24 14:00:00,103480.0
Korea,2025-03-24 15:00:00,2025-03-24 15:00:00,107350.0
Korea,2025-03-24 16:00:00,2025-03-24 16:00:00,113800.0
Korea,2025-03-24 17:00:00,2025-03-24 17:00:00,120330.0
Korea,2025-03-24 18:00:00,2025-03-24 18:00:00,152690.0
Korea,2025-03-24 19:00:00,2025-03-24 19:00:00,133420.0
Korea,2025-03-24 20:00:00,2025-03-24 20:00:00,121880.0
Korea,2025-03-24 21:00:00,2025-03-24 21:00:00,110500.0
Korea,2025-03-24 22:00:00,2025-03-24 22:00:00,113800.0
Korea,2025-03-24 23:00:00,2025-03-24 23:00:00,109150.0
Korea,2025-03-25 00:00:00,2025-03-25 00:00:00,107370.0
Korea,2025-03-25 01:00:00,2025-03-25 01:00:00,96670.0
Korea,2025-03-25 02:00:00,2025-03-25 02:00:00,96490.0
Korea,2025-03-25 03:00:00,2025-03-25 03:00:00,85400.0
Korea,2025-03-25 04:00:00,2025-03-25 04:00:00,96390.0
Korea,2025-03-25 05:00:00,2025-03-25 05:00:00,97290.0
Korea,2025-03-25 06:00:00,2025-03-25 06:00:00,103480.0
Korea,2025-03-25 07:00:00,2025-03-25 07:00:00,103480.0
Korea,2025-03-25 08:00:00,2025-03-25 08:00:00,124120.0
Korea,2025-03-25 09:00:00,2025-03-25 09:00:00,130210.0
Korea,2025-03-25 10:00:00,2025-03-25 10:00:00,132460.0
Korea,2025-03-25 11:00:00,2025-03-25 11:00:00,133460.0
Korea,2025-03-25 12:00:00,2025-03-25 12:00:00,128590.0
Korea,2025-03-25 13:00:00,2025-03-25 13:00:00,130210.0
Korea,2025-03-25 14:00:00,2025-03-25 14:00:00,130210.0
Korea,2025-03-25 15:00:00,2025-03-25 15:00:00,130210.0
Korea,2025-03-25 16:00:00,2025-03-25 16:00:00,130200.0
Korea,2025-03-25 17:00:00,2025-03-25 17:00:00,124120.0
Korea,2025-03-25 18:00:00,2025-03-25 18:00:00,124120.0
Korea,2025-03-25 19:00:00,2025-03-25 19:00:00,113800.0
Korea,2025-03-25 20:00:00,2025-03-25 20:00:00,113380.0
Korea,2025-03-25 21:00:00,2025-03-25 21:00:00,111730.0
Korea,2025-03-25 22:00:00,2025-03-25 22:00:00,108510.0
Korea,2025-03-25 23:00:00,2025-03-25 23:00:00,108360.0
Korea,2025-03-26 00:00:00,2025-03-26 00:00:00,107710.0
Korea,2025-03-26 01:00:00,2025-03-26 01:00:00,88890.0
Korea,2025-03-26 02:00:00,2025-03-26 02:00:00,88890.0
Korea,2025-03-26 03:00:00,2025-03-26 03:00:00,88890.0
Korea,2025-03-26 04:00:00,2025-03-26 04:00:00,97330.0
Korea,2025-03-26 05:00:00,2025-03-26 05:00:00,113800.0
Korea,2025-03-26 06:00:00,2025-03-26 06:00:00,114910.0
Korea,2025-03-26 07:00:00,2025-03-26 07:00:00,118160.0
Korea,2025-03-26 08:00:00,2025-03-26 08:00:00,139090.0
Korea,2025-03-26 09:00:00,2025-03-26 09:00:00,114840.0
Korea,2025-03-26 10:00:00,2025-03-26 10:00:00,126410.0
Korea,2025-03-26 11:00:00,2025-03-26 11:00:00,126380.0
Korea,2025-03-26 12:00:00,2025-03-26 12:00:00,126380.0
Korea,2025-03-26 13:00:00,2025-03-26 13:00:00,126380.0
Korea,2025-03-26 14:00:00,2025-03-26 14:00:00,126380.0
Korea,2025-03-26 15:00:00,2025-03-26 15:00:00,126380.0
Korea,2025-03-26 16:00:00,2025-03-26 16:00:00,126380.0
Korea,2025-03-26 17:00:00,2025-03-26 17:00:00,126380.0
Korea,2025-03-26 18:00:00,2025-03-26 18:00:00,140800.0
Korea,2025-03-26 19:00:00,2025-03-26 19:00:00,140800.0
Korea,2025-03-26 20:00:00,2025-03-26 20:00:00,126410.0
Korea,2025-03-26 21:00:00,2025-03-26 21:00:00,126410.0
Korea,2025-03-26 22:00:00,2025-03-26 22:00:00,126410.0
Korea,2025-03-26 23:00:00,2025-03-26 23:00:00,126410.0
Korea,2025-03-27 00:00:00,2025-03-27 00:00:00,112540.0
Korea,2025-03-27 01:00:00,2025-03-27 01:00:00,96790.0
Korea,2025-03-27 02:00:00,2025-03-27 02:00:00,96580.0
Korea,2025-03-27 03:00:00,2025-03-27 03:00:00,96580.0
Korea,2025-03-27 04:00:00,2025-03-27 04:00:00,96580.0
Korea,2025-03-27 05:00:00,2025-03-27 05:00:00,96760.0
Korea,2025-03-27 06:00:00,2025-03-27 06:00:00,97490.0
Korea,2025-03-27 07:00:00,2025-03-27 07:00:00,113800.0
Korea,2025-03-27 08:00:00,2025-03-27 08:00:00,117530.0
Korea,2025-03-27 09:00:00,2025-03-27 09:00:00,160780.0
Korea,2025-03-27 10:00:00,2025-03-27 10:00:00,160780.0
Korea,2025-03-27 11:00:00,2025-03-27 11:00:00,134550.0
Korea,2025-03-27 12:00:00,2025-03-27 12:00:00,124900.0
Korea,2025-03-27 13:00:00,2025-03-27 13:00:00,134480.0
Korea,2025-03-27 14:00:00,2025-03-27 14:00:00,134330.0
Korea,2025-03-27 15:00:00,2025-03-27 15:00:00,134880.0
Korea,2025-03-27 16:00:00,2025-03-27 16:00:00,134720.0
Korea,2025-03-27 17:00:00,2025-03-27 17:00:00,130400.0
Korea,2025-03-27 18:00:00,2025-03-27 18:00:00,128870.0
Korea,2025-03-27 19:00:00,2025-03-27 19:00:00,132890.0
Korea,2025-03-27 20:00:00,2025-03-27 20:00:00,113800.0
Korea,2025-03-27 21:00:00,2025-03-27 21:00:00,113380.0
Korea,2025-03-27 22:00:00,2025-03-27 22:00:00,113800.0
Korea,2025-03-27 23:00:00,2025-03-27 23:00:00,104430.0
Korea,2025-03-28 00:00:00,2025-03-28 00:00:00,122710.0
Korea,2025-03-28 01:00:00,2025-03-28 01:00:00,103480.0
Korea,2025-03-28 02:00:00,2025-03-28 02:00:00,96650.0
Korea,2025-03-28 03:00:00,2025-03-28 03:00:00,99040.0
Korea,2025-03-28 04:00:00,2025-03-28 04:00:00,103480.0
Korea,2025-03-28 05:00:00,2025-03-28 05:00:00,124120.0
Korea,2025-03-28 06:00:00,2025-03-28 06:00:00,124370.0
Korea,2025-03-28 07:00:00,2025-03-28 07:00:00,132890.0
Korea,2025-03-28 08:00:00,2025-03-28 08:00:00,130680.0
Korea,2025-03-28 09:00:00,2025-03-28 09:00:00,139920.0
Korea,2025-03-28 10:00:00,2025-03-28 10:00:00,133440.0
Korea,2025-03-28 11:00:00,2025-03-28 11:00:00,128620.0
Korea,2025-03-28 12:00:00,2025-03-28 12:00:00,124840.0
Korea,2025-03-28 13:00:00,2025-03-28 13:00:00,126170.0
Korea,2025-03-28 14:00:00,2025-03-28 14:00:00,126170.0
Korea,2025-03-28 15:00:00,2025-03-28 15:00:00,140060.0
Korea,2025-03-28 16:00:00,2025-03-28 16:00:00,126170.0
Korea,2025-03-28 17:00:00,2025-03-28 17:00:00,127430.0
Korea,2025-03-28 18:00:00,2025-03-28 18:00:00,134930.0
Korea,2025-03-28 19:00:00,2025-03-28 19:00:00,135750.0
Korea,2025-03-28 20:00:00,2025-03-28 20:00:00,132670.0
Korea,2025-03-28 21:00:00,2025-03-28 21:00:00,130470.0
Korea,2025-03-28 22:00:00,2025-03-28 22:00:00,132070.0
Korea,2025-03-28 23:00:00,2025-03-28 23:00:00,132670.0
Korea,2025-03-29 00:00:00,2025-03-29 00:00:00,134220.0
Korea,2025-03-29 01:00:00,2025-03-29 01:00:00,132240.0
Korea,2025-03-29 02:00:00,2025-03-29 02:00:00,129770.0
Korea,2025-03-29 03:00:00,2025-03-29 03:00:00,123150.0
Korea,2025-03-29 04:00:00,2025-03-29 04:00:00,129870.0
Korea,2025-03-29 05:00:00,2025-03-29 05:00:00,134480.0
Korea,2025-03-29 06:00:00,2025-03-29 06:00:00,134420.0
Korea,2025-03-29 07:00:00,2025-03-29 07:00:00,126370.0
Korea,2025-03-29 08:00:00,2025-03-29 08:00:00,123050.0
Korea,2025-03-29 09:00:00,2025-03-29 09:00:00,103280.0
Korea,2025-03-29 10:00:00,2025-03-29 10:00:00,133400.0
Korea,2025-03-29 11:00:00,2025-03-29 11:00:00,133400.0
Korea,2025-03-29 12:00:00,2025-03-29 12:00:00,128990.0
Korea,2025-03-29 13:00:00,2025-03-29 13:00:00,130320.0
Korea,2025-03-29 14:00:00,2025-03-29 14:00:00,111260.0
Korea,2025-03-29 15:00:00,2025-03-29 15:00:00,99910.0
Korea,2025-03-29 16:00:00,2025-03-29 16:00:00,99910.0
Korea,2025-03-29 17:00:00,2025-03-29 17:00:00,111640.0
Korea,2025-03-29 18:00:00,2025-03-29 18:00:00,124340.0
Korea,2025-03-29 19:00:00,2025-03-29 19:00:00,133550.0
Korea,2025-03-29 20:00:00,2025-03-29 20:00:00,133100.0
Korea,2025-03-29 21:00:00,2025-03-29 21:00:00,133100.0
Korea,2025-03-29 22:00:00,2025-03-29 22:00:00,133100.0
Korea,2025-03-29 23:00:00,2025-03-29 23:00:00,133100.0
Korea,2025-03-30 00:00:00,2025-03-30 00:00:00,132580.0
Korea,2025-03-30 01:00:00,2025-03-30 01:00:00,116490.0
Korea,2025-03-30 02:00:00,2025-03-30 02:00:00,100080.0
Korea,2025-03-30 03:00:00,2025-03-30 03:00:00,100080.0
Korea,2025-03-30 04:00:00,2025-03-30 04:00:00,123900.0
Korea,2025-03-30 05:00:00,2025-03-30 05:00:00,133330.0
Korea,2025-03-30 06:00:00,2025-03-30 06:00:00,134730.0
Korea,2025-03-30 07:00:00,2025-03-30 07:00:00,132560.0
Korea,2025-03-30 08:00:00,2025-03-30 08:00:00,97060.0
Korea,2025-03-30 09:00:00,2025-03-30 09:00:00,100080.0
Korea,2025-03-30 10:00:00,2025-03-30 10:00:00,100210.0
Korea,2025-03-30 11:00:00,2025-03-30 11:00:00,100220.0
Korea,2025-03-30 12:00:00,2025-03-30 12:00:00,100170.0
Korea,2025-03-30 13:00:00,2025-03-30 13:00:00,103290.0
Korea,2025-03-30 14:00:00,2025-03-30 14:00:00,97350.0
Korea,2025-03-30 15:00:00,2025-03-30 15:00:00,98170.0
Korea,2025-03-30 16:00:00,2025-03-30 16:00:00,96540.0
Korea,2025-03-30 17:00:00,2025-03-30 17:00:00,122800.0
Korea,2025-03-30 18:00:00,2025-03-30 18:00:00,133330.0
Korea,2025-03-30 19:00:00,2025-03-30 19:00:00,133330.0
Korea,2025-03-30 20:00:00,2025-03-30 20:00:00,133330.0
Korea,2025-03-30 21:00:00,2025-03-30 21:00:00,133330.0
Korea,2025-03-30 22:00:00,2025-03-30 22:00:00,133330.0
Korea,2025-03-30 23:00:00,2025-03-30 23:00:00,133330.0
Korea,2025-03-31 00:00:00,2025-03-31 00:00:00,113890.0
Korea,2025-03-31 01:00:00,2025-03-31 01:00:00,96510.0
Korea,2025-03-31 02:00:00,2025-03-31 02:00:00,87250.0
Korea,2025-03-31 03:00:00,2025-03-31 03:00:00,85980.0
Korea,2025-03-31 04:00:00,2025-03-31 04:00:00,87250.0
Korea,2025-03-31 05:00:00,2025-03-31 05:00:00,89130.0
Korea,2025-03-31 06:00:00,2025-03-31 06:00:00,113800.0
Korea,2025-03-31 07:00:00,2025-03-31 07:00:00,128590.0
Korea,2025-03-31 08:00:00,2025-03-31 08:00:00,138690.0
Korea,2025-03-31 09:00:00,2025-03-31 09:00:00,132460.0
Korea,2025-03-31 10:00:00,2025-03-31 10:00:00,132460.0
Korea,2025-03-31 11:00:00,2025-03-31 11:00:00,132460.0
Korea,2025-03-31 12:00:00,2025-03-31 12:00:00,128830.0
Korea,2025-03-31 13:00:00,2025-03-31 13:00:00,132460.0
Korea,2025-03-31 14:00:00,2025-03-31 14:00:00,132460.0
Korea,2025-03-31 15:00:00,2025-03-31 15:00:00,128840.0
Korea,2025-03-31 16:00:00,2025-03-31 16:00:00,128840.0
Korea,2025-03-31 17:00:00,2025-03-31 17:00:00,128530.0
Korea,2025-03-31 18:00:00,2025-03-31 18:00:00,128650.0
Korea,2025-03-31 19:00:00,2025-03-31 19:00:00,126890.0
Korea,2025-03-31 20:00:00,2025-03-31 20:00:00,125670.0
Korea,2025-03-31 21:00:00,2025-03-31 21:00:00,123020.0
Korea,2025-03-31 22:00:00,2025-03-31 22:00:00,123020.0
Korea,2025-03-31 23:00:00,2025-03-31 23:00:00,115490.0
Korea,2025-04-01 00:00:00,2025-04-01 00:00:00,99410.0
Korea,2025-04-01 01:00:00,2025-04-01 01:00:00,98520.0
Korea,2025-04-01 02:00:00,2025-04-01 02:00:00,97550.0
Korea,2025-04-01 03:00:00,2025-04-01 03:00:00,97740.0
Korea,2025-04-01 04:00:00,2025-04-01 04:00:00,98790.0
Korea,2025-04-01 05:00:00,2025-04-01 05:00:00,122850.0
Korea,2025-04-01 06:00:00,2025-04-01 06:00:00,128350.0
Korea,2025-04-01 07:00:00,2025-04-01 07:00:00,136040.0
Korea,2025-04-01 08:00:00,2025-04-01 08:00:00,143520.0
Korea,2025-04-01 09:00:00,2025-04-01 09:00:00,143770.0
Korea,2025-04-01 10:00:00,2025-04-01 10:00:00,145190.0
Korea,2025-04-01 11:00:00,2025-04-01 11:00:00,143530.0
Korea,2025-04-01 12:00:00,2025-04-01 12:00:00,137210.0
Korea,2025-04-01 13:00:00,2025-04-01 13:00:00,139350.0
Korea,2025-04-01 14:00:00,2025-04-01 14:00:00,137210.0
Korea,2025-04-01 15:00:00,2025-04-01 15:00:00,156030.0
Korea,2025-04-01 16:00:00,2025-04-01 16:00:00,137210.0
Korea,2025-04-01 17:00:00,2025-04-01 17:00:00,137920.0
Korea,2025-04-01 18:00:00,2025-04-01 18:00:00,136010.0
Korea,2025-04-01 19:00:00,2025-04-01 19:00:00,136020.0
Korea,2025-04-01 20:00:00,2025-04-01 20:00:00,136020.0
Korea,2025-04-01 21:00:00,2025-04-01 21:00:00,126130.0
Korea,2025-04-01 22:00:00,2025-04-01 22:00:00,126410.0
Korea,2025-04-01 23:00:00,2025-04-01 23:00:00,121020.0
Korea,2025-04-02 00:00:00,2025-04-02 00:00:00,104850.0
Korea,2025-04-02 01:00:00,2025-04-02 01:00:00,95520.0
Korea,2025-04-02 02:00:00,2025-04-02 02:00:00,94670.0
Korea,2025-04-02 03:00:00,2025-04-02 03:00:00,95090.0
Korea,2025-04-02 04:00:00,2025-04-02 04:00:00,95070.0
Korea,2025-04-02 05:00:00,2025-04-02 05:00:00,98570.0
Korea,2025-04-02 06:00:00,2025-04-02 06:00:00,117130.0
Korea,2025-04-02 07:00:00,2025-04-02 07:00:00,139330.0
Korea,2025-04-02 08:00:00,2025-04-02 08:00:00,135000.0
Korea,2025-04-02 09:00:00,2025-04-02 09:00:00,135070.0
Korea,2025-04-02 10:00:00,2025-04-02 10:00:00,136760.0
Korea,2025-04-02 11:00:00,2025-04-02 11:00:00,139350.0
Korea,2025-04-02 12:00:00,2025-04-02 12:00:00,136170.0
Korea,2025-04-02 13:00:00,2025-04-02 13:00:00,136800.0
Korea,2025-04-02 14:00:00,2025-04-02 14:00:00,136810.0
Korea,2025-04-02 15:00:00,2025-04-02 15:00:00,139370.0
Korea,2025-04-02 16:00:00,2025-04-02 16:00:00,136830.0
Korea,2025-04-02 17:00:00,2025-04-02 17:00:00,133060.0
Korea,2025-04-02 18:00:00,2025-04-02 18:00:00,133170.0
Korea,2025-04-02 19:00:00,2025-04-02 19:00:00,133180.0
Korea,2025-04-02 20:00:00,2025-04-02 20:00:00,118480.0
Korea,2025-04-02 21:00:00,2025-04-02 21:00:00,116940.0
Korea,2025-04-02 22:00:00,2025-04-02 22:00:00,116460.0
Korea,2025-04-02 23:00:00,2025-04-02 23:00:00,116460.0
Korea,2025-04-03 00:00:00,2025-04-03 00:00:00,125730.0
Korea,2025-04-03 01:00:00,2025-04-03 01:00:00,123020.0
Korea,2025-04-03 02:00:00,2025-04-03 02:00:00,98470.0
Korea,2025-04-03 03:00:00,2025-04-03 03:00:00,98330.0
Korea,2025-04-03 04:00:00,2025-04-03 04:00:00,98960.0
Korea,2025-04-03 05:00:00,2025-04-03 05:00:00,123660.0
Korea,2025-04-03 06:00:00,2025-04-03 06:00:00,138340.0
Korea,2025-04-03 07:00:00,2025-04-03 07:00:00,138340.0
Korea,2025-04-03 08:00:00,2025-04-03 08:00:00,144150.0
Korea,2025-04-03 09:00:00,2025-04-03 09:00:00,153640.0
Korea,2025-04-03 10:00:00,2025-04-03 10:00:00,155200.0
Korea,2025-04-03 11:00:00,2025-04-03 11:00:00,146850.0
Korea,2025-04-03 12:00:00,2025-04-03 12:00:00,141120.0
Korea,2025-04-03 13:00:00,2025-04-03 13:00:00,141100.0
Korea,2025-04-03 14:00:00,2025-04-03 14:00:00,141100.0
Korea,2025-04-03 15:00:00,2025-04-03 15:00:00,154880.0
Korea,2025-04-03 16:00:00,2025-04-03 16:00:00,140050.0
Korea,2025-04-03 17:00:00,2025-04-03 17:00:00,139870.0
Korea,2025-04-03 18:00:00,2025-04-03 18:00:00,139880.0
Korea,2025-04-03 19:00:00,2025-04-03 19:00:00,139880.0
Korea,2025-04-03 20:00:00,2025-04-03 20:00:00,139880.0
Korea,2025-04-03 21:00:00,2025-04-03 21:00:00,137580.0
Korea,2025-04-03 22:00:00,2025-04-03 22:00:00,138340.0
Korea,2025-04-03 23:00:00,2025-04-03 23:00:00,138340.0
Korea,2025-04-04 00:00:00,2025-04-04 00:00:00,154200.0
Korea,2025-04-04 01:00:00,2025-04-04 01:00:00,105880.0
Korea,2025-04-04 02:00:00,2025-04-04 02:00:00,98330.0
Korea,2025-04-04 03:00:00,2025-04-04 03:00:00,98330.0
Korea,2025-04-04 04:00:00,2025-04-04 04:00:00,108540.0
Korea,2025-04-04 05:00:00,2025-04-04 05:00:00,136560.0
Korea,2025-04-04 06:00:00,2025-04-04 06:00:00,138290.0
Korea,2025-04-04 07:00:00,2025-04-04 07:00:00,137000.0
Korea,2025-04-04 08:00:00,2025-04-04 08:00:00,137820.0
Korea,2025-04-04 09:00:00,2025-04-04 09:00:00,137250.0
Korea,2025-04-04 10:00:00,2025-04-04 10:00:00,140170.0
Korea,2025-04-04 11:00:00,2025-04-04 11:00:00,145550.0
Korea,2025-04-04 12:00:00,2025-04-04 12:00:00,137420.0
Korea,2025-04-04 13:00:00,2025-04-04 13:00:00,145400.0
Korea,2025-04-04 14:00:00,2025-04-04 14:00:00,140170.0
Korea,2025-04-04 15:00:00,2025-04-04 15:00:00,137900.0
Korea,2025-04-04 16:00:00,2025-04-04 16:00:00,136510.0
Korea,2025-04-04 17:00:00,2025-04-04 17:00:00,136980.0
Korea,2025-04-04 18:00:00,2025-04-04 18:00:00,137900.0
Korea,2025-04-04 19:00:00,2025-04-04 19:00:00,138410.0
Korea,2025-04-04 20:00:00,2025-04-04 20:00:00,137520.0
Korea,2025-04-04 21:00:00,2025-04-04 21:00:00,137310.0
Korea,2025-04-04 22:00:00,2025-04-04 22:00:00,137000.0
Korea,2025-04-04 23:00:00,2025-04-04 23:00:00,138410.0
Korea,2025-04-05 00:00:00,2025-04-05 00:00:00,121880.0
Korea,2025-04-05 01:00:00,2025-04-05 01:00:00,98650.0
Korea,2025-04-05 02:00:00,2025-04-05 02:00:00,97550.0
Korea,2025-04-05 03:00:00,2025-04-05 03:00:00,89490.0
Korea,2025-04-05 04:00:00,2025-04-05 04:00:00,93230.0
Korea,2025-04-05 05:00:00,2025-04-05 05:00:00,98650.0
Korea,2025-04-05 06:00:00,2025-04-05 06:00:00,98650.0
Korea,2025-04-05 07:00:00,2025-04-05 07:00:00,98650.0
Korea,2025-04-05 08:00:00,2025-04-05 08:00:00,99200.0
Korea,2025-04-05 09:00:00,2025-04-05 09:00:00,115270.0
Korea,2025-04-05 10:00:00,2025-04-05 10:00:00,139890.0
Korea,2025-04-05 11:00:00,2025-04-05 11:00:00,141080.0
Korea,2025-04-05 12:00:00,2025-04-05 12:00:00,139830.0
Korea,2025-04-05 13:00:00,2025-04-05 13:00:00,139910.0
Korea,2025-04-05 14:00:00,2025-04-05 14:00:00,116150.0
Korea,2025-04-05 15:00:00,2025-04-05 15:00:00,116710.0
Korea,2025-04-05 16:00:00,2025-04-05 16:00:00,100520.0
Korea,2025-04-05 17:00:00,2025-04-05 17:00:00,99110.0
Korea,2025-04-05 18:00:00,2025-04-05 18:00:00,99150.0
Korea,2025-04-05 19:00:00,2025-04-05 19:00:00,100000.0
Korea,2025-04-05 20:00:00,2025-04-05 20:00:00,100000.0
Korea,2025-04-05 21:00:00,2025-04-05 21:00:00,99280.0
Korea,2025-04-05 22:00:00,2025-04-05 22:00:00,99180.0
Korea,2025-04-05 23:00:00,2025-04-05 23:00:00,99280.0
Korea,2025-04-06 00:00:00,2025-04-06 00:00:00,101180.0
Korea,2025-04-06 01:00:00,2025-04-06 01:00:00,99360.0
Korea,2025-04-06 02:00:00,2025-04-06 02:00:00,85990.0
Korea,2025-04-06 03:00:00,2025-04-06 03:00:00,88940.0
Korea,2025-04-06 04:00:00,2025-04-06 04:00:00,113270.0
Korea,2025-04-06 05:00:00,2025-04-06 05:00:00,132880.0
Korea,2025-04-06 06:00:00,2025-04-06 06:00:00,142940.0
Korea,2025-04-06 07:00:00,2025-04-06 07:00:00,141420.0
Korea,2025-04-06 08:00:00,2025-04-06 08:00:00,101070.0
Korea,2025-04-06 09:00:00,2025-04-06 09:00:00,101510.0
Korea,2025-04-06 10:00:00,2025-04-06 10:00:00,116120.0
Korea,2025-04-06 11:00:00,2025-04-06 11:00:00,101120.0
Korea,2025-04-06 12:00:00,2025-04-06 12:00:00,0.0
Korea,2025-04-06 13:00:00,2025-04-06 13:00:00,6870.0
Korea,2025-04-06 14:00:00,2025-04-06 14:00:00,116870.0
Korea,2025-04-06 15:00:00,2025-04-06 15:00:00,96040.0
Korea,2025-04-06 16:00:00,2025-04-06 16:00:00,99360.0
Korea,2025-04-06 17:00:00,2025-04-06 17:00:00,114630.0
Korea,2025-04-06 18:00:00,2025-04-06 18:00:00,120820.0
Korea,2025-04-06 19:00:00,2025-04-06 19:00:00,120940.0
Korea,2025-04-06 20:00:00,2025-04-06 20:00:00,121030.0
Korea,2025-04-06 21:00:00,2025-04-06 21:00:00,121110.0
Korea,2025-04-06 22:00:00,2025-04-06 22:00:00,121160.0
Korea,2025-04-06 23:00:00,2025-04-06 23:00:00,121240.0
Korea,2025-04-07 00:00:00,2025-04-07 00:00:00,111090.0
Korea,2025-04-07 01:00:00,2025-04-07 01:00:00,97780.0
Korea,2025-04-07 02:00:00,2025-04-07 02:00:00,86530.0
Korea,2025-04-07 03:00:00,2025-04-07 03:00:00,86530.0
Korea,2025-04-07 04:00:00,2025-04-07 04:00:00,87340.0
Korea,2025-04-07 05:00:00,2025-04-07 05:00:00,93640.0
Korea,2025-04-07 06:00:00,2025-04-07 06:00:00,116460.0
Korea,2025-04-07 07:00:00,2025-04-07 07:00:00,125730.0
Korea,2025-04-07 08:00:00,2025-04-07 08:00:00,140960.0
Korea,2025-04-07 09:00:00,2025-04-07 09:00:00,143900.0
Korea,2025-04-07 10:00:00,2025-04-07 10:00:00,143190.0
Korea,2025-04-07 11:00:00,2025-04-07 11:00:00,137660.0
Korea,2025-04-07 12:00:00,2025-04-07 12:00:00,135630.0
Korea,2025-04-07 13:00:00,2025-04-07 13:00:00,139330.0
Korea,2025-04-07 14:00:00,2025-04-07 14:00:00,135640.0
Korea,2025-04-07 15:00:00,2025-04-07 15:00:00,139330.0
Korea,2025-04-07 16:00:00,2025-04-07 16:00:00,135610.0
Korea,2025-04-07 17:00:00,2025-04-07 17:00:00,135640.0
Korea,2025-04-07 18:00:00,2025-04-07 18:00:00,135640.0
Korea,2025-04-07 19:00:00,2025-04-07 19:00:00,156470.0
Korea,2025-04-07 20:00:00,2025-04-07 20:00:00,138820.0
Korea,2025-04-07 21:00:00,2025-04-07 21:00:00,135640.0
Korea,2025-04-07 22:00:00,2025-04-07 22:00:00,135640.0
Korea,2025-04-07 23:00:00,2025-04-07 23:00:00,141580.0
Korea,2025-04-08 00:00:00,2025-04-08 00:00:00,154200.0
Korea,2025-04-08 01:00:00,2025-04-08 01:00:00,115140.0
Korea,2025-04-08 02:00:00,2025-04-08 02:00:00,98220.0
Korea,2025-04-08 03:00:00,2025-04-08 03:00:00,98190.0
Korea,2025-04-08 04:00:00,2025-04-08 04:00:00,109240.0
Korea,2025-04-08 05:00:00,2025-04-08 05:00:00,140860.0
Korea,2025-04-08 06:00:00,2025-04-08 06:00:00,141410.0
Korea,2025-04-08 07:00:00,2025-04-08 07:00:00,141470.0
Korea,2025-04-08 08:00:00,2025-04-08 08:00:00,142910.0
Korea,2025-04-08 09:00:00,2025-04-08 09:00:00,142050.0
Korea,2025-04-08 10:00:00,2025-04-08 10:00:00,141490.0
Korea,2025-04-08 11:00:00,2025-04-08 11:00:00,136560.0
Korea,2025-04-08 12:00:00,2025-04-08 12:00:00,136480.0
Korea,2025-04-08 13:00:00,2025-04-08 13:00:00,136540.0
Korea,2025-04-08 14:00:00,2025-04-08 14:00:00,136500.0
Korea,2025-04-08 15:00:00,2025-04-08 15:00:00,136560.0
Korea,2025-04-08 16:00:00,2025-04-08 16:00:00,136480.0
Korea,2025-04-08 17:00:00,2025-04-08 17:00:00,136560.0
Korea,2025-04-08 18:00:00,2025-04-08 18:00:00,140380.0
Korea,2025-04-08 19:00:00,2025-04-08 19:00:00,153120.0
Korea,2025-04-08 20:00:00,2025-04-08 20:00:00,153040.0
Korea,2025-04-08 21:00:00,2025-04-08 21:00:00,140190.0
Korea,2025-04-08 22:00:00,2025-04-08 22:00:00,139970.0
Korea,2025-04-08 23:00:00,2025-04-08 23:00:00,140540.0
Korea,2025-04-09 00:00:00,2025-04-09 00:00:00,154200.0
Korea,2025-04-09 01:00:00,2025-04-09 01:00:00,115550.0
Korea,2025-04-09 02:00:00,2025-04-09 02:00:00,98920.0
Korea,2025-04-09 03:00:00,2025-04-09 03:00:00,98640.0
Korea,2025-04-09 04:00:00,2025-04-09 04:00:00,109170.0
Korea,2025-04-09 05:00:00,2025-04-09 05:00:00,135680.0
Korea,2025-04-09 06:00:00,2025-04-09 06:00:00,139560.0
Korea,2025-04-09 07:00:00,2025-04-09 07:00:00,139550.0
Korea,2025-04-09 08:00:00,2025-04-09 08:00:00,139840.0
Korea,2025-04-09 09:00:00,2025-04-09 09:00:00,139830.0
Korea,2025-04-09 10:00:00,2025-04-09 10:00:00,153940.0
Korea,2025-04-09 11:00:00,2025-04-09 11:00:00,139820.0
Korea,2025-04-09 12:00:00,2025-04-09 12:00:00,139820.0
Korea,2025-04-09 13:00:00,2025-04-09 13:00:00,139820.0
Korea,2025-04-09 14:00:00,2025-04-09 14:00:00,139820.0
Korea,2025-04-09 15:00:00,2025-04-09 15:00:00,139810.0
Korea,2025-04-09 16:00:00,2025-04-09 16:00:00,139550.0
Korea,2025-04-09 17:00:00,2025-04-09 17:00:00,139710.0
Korea,2025-04-09 18:00:00,2025-04-09 18:00:00,139830.0
Korea,2025-04-09 19:00:00,2025-04-09 19:00:00,139830.0
Korea,2025-04-09 20:00:00,2025-04-09 20:00:00,139840.0
Korea,2025-04-09 21:00:00,2025-04-09 21:00:00,139550.0
Korea,2025-04-09 22:00:00,2025-04-09 22:00:00,139550.0
Korea,2025-04-09 23:00:00,2025-04-09 23:00:00,139550.0
Korea,2025-04-10 00:00:00,2025-04-10 00:00:00,114200.0
Korea,2025-04-10 01:00:00,2025-04-10 01:00:00,98670.0
Korea,2025-04-10 02:00:00,2025-04-10 02:00:00,96680.0
Korea,2025-04-10 03:00:00,2025-04-10 03:00:00,96680.0
Korea,2025-04-10 04:00:00,2025-04-10 04:00:00,98510.0
Korea,2025-04-10 05:00:00,2025-04-10 05:00:00,110650.0
Korea,2025-04-10 06:00:00,2025-04-10 06:00:00,135300.0
Korea,2025-04-10 07:00:00,2025-04-10 07:00:00,139000.0
Korea,2025-04-10 08:00:00,2025-04-10 08:00:00,150810.0
Korea,2025-04-10 09:00:00,2025-04-10 09:00:00,154150.0
Korea,2025-04-10 10:00:00,2025-04-10 10:00:00,154600.0
Korea,2025-04-10 11:00:00,2025-04-10 11:00:00,142980.0
Korea,2025-04-10 12:00:00,2025-04-10 12:00:00,142980.0
Korea,2025-04-10 13:00:00,2025-04-10 13:00:00,148790.0
Korea,2025-04-10 14:00:00,2025-04-10 14:00:00,139450.0
Korea,2025-04-10 15:00:00,2025-04-10 15:00:00,139150.0
Korea,2025-04-10 16:00:00,2025-04-10 16:00:00,137020.0
Korea,2025-04-10 17:00:00,2025-04-10 17:00:00,137060.0
Korea,2025-04-10 18:00:00,2025-04-10 18:00:00,137070.0
Korea,2025-04-10 19:00:00,2025-04-10 19:00:00,137070.0
Korea,2025-04-10 20:00:00,2025-04-10 20:00:00,136980.0
Korea,2025-04-10 21:00:00,2025-04-10 21:00:00,135960.0
Korea,2025-04-10 22:00:00,2025-04-10 22:00:00,135730.0
Korea,2025-04-10 23:00:00,2025-04-10 23:00:00,118810.0
Korea,2025-04-11 00:00:00,2025-04-11 00:00:00,115350.0
Korea,2025-04-11 01:00:00,2025-04-11 01:00:00,99110.0
Korea,2025-04-11 02:00:00,2025-04-11 02:00:00,98290.0
Korea,2025-04-11 03:00:00,2025-04-11 03:00:00,98320.0
Korea,2025-04-11 04:00:00,2025-04-11 04:00:00,99120.0
Korea,2025-04-11 05:00:00,2025-04-11 05:00:00,115670.0
Korea,2025-04-11 06:00:00,2025-04-11 06:00:00,138960.0
Korea,2025-04-11 07:00:00,2025-04-11 07:00:00,139090.0
Korea,2025-04-11 08:00:00,2025-04-11 08:00:00,139890.0
Korea,2025-04-11 09:00:00,2025-04-11 09:00:00,140030.0
Korea,2025-04-11 10:00:00,2025-04-11 10:00:00,144650.0
Korea,2025-04-11 11:00:00,2025-04-11 11:00:00,139500.0
Korea,2025-04-11 12:00:00,2025-04-11 12:00:00,133390.0
Korea,2025-04-11 13:00:00,2025-04-11 13:00:00,133380.0
Korea,2025-04-11 14:00:00,2025-04-11 14:00:00,133380.0
Korea,2025-04-11 15:00:00,2025-04-11 15:00:00,139330.0
Korea,2025-04-11 16:00:00,2025-04-11 16:00:00,133390.0
Korea,2025-04-11 17:00:00,2025-04-11 17:00:00,140380.0
Korea,2025-04-11 18:00:00,2025-04-11 18:00:00,141280.0
Korea,2025-04-11 19:00:00,2025-04-11 19:00:00,141500.0
Korea,2025-04-11 20:00:00,2025-04-11 20:00:00,140930.0
Korea,2025-04-11 21:00:00,2025-04-11 21:00:00,133410.0
Korea,2025-04-11 22:00:00,2025-04-11 22:00:00,133410.0
Korea,2025-04-11 23:00:00,2025-04-11 23:00:00,127640.0
Korea,2025-04-12 00:00:00,2025-04-12 00:00:00,129400.0
Korea,2025-04-12 01:00:00,2025-04-12 01:00:00,98550.0
Korea,2025-04-12 02:00:00,2025-04-12 02:00:00,93690.0
Korea,2025-04-12 03:00:00,2025-04-12 03:00:00,92250.0
Korea,2025-04-12 04:00:00,2025-04-12 04:00:00,92580.0
Korea,2025-04-12 05:00:00,2025-04-12 05:00:00,98550.0
Korea,2025-04-12 06:00:00,2025-04-12 06:00:00,98900.0
Korea,2025-04-12 07:00:00,2025-04-12 07:00:00,99230.0
Korea,2025-04-12 08:00:00,2025-04-12 08:00:00,99260.0
Korea,2025-04-12 09:00:00,2025-04-12 09:00:00,111230.0
Korea,2025-04-12 10:00:00,2025-04-12 10:00:00,139870.0
Korea,2025-04-12 11:00:00,2025-04-12 11:00:00,139860.0
Korea,2025-04-12 12:00:00,2025-04-12 12:00:00,139860.0
Korea,2025-04-12 13:00:00,2025-04-12 13:00:00,139870.0
Korea,2025-04-12 14:00:00,2025-04-12 14:00:00,139860.0
Korea,2025-04-12 15:00:00,2025-04-12 15:00:00,156660.0
Korea,2025-04-12 16:00:00,2025-04-12 16:00:00,134490.0
Korea,2025-04-12 17:00:00,2025-04-12 17:00:00,129400.0
Korea,2025-04-12 18:00:00,2025-04-12 18:00:00,129400.0
Korea,2025-04-12 19:00:00,2025-04-12 19:00:00,129400.0
Korea,2025-04-12 20:00:00,2025-04-12 20:00:00,129400.0
Korea,2025-04-12 21:00:00,2025-04-12 21:00:00,129400.0
Korea,2025-04-12 22:00:00,2025-04-12 22:00:00,129400.0
Korea,2025-04-12 23:00:00,2025-04-12 23:00:00,129400.0
Korea,2025-04-13 00:00:00,2025-04-13 00:00:00,114770.0
Korea,2025-04-13 01:00:00,2025-04-13 01:00:00,98160.0
Korea,2025-04-13 02:00:00,2025-04-13 02:00:00,84980.0
Korea,2025-04-13 03:00:00,2025-04-13 03:00:00,86610.0
Korea,2025-04-13 04:00:00,2025-04-13 04:00:00,99420.0
Korea,2025-04-13 05:00:00,2025-04-13 05:00:00,117070.0
Korea,2025-04-13 06:00:00,2025-04-13 06:00:00,117070.0
Korea,2025-04-13 07:00:00,2025-04-13 07:00:00,115610.0
Korea,2025-04-13 08:00:00,2025-04-13 08:00:00,98400.0
Korea,2025-04-13 09:00:00,2025-04-13 09:00:00,98650.0
Korea,2025-04-13 10:00:00,2025-04-13 10:00:00,99540.0
Korea,2025-04-13 11:00:00,2025-04-13 11:00:00,99010.0
Korea,2025-04-13 12:00:00,2025-04-13 12:00:00,99040.0
Korea,2025-04-13 13:00:00,2025-04-13 13:00:00,99090.0
Korea,2025-04-13 14:00:00,2025-04-13 14:00:00,98720.0
Korea,2025-04-13 15:00:00,2025-04-13 15:00:00,99400.0
Korea,2025-04-13 16:00:00,2025-04-13 16:00:00,99210.0
Korea,2025-04-13 17:00:00,2025-04-13 17:00:00,99400.0
Korea,2025-04-13 18:00:00,2025-04-13 18:00:00,118630.0
Korea,2025-04-13 19:00:00,2025-04-13 19:00:00,118630.0
Korea,2025-04-13 20:00:00,2025-04-13 20:00:00,118630.0
Korea,2025-04-13 21:00:00,2025-04-13 21:00:00,118630.0
Korea,2025-04-13 22:00:00,2025-04-13 22:00:00,118630.0
Korea,2025-04-13 23:00:00,2025-04-13 23:00:00,116170.0
Korea,2025-04-14 00:00:00,2025-04-14 00:00:00,93310.0
Korea,2025-04-14 01:00:00,2025-04-14 01:00:00,83850.0
Korea,2025-04-14 02:00:00,2025-04-14 02:00:00,83850.0
Korea,2025-04-14 03:00:00,2025-04-14 03:00:00,83850.0
Korea,2025-04-14 04:00:00,2025-04-14 04:00:00,83850.0
Korea,2025-04-14 05:00:00,2025-04-14 05:00:00,103490.0
Korea,2025-04-14 06:00:00,2025-04-14 06:00:00,98120.0
Korea,2025-04-14 07:00:00,2025-04-14 07:00:00,117010.0
Korea,2025-04-14 08:00:00,2025-04-14 08:00:00,159720.0
Korea,2025-04-14 09:00:00,2025-04-14 09:00:00,154180.0
Korea,2025-04-14 10:00:00,2025-04-14 10:00:00,159720.0
Korea,2025-04-14 11:00:00,2025-04-14 11:00:00,152900.0
Korea,2025-04-14 12:00:00,2025-04-14 12:00:00,139140.0
Korea,2025-04-14 13:00:00,2025-04-14 13:00:00,152900.0
Korea,2025-04-14 14:00:00,2025-04-14 14:00:00,161860.0
Korea,2025-04-14 15:00:00,2025-04-14 15:00:00,154340.0
Korea,2025-04-14 16:00:00,2025-04-14 16:00:00,148210.0
Korea,2025-04-14 17:00:00,2025-04-14 17:00:00,148210.0
Korea,2025-04-14 18:00:00,2025-04-14 18:00:00,148260.0
Korea,2025-04-14 19:00:00,2025-04-14 19:00:00,148240.0
Korea,2025-04-14 20:00:00,2025-04-14 20:00:00,137990.0
Korea,2025-04-14 21:00:00,2025-04-14 21:00:00,137940.0
Korea,2025-04-14 22:00:00,2025-04-14 22:00:00,137910.0
Korea,2025-04-14 23:00:00,2025-04-14 23:00:00,137910.0
Korea,2025-04-15 00:00:00,2025-04-15 00:00:00,117350.0
Korea,2025-04-15 01:00:00,2025-04-15 01:00:00,116190.0
Korea,2025-04-15 02:00:00,2025-04-15 02:00:00,108840.0
Korea,2025-04-15 03:00:00,2025-04-15 03:00:00,108680.0
Korea,2025-04-15 04:00:00,2025-04-15 04:00:00,109210.0
Korea,2025-04-15 05:00:00,2025-04-15 05:00:00,134660.0
Korea,2025-04-15 06:00:00,2025-04-15 06:00:00,135090.0
Korea,2025-04-15 07:00:00,2025-04-15 07:00:00,135170.0
Korea,2025-04-15 08:00:00,2025-04-15 08:00:00,139340.0
Korea,2025-04-15 09:00:00,2025-04-15 09:00:00,137290.0
Korea,2025-04-15 10:00:00,2025-04-15 10:00:00,139350.0
Korea,2025-04-15 11:00:00,2025-04-15 11:00:00,137280.0
Korea,2025-04-15 12:00:00,2025-04-15 12:00:00,136980.0
Korea,2025-04-15 13:00:00,2025-04-15 13:00:00,137130.0
Korea,2025-04-15 14:00:00,2025-04-15 14:00:00,137240.0
Korea,2025-04-15 15:00:00,2025-04-15 15:00:00,137280.0
Korea,2025-04-15 16:00:00,2025-04-15 16:00:00,137280.0
Korea,2025-04-15 17:00:00,2025-04-15 17:00:00,137130.0
Korea,2025-04-15 18:00:00,2025-04-15 18:00:00,137290.0
Korea,2025-04-15 19:00:00,2025-04-15 19:00:00,155400.0
Korea,2025-04-15 20:00:00,2025-04-15 20:00:00,155400.0
Korea,2025-04-15 21:00:00,2025-04-15 21:00:00,153150.0
Korea,2025-04-15 22:00:00,2025-04-15 22:00:00,153140.0
Korea,2025-04-15 23:00:00,2025-04-15 23:00:00,152580.0
Korea,2025-04-16 00:00:00,2025-04-16 00:00:00,146100.0
Korea,2025-04-16 01:00:00,2025-04-16 01:00:00,116000.0
Korea,2025-04-16 02:00:00,2025-04-16 02:00:00,100150.0
Korea,2025-04-16 03:00:00,2025-04-16 03:00:00,109050.0
Korea,2025-04-16 04:00:00,2025-04-16 04:00:00,116190.0
Korea,2025-04-16 05:00:00,2025-04-16 05:00:00,136030.0
Korea,2025-04-16 06:00:00,2025-04-16 06:00:00,136460.0
Korea,2025-04-16 07:00:00,2025-04-16 07:00:00,138060.0
Korea,2025-04-16 08:00:00,2025-04-16 08:00:00,138460.0
Korea,2025-04-16 09:00:00,2025-04-16 09:00:00,159970.0
Korea,2025-04-16 10:00:00,2025-04-16 10:00:00,162070.0
Korea,2025-04-16 11:00:00,2025-04-16 11:00:00,144570.0
Korea,2025-04-16 12:00:00,2025-04-16 12:00:00,138390.0
Korea,2025-04-16 13:00:00,2025-04-16 13:00:00,144530.0
Korea,2025-04-16 14:00:00,2025-04-16 14:00:00,144500.0
Korea,2025-04-16 15:00:00,2025-04-16 15:00:00,161650.0
Korea,2025-04-16 16:00:00,2025-04-16 16:00:00,138420.0
Korea,2025-04-16 17:00:00,2025-04-16 17:00:00,138360.0
Korea,2025-04-16 18:00:00,2025-04-16 18:00:00,138290.0
Korea,2025-04-16 19:00:00,2025-04-16 19:00:00,138290.0
Korea,2025-04-16 20:00:00,2025-04-16 20:00:00,138220.0
Korea,2025-04-16 21:00:00,2025-04-16 21:00:00,138070.0
Korea,2025-04-16 22:00:00,2025-04-16 22:00:00,138070.0
Korea,2025-04-16 23:00:00,2025-04-16 23:00:00,137790.0
Korea,2025-04-17 00:00:00,2025-04-17 00:00:00,115100.0
Korea,2025-04-17 01:00:00,2025-04-17 01:00:00,99250.0
Korea,2025-04-17 02:00:00,2025-04-17 02:00:00,98730.0
Korea,2025-04-17 03:00:00,2025-04-17 03:00:00,98350.0
Korea,2025-04-17 04:00:00,2025-04-17 04:00:00,98930.0
Korea,2025-04-17 05:00:00,2025-04-17 05:00:00,113060.0
Korea,2025-04-17 06:00:00,2025-04-17 06:00:00,116200.0
Korea,2025-04-17 07:00:00,2025-04-17 07:00:00,135060.0
Korea,2025-04-17 08:00:00,2025-04-17 08:00:00,142180.0
Korea,2025-04-17 09:00:00,2025-04-17 09:00:00,142330.0
Korea,2025-04-17 10:00:00,2025-04-17 10:00:00,142330.0
Korea,2025-04-17 11:00:00,2025-04-17 11:00:00,142320.0
Korea,2025-04-17 12:00:00,2025-04-17 12:00:00,142010.0
Korea,2025-04-17 13:00:00,2025-04-17 13:00:00,139350.0
Korea,2025-04-17 14:00:00,2025-04-17 14:00:00,139330.0
Korea,2025-04-17 15:00:00,2025-04-17 15:00:00,154080.0
Korea,2025-04-17 16:00:00,2025-04-17 16:00:00,137870.0
Korea,2025-04-17 17:00:00,2025-04-17 17:00:00,137670.0
Korea,2025-04-17 18:00:00,2025-04-17 18:00:00,137030.0
Korea,2025-04-17 19:00:00,2025-04-17 19:00:00,136950.0
Korea,2025-04-17 20:00:00,2025-04-17 20:00:00,137450.0
Korea,2025-04-17 21:00:00,2025-04-17 21:00:00,136120.0
Korea,2025-04-17 22:00:00,2025-04-17 22:00:00,137180.0
Korea,2025-04-17 23:00:00,2025-04-17 23:00:00,132580.0
Korea,2025-04-18 00:00:00,2025-04-18 00:00:00,112960.0
Korea,2025-04-18 01:00:00,2025-04-18 01:00:00,98750.0
Korea,2025-04-18 02:00:00,2025-04-18 02:00:00,111760.0
Korea,2025-04-18 03:00:00,2025-04-18 03:00:00,111760.0
Korea,2025-04-18 04:00:00,2025-04-18 04:00:00,115760.0
Korea,2025-04-18 05:00:00,2025-04-18 05:00:00,116200.0
Korea,2025-04-18 06:00:00,2025-04-18 06:00:00,116200.0
Korea,2025-04-18 07:00:00,2025-04-18 07:00:00,139340.0
Korea,2025-04-18 08:00:00,2025-04-18 08:00:00,142170.0
Korea,2025-04-18 09:00:00,2025-04-18 09:00:00,142170.0
Korea,2025-04-18 10:00:00,2025-04-18 10:00:00,183320.0
Korea,2025-04-18 11:00:00,2025-04-18 11:00:00,154690.0
Korea,2025-04-18 12:00:00,2025-04-18 12:00:00,137270.0
Korea,2025-04-18 13:00:00,2025-04-18 13:00:00,137270.0
Korea,2025-04-18 14:00:00,2025-04-18 14:00:00,137270.0
Korea,2025-04-18 15:00:00,2025-04-18 15:00:00,137270.0
Korea,2025-04-18 16:00:00,2025-04-18 16:00:00,137270.0
Korea,2025-04-18 17:00:00,2025-04-18 17:00:00,137600.0
Korea,2025-04-18 18:00:00,2025-04-18 18:00:00,135760.0
Korea,2025-04-18 19:00:00,2025-04-18 19:00:00,137200.0
Korea,2025-04-18 20:00:00,2025-04-18 20:00:00,135210.0
Korea,2025-04-18 21:00:00,2025-04-18 21:00:00,132720.0
Korea,2025-04-18 22:00:00,2025-04-18 22:00:00,118170.0
Korea,2025-04-18 23:00:00,2025-04-18 23:00:00,118370.0
Korea,2025-04-19 00:00:00,2025-04-19 00:00:00,98950.0
Korea,2025-04-19 01:00:00,2025-04-19 01:00:00,98950.0
Korea,2025-04-19 02:00:00,2025-04-19 02:00:00,98360.0
Korea,2025-04-19 03:00:00,2025-04-19 03:00:00,98270.0
Korea,2025-04-19 04:00:00,2025-04-19 04:00:00,98360.0
Korea,2025-04-19 05:00:00,2025-04-19 05:00:00,98360.0
Korea,2025-04-19 06:00:00,2025-04-19 06:00:00,113410.0
Korea,2025-04-19 07:00:00,2025-04-19 07:00:00,112740.0
Korea,2025-04-19 08:00:00,2025-04-19 08:00:00,112800.0
Korea,2025-04-19 09:00:00,2025-04-19 09:00:00,97930.0
Korea,2025-04-19 10:00:00,2025-04-19 10:00:00,98360.0
Korea,2025-04-19 11:00:00,2025-04-19 11:00:00,98070.0
Korea,2025-04-19 12:00:00,2025-04-19 12:00:00,98020.0
Korea,2025-04-19 13:00:00,2025-04-19 13:00:00,100430.0
Korea,2025-04-19 14:00:00,2025-04-19 14:00:00,113790.0
Korea,2025-04-19 15:00:00,2025-04-19 15:00:00,100490.0
Korea,2025-04-19 16:00:00,2025-04-19 16:00:00,99440.0
Korea,2025-04-19 17:00:00,2025-04-19 17:00:00,99920.0
Korea,2025-04-19 18:00:00,2025-04-19 18:00:00,100580.0
Korea,2025-04-19 19:00:00,2025-04-19 19:00:00,100640.0
Korea,2025-04-19 20:00:00,2025-04-19 20:00:00,100640.0
Korea,2025-04-19 21:00:00,2025-04-19 21:00:00,100700.0
Korea,2025-04-19 22:00:00,2025-04-19 22:00:00,100700.0
Korea,2025-04-19 23:00:00,2025-04-19 23:00:00,100700.0
Korea,2025-04-20 00:00:00,2025-04-20 00:00:00,99840.0
Korea,2025-04-20 01:00:00,2025-04-20 01:00:00,99470.0
Korea,2025-04-20 02:00:00,2025-04-20 02:00:00,84900.0
Korea,2025-04-20 03:00:00,2025-04-20 03:00:00,92380.0
Korea,2025-04-20 04:00:00,2025-04-20 04:00:00,99490.0
Korea,2025-04-20 05:00:00,2025-04-20 05:00:00,100200.0
Korea,2025-04-20 06:00:00,2025-04-20 06:00:00,100200.0
Korea,2025-04-20 07:00:00,2025-04-20 07:00:00,99610.0
Korea,2025-04-20 08:00:00,2025-04-20 08:00:00,81090.0
Korea,2025-04-20 09:00:00,2025-04-20 09:00:00,99820.0
Korea,2025-04-20 10:00:00,2025-04-20 10:00:00,113380.0
Korea,2025-04-20 11:00:00,2025-04-20 11:00:00,99820.0
Korea,2025-04-20 12:00:00,2025-04-20 12:00:00,0.0
Korea,2025-04-20 13:00:00,2025-04-20 13:00:00,99640.0
Korea,2025-04-20 14:00:00,2025-04-20 14:00:00,99700.0
Korea,2025-04-20 15:00:00,2025-04-20 15:00:00,99950.0
Korea,2025-04-20 16:00:00,2025-04-20 16:00:00,99910.0
Korea,2025-04-20 17:00:00,2025-04-20 17:00:00,99600.0
Korea,2025-04-20 18:00:00,2025-04-20 18:00:00,100150.0
Korea,2025-04-20 19:00:00,2025-04-20 19:00:00,111910.0
Korea,2025-04-20 20:00:00,2025-04-20 20:00:00,111910.0
Korea,2025-04-20 21:00:00,2025-04-20 21:00:00,111910.0
Korea,2025-04-20 22:00:00,2025-04-20 22:00:00,111910.0
Korea,2025-04-20 23:00:00,2025-04-20 23:00:00,111870.0
Korea,2025-04-21 00:00:00,2025-04-21 00:00:00,102860.0
Korea,2025-04-21 01:00:00,2025-04-21 01:00:00,92940.0
Korea,2025-04-21 02:00:00,2025-04-21 02:00:00,92940.0
Korea,2025-04-21 03:00:00,2025-04-21 03:00:00,92940.0
Korea,2025-04-21 04:00:00,2025-04-21 04:00:00,93240.0
Korea,2025-04-21 05:00:00,2025-04-21 05:00:00,115220.0
Korea,2025-04-21 06:00:00,2025-04-21 06:00:00,116680.0
Korea,2025-04-21 07:00:00,2025-04-21 07:00:00,117690.0
Korea,2025-04-21 08:00:00,2025-04-21 08:00:00,137690.0
Korea,2025-04-21 09:00:00,2025-04-21 09:00:00,137300.0
Korea,2025-04-21 10:00:00,2025-04-21 10:00:00,157600.0
Korea,2025-04-21 11:00:00,2025-04-21 11:00:00,138150.0
Korea,2025-04-21 12:00:00,2025-04-21 12:00:00,137090.0
Korea,2025-04-21 13:00:00,2025-04-21 13:00:00,137090.0
Korea,2025-04-21 14:00:00,2025-04-21 14:00:00,137090.0
Korea,2025-04-21 15:00:00,2025-04-21 15:00:00,139330.0
Korea,2025-04-21 16:00:00,2025-04-21 16:00:00,137090.0
Korea,2025-04-21 17:00:00,2025-04-21 17:00:00,137090.0
Korea,2025-04-21 18:00:00,2025-04-21 18:00:00,137390.0
Korea,2025-04-21 19:00:00,2025-04-21 19:00:00,137390.0
Korea,2025-04-21 20:00:00,2025-04-21 20:00:00,136830.0
Korea,2025-04-21 21:00:00,2025-04-21 21:00:00,134400.0
Korea,2025-04-21 22:00:00,2025-04-21 22:00:00,117830.0
Korea,2025-04-21 23:00:00,2025-04-21 23:00:00,117830.0
Korea,2025-04-22 00:00:00,2025-04-22 00:00:00,113740.0
Korea,2025-04-22 01:00:00,2025-04-22 01:00:00,84960.0
Korea,2025-04-22 02:00:00,2025-04-22 02:00:00,84960.0
Korea,2025-04-22 03:00:00,2025-04-22 03:00:00,84960.0
Korea,2025-04-22 04:00:00,2025-04-22 04:00:00,84960.0
Korea,2025-04-22 05:00:00,2025-04-22 05:00:00,94700.0
Korea,2025-04-22 06:00:00,2025-04-22 06:00:00,98420.0
Korea,2025-04-22 07:00:00,2025-04-22 07:00:00,116930.0
Korea,2025-04-22 08:00:00,2025-04-22 08:00:00,137920.0
Korea,2025-04-22 09:00:00,2025-04-22 09:00:00,145440.0
Korea,2025-04-22 10:00:00,2025-04-22 10:00:00,148050.0
Korea,2025-04-22 11:00:00,2025-04-22 11:00:00,148050.0
Korea,2025-04-22 12:00:00,2025-04-22 12:00:00,138960.0
Korea,2025-04-22 13:00:00,2025-04-22 13:00:00,148650.0
Korea,2025-04-22 14:00:00,2025-04-22 14:00:00,166110.0
Korea,2025-04-22 15:00:00,2025-04-22 15:00:00,166110.0
Korea,2025-04-22 16:00:00,2025-04-22 16:00:00,141090.0
Korea,2025-04-22 17:00:00,2025-04-22 17:00:00,141090.0
Korea,2025-04-22 18:00:00,2025-04-22 18:00:00,141100.0
Korea,2025-04-22 19:00:00,2025-04-22 19:00:00,137540.0
Korea,2025-04-22 20:00:00,2025-04-22 20:00:00,137910.0
Korea,2025-04-22 21:00:00,2025-04-22 21:00:00,137930.0
Korea,2025-04-22 22:00:00,2025-04-22 22:00:00,137420.0
Korea,2025-04-22 23:00:00,2025-04-22 23:00:00,120670.0
Korea,2025-04-23 00:00:00,2025-04-23 00:00:00,99260.0
Korea,2025-04-23 01:00:00,2025-04-23 01:00:00,97960.0
Korea,2025-04-23 02:00:00,2025-04-23 02:00:00,92240.0
Korea,2025-04-23 03:00:00,2025-04-23 03:00:00,97690.0
Korea,2025-04-23 04:00:00,2025-04-23 04:00:00,99270.0
Korea,2025-04-23 05:00:00,2025-04-23 05:00:00,129370.0
Korea,2025-04-23 06:00:00,2025-04-23 06:00:00,133380.0
Korea,2025-04-23 07:00:00,2025-04-23 07:00:00,133590.0
Korea,2025-04-23 08:00:00,2025-04-23 08:00:00,137890.0
Korea,2025-04-23 09:00:00,2025-04-23 09:00:00,141700.0
Korea,2025-04-23 10:00:00,2025-04-23 10:00:00,141700.0
Korea,2025-04-23 11:00:00,2025-04-23 11:00:00,141700.0
Korea,2025-04-23 12:00:00,2025-04-23 12:00:00,141620.0
Korea,2025-04-23 13:00:00,2025-04-23 13:00:00,138070.0
Korea,2025-04-23 14:00:00,2025-04-23 14:00:00,138070.0
Korea,2025-04-23 15:00:00,2025-04-23 15:00:00,139480.0
Korea,2025-04-23 16:00:00,2025-04-23 16:00:00,137320.0
Korea,2025-04-23 17:00:00,2025-04-23 17:00:00,161960.0
Korea,2025-04-23 18:00:00,2025-04-23 18:00:00,137340.0
Korea,2025-04-23 19:00:00,2025-04-23 19:00:00,135410.0
Korea,2025-04-23 20:00:00,2025-04-23 20:00:00,134880.0
Korea,2025-04-23 21:00:00,2025-04-23 21:00:00,133590.0
Korea,2025-04-23 22:00:00,2025-04-23 22:00:00,129370.0
Korea,2025-04-23 23:00:00,2025-04-23 23:00:00,129370.0
Korea,2025-04-24 00:00:00,2025-04-24 00:00:00,114150.0
Korea,2025-04-24 01:00:00,2025-04-24 01:00:00,98530.0
Korea,2025-04-24 02:00:00,2025-04-24 02:00:00,97520.0
Korea,2025-04-24 03:00:00,2025-04-24 03:00:00,97520.0
Korea,2025-04-24 04:00:00,2025-04-24 04:00:00,98920.0
Korea,2025-04-24 05:00:00,2025-04-24 05:00:00,115550.0
Korea,2025-04-24 06:00:00,2025-04-24 06:00:00,132890.0
Korea,2025-04-24 07:00:00,2025-04-24 07:00:00,132880.0
Korea,2025-04-24 08:00:00,2025-04-24 08:00:00,137630.0
Korea,2025-04-24 09:00:00,2025-04-24 09:00:00,137300.0
Korea,2025-04-24 10:00:00,2025-04-24 10:00:00,139280.0
Korea,2025-04-24 11:00:00,2025-04-24 11:00:00,154690.0
Korea,2025-04-24 12:00:00,2025-04-24 12:00:00,137300.0
Korea,2025-04-24 13:00:00,2025-04-24 13:00:00,139280.0
Korea,2025-04-24 14:00:00,2025-04-24 14:00:00,138000.0
Korea,2025-04-24 15:00:00,2025-04-24 15:00:00,139280.0
Korea,2025-04-24 16:00:00,2025-04-24 16:00:00,137300.0
Korea,2025-04-24 17:00:00,2025-04-24 17:00:00,145980.0
Korea,2025-04-24 18:00:00,2025-04-24 18:00:00,146860.0
Korea,2025-04-24 19:00:00,2025-04-24 19:00:00,146960.0
Korea,2025-04-24 20:00:00,2025-04-24 20:00:00,135000.0
Korea,2025-04-24 21:00:00,2025-04-24 21:00:00,132890.0
Korea,2025-04-24 22:00:00,2025-04-24 22:00:00,118640.0
Korea,2025-04-24 23:00:00,2025-04-24 23:00:00,118170.0
Korea,2025-04-25 00:00:00,2025-04-25 00:00:00,99190.0
Korea,2025-04-25 01:00:00,2025-04-25 01:00:00,97850.0
Korea,2025-04-25 02:00:00,2025-04-25 02:00:00,97940.0
Korea,2025-04-25 03:00:00,2025-04-25 03:00:00,95190.0
Korea,2025-04-25 04:00:00,2025-04-25 04:00:00,99180.0
Korea,2025-04-25 05:00:00,2025-04-25 05:00:00,115710.0
Korea,2025-04-25 06:00:00,2025-04-25 06:00:00,116880.0
Korea,2025-04-25 07:00:00,2025-04-25 07:00:00,115720.0
Korea,2025-04-25 08:00:00,2025-04-25 08:00:00,137870.0
Korea,2025-04-25 09:00:00,2025-04-25 09:00:00,137860.0
Korea,2025-04-25 10:00:00,2025-04-25 10:00:00,139260.0
Korea,2025-04-25 11:00:00,2025-04-25 11:00:00,138340.0
Korea,2025-04-25 12:00:00,2025-04-25 12:00:00,137860.0
Korea,2025-04-25 13:00:00,2025-04-25 13:00:00,137860.0
Korea,2025-04-25 14:00:00,2025-04-25 14:00:00,137860.0
Korea,2025-04-25 15:00:00,2025-04-25 15:00:00,137860.0
Korea,2025-04-25 16:00:00,2025-04-25 16:00:00,137860.0
Korea,2025-04-25 17:00:00,2025-04-25 17:00:00,138070.0
Korea,2025-04-25 18:00:00,2025-04-25 18:00:00,134980.0
Korea,2025-04-25 19:00:00,2025-04-25 19:00:00,135000.0
Korea,2025-04-25 20:00:00,2025-04-25 20:00:00,134410.0
Korea,2025-04-25 21:00:00,2025-04-25 21:00:00,133040.0
Korea,2025-04-25 22:00:00,2025-04-25 22:00:00,133040.0
Korea,2025-04-25 23:00:00,2025-04-25 23:00:00,118780.0
Korea,2025-04-26 00:00:00,2025-04-26 00:00:00,111730.0
Korea,2025-04-26 01:00:00,2025-04-26 01:00:00,98420.0
Korea,2025-04-26 02:00:00,2025-04-26 02:00:00,93430.0
Korea,2025-04-26 03:00:00,2025-04-26 03:00:00,93430.0
Korea,2025-04-26 04:00:00,2025-04-26 04:00:00,110810.0
Korea,2025-04-26 05:00:00,2025-04-26 05:00:00,114900.0
Korea,2025-04-26 06:00:00,2025-04-26 06:00:00,115840.0
Korea,2025-04-26 07:00:00,2025-04-26 07:00:00,111160.0
Korea,2025-04-26 08:00:00,2025-04-26 08:00:00,111300.0
Korea,2025-04-26 09:00:00,2025-04-26 09:00:00,111580.0
Korea,2025-04-26 10:00:00,2025-04-26 10:00:00,115440.0
Korea,2025-04-26 11:00:00,2025-04-26 11:00:00,115230.0
Korea,2025-04-26 12:00:00,2025-04-26 12:00:00,112510.0
Korea,2025-04-26 13:00:00,2025-04-26 13:00:00,112510.0
Korea,2025-04-26 14:00:00,2025-04-26 14:00:00,115840.0
Korea,2025-04-26 15:00:00,2025-04-26 15:00:00,117130.0
Korea,2025-04-26 16:00:00,2025-04-26 16:00:00,112110.0
Korea,2025-04-26 17:00:00,2025-04-26 17:00:00,116350.0
Korea,2025-04-26 18:00:00,2025-04-26 18:00:00,115840.0
Korea,2025-04-26 19:00:00,2025-04-26 19:00:00,115840.0
Korea,2025-04-26 20:00:00,2025-04-26 20:00:00,115840.0
Korea,2025-04-26 21:00:00,2025-04-26 21:00:00,115840.0
Korea,2025-04-26 22:00:00,2025-04-26 22:00:00,115840.0
Korea,2025-04-26 23:00:00,2025-04-26 23:00:00,115840.0
Korea,2025-04-27 00:00:00,2025-04-27 00:00:00,99560.0
Korea,2025-04-27 01:00:00,2025-04-27 01:00:00,85050.0
Korea,2025-04-27 02:00:00,2025-04-27 02:00:00,92940.0
Korea,2025-04-27 03:00:00,2025-04-27 03:00:00,84910.0
Korea,2025-04-27 04:00:00,2025-04-27 04:00:00,92840.0
Korea,2025-04-27 05:00:00,2025-04-27 05:00:00,99300.0
Korea,2025-04-27 06:00:00,2025-04-27 06:00:00,99670.0
Korea,2025-04-27 07:00:00,2025-04-27 07:00:00,96390.0
Korea,2025-04-27 08:00:00,2025-04-27 08:00:00,100030.0
Korea,2025-04-27 09:00:00,2025-04-27 09:00:00,99880.0
Korea,2025-04-27 10:00:00,2025-04-27 10:00:00,100270.0
Korea,2025-04-27 11:00:00,2025-04-27 11:00:00,99880.0
Korea,2025-04-27 12:00:00,2025-04-27 12:00:00,99600.0
Korea,2025-04-27 13:00:00,2025-04-27 13:00:00,100210.0
Korea,2025-04-27 14:00:00,2025-04-27 14:00:00,100210.0
Korea,2025-04-27 15:00:00,2025-04-27 15:00:00,100270.0
Korea,2025-04-27 16:00:00,2025-04-27 16:00:00,99550.0
Korea,2025-04-27 17:00:00,2025-04-27 17:00:00,99770.0
Korea,2025-04-27 18:00:00,2025-04-27 18:00:00,100340.0
Korea,2025-04-27 19:00:00,2025-04-27 19:00:00,100400.0
Korea,2025-04-27 20:00:00,2025-04-27 20:00:00,100400.0
Korea,2025-04-27 21:00:00,2025-04-27 21:00:00,100460.0
Korea,2025-04-27 22:00:00,2025-04-27 22:00:00,100520.0
Korea,2025-04-27 23:00:00,2025-04-27 23:00:00,100520.0
Korea,2025-04-28 00:00:00,2025-04-28 00:00:00,93690.0
Korea,2025-04-28 01:00:00,2025-04-28 01:00:00,84240.0
Korea,2025-04-28 02:00:00,2025-04-28 02:00:00,84240.0
Korea,2025-04-28 03:00:00,2025-04-28 03:00:00,84240.0
Korea,2025-04-28 04:00:00,2025-04-28 04:00:00,84240.0
Korea,2025-04-28 05:00:00,2025-04-28 05:00:00,88670.0
Korea,2025-04-28 06:00:00,2025-04-28 06:00:00,99710.0
Korea,2025-04-28 07:00:00,2025-04-28 07:00:00,115810.0
Korea,2025-04-28 08:00:00,2025-04-28 08:00:00,138340.0
Korea,2025-04-28 09:00:00,2025-04-28 09:00:00,136650.0
Korea,2025-04-28 10:00:00,2025-04-28 10:00:00,139280.0
Korea,2025-04-28 11:00:00,2025-04-28 11:00:00,145510.0
Korea,2025-04-28 12:00:00,2025-04-28 12:00:00,136090.0
Korea,2025-04-28 13:00:00,2025-04-28 13:00:00,136630.0
Korea,2025-04-28 14:00:00,2025-04-28 14:00:00,136930.0
Korea,2025-04-28 15:00:00,2025-04-28 15:00:00,157470.0
Korea,2025-04-28 16:00:00,2025-04-28 16:00:00,137210.0
Korea,2025-04-28 17:00:00,2025-04-28 17:00:00,135920.0
Korea,2025-04-28 18:00:00,2025-04-28 18:00:00,116750.0
Korea,2025-04-28 19:00:00,2025-04-28 19:00:00,116750.0
Korea,2025-04-28 20:00:00,2025-04-28 20:00:00,116290.0
Korea,2025-04-28 21:00:00,2025-04-28 21:00:00,99960.0
Korea,2025-04-28 22:00:00,2025-04-28 22:00:00,100000.0
Korea,2025-04-28 23:00:00,2025-04-28 23:00:00,100050.0
Korea,2025-04-29 00:00:00,2025-04-29 00:00:00,115550.0
Korea,2025-04-29 01:00:00,2025-04-29 01:00:00,98460.0
Korea,2025-04-29 02:00:00,2025-04-29 02:00:00,98250.0
Korea,2025-04-29 03:00:00,2025-04-29 03:00:00,97500.0
Korea,2025-04-29 04:00:00,2025-04-29 04:00:00,98460.0
Korea,2025-04-29 05:00:00,2025-04-29 05:00:00,113970.0
Korea,2025-04-29 06:00:00,2025-04-29 06:00:00,116290.0
Korea,2025-04-29 07:00:00,2025-04-29 07:00:00,139340.0
Korea,2025-04-29 08:00:00,2025-04-29 08:00:00,136680.0
Korea,2025-04-29 09:00:00,2025-04-29 09:00:00,139360.0
Korea,2025-04-29 10:00:00,2025-04-29 10:00:00,161240.0
Korea,2025-04-29 11:00:00,2025-04-29 11:00:00,147130.0
Korea,2025-04-29 12:00:00,2025-04-29 12:00:00,136120.0
Korea,2025-04-29 13:00:00,2025-04-29 13:00:00,137080.0
Korea,2025-04-29 14:00:00,2025-04-29 14:00:00,139330.0
Korea,2025-04-29 15:00:00,2025-04-29 15:00:00,139330.0
Korea,2025-04-29 16:00:00,2025-04-29 16:00:00,139330.0
Korea,2025-04-29 17:00:00,2025-04-29 17:00:00,136480.0
Korea,2025-04-29 18:00:00,2025-04-29 18:00:00,115800.0
Korea,2025-04-29 19:00:00,2025-04-29 19:00:00,117310.0
Korea,2025-04-29 20:00:00,2025-04-29 20:00:00,115800.0
Korea,2025-04-29 21:00:00,2025-04-29 21:00:00,115800.0
Korea,2025-04-29 22:00:00,2025-04-29 22:00:00,115800.0
Korea,2025-04-29 23:00:00,2025-04-29 23:00:00,115800.0
Korea,2025-04-30 00:00:00,2025-04-30 00:00:00,113640.0
Korea,2025-04-30 01:00:00,2025-04-30 01:00:00,98730.0
Korea,2025-04-30 02:00:00,2025-04-30 02:00:00,98130.0
Korea,2025-04-30 03:00:00,2025-04-30 03:00:00,98160.0
Korea,2025-04-30 04:00:00,2025-04-30 04:00:00,99220.0
Korea,2025-04-30 05:00:00,2025-04-30 05:00:00,114360.0
Korea,2025-04-30 06:00:00,2025-04-30 06:00:00,116470.0
Korea,2025-04-30 07:00:00,2025-04-30 07:00:00,137840.0
Korea,2025-04-30 08:00:00,2025-04-30 08:00:00,135990.0
Korea,2025-04-30 09:00:00,2025-04-30 09:00:00,139520.0
Korea,2025-04-30 10:00:00,2025-04-30 10:00:00,157280.0
Korea,2025-04-30 11:00:00,2025-04-30 11:00:00,139500.0
Korea,2025-04-30 12:00:00,2025-04-30 12:00:00,139470.0
Korea,2025-04-30 13:00:00,2025-04-30 13:00:00,139500.0
Korea,2025-04-30 14:00:00,2025-04-30 14:00:00,139500.0
Korea,2025-04-30 15:00:00,2025-04-30 15:00:00,146970.0
Korea,2025-04-30 16:00:00,2025-04-30 16:00:00,139380.0
Korea,2025-04-30 17:00:00,2025-04-30 17:00:00,139310.0
Korea,2025-04-30 18:00:00,2025-04-30 18:00:00,138340.0
Korea,2025-04-30 19:00:00,2025-04-30 19:00:00,138340.0
Korea,2025-04-30 20:00:00,2025-04-30 20:00:00,133790.0
Korea,2025-04-30 21:00:00,2025-04-30 21:00:00,129100.0
Korea,2025-04-30 22:00:00,2025-04-30 22:00:00,138340.0
Korea,2025-04-30 23:00:00,2025-04-30 23:00:00,139290.0
Korea,2025-05-01 00:00:00,2025-05-01 00:00:00,125640.0
Korea,2025-05-01 01:00:00,2025-05-01 01:00:00,110010.0
Korea,2025-05-01 02:00:00,2025-05-01 02:00:00,105660.0
Korea,2025-05-01 03:00:00,2025-05-01 03:00:00,103100.0
Korea,2025-05-01 04:00:00,2025-05-01 04:00:00,103100.0
Korea,2025-05-01 05:00:00,2025-05-01 05:00:00,110220.0
Korea,2025-05-01 06:00:00,2025-05-01 06:00:00,110710.0
Korea,2025-05-01 07:00:00,2025-05-01 07:00:00,110930.0
Korea,2025-05-01 08:00:00,2025-05-01 08:00:00,121780.0
Korea,2025-05-01 09:00:00,2025-05-01 09:00:00,120160.0
Korea,2025-05-01 10:00:00,2025-05-01 10:00:00,121780.0
Korea,2025-05-01 11:00:00,2025-05-01 11:00:00,121780.0
Korea,2025-05-01 12:00:00,2025-05-01 12:00:00,128720.0
Korea,2025-05-01 13:00:00,2025-05-01 13:00:00,131890.0
Korea,2025-05-01 14:00:00,2025-05-01 14:00:00,131640.0
Korea,2025-05-01 15:00:00,2025-05-01 15:00:00,131350.0
Korea,2025-05-01 16:00:00,2025-05-01 16:00:00,130560.0
Korea,2025-05-01 17:00:00,2025-05-01 17:00:00,121780.0
Korea,2025-05-01 18:00:00,2025-05-01 18:00:00,119940.0
Korea,2025-05-01 19:00:00,2025-05-01 19:00:00,119940.0
Korea,2025-05-01 20:00:00,2025-05-01 20:00:00,119680.0
Korea,2025-05-01 21:00:00,2025-05-01 21:00:00,118700.0
Korea,2025-05-01 22:00:00,2025-05-01 22:00:00,126560.0
Korea,2025-05-01 23:00:00,2025-05-01 23:00:00,111180.0
Korea,2025-05-02 00:00:00,2025-05-02 00:00:00,130630.0
Korea,2025-05-02 01:00:00,2025-05-02 01:00:00,110440.0
Korea,2025-05-02 02:00:00,2025-05-02 02:00:00,109800.0
Korea,2025-05-02 03:00:00,2025-05-02 03:00:00,106280.0
Korea,2025-05-02 04:00:00,2025-05-02 04:00:00,109980.0
Korea,2025-05-02 05:00:00,2025-05-02 05:00:00,129300.0
Korea,2025-05-02 06:00:00,2025-05-02 06:00:00,118660.0
Korea,2025-05-02 07:00:00,2025-05-02 07:00:00,130580.0
Korea,2025-05-02 08:00:00,2025-05-02 08:00:00,129820.0
Korea,2025-05-02 09:00:00,2025-05-02 09:00:00,130660.0
Korea,2025-05-02 10:00:00,2025-05-02 10:00:00,131860.0
Korea,2025-05-02 11:00:00,2025-05-02 11:00:00,131870.0
Korea,2025-05-02 12:00:00,2025-05-02 12:00:00,129930.0
Korea,2025-05-02 13:00:00,2025-05-02 13:00:00,129940.0
Korea,2025-05-02 14:00:00,2025-05-02 14:00:00,129940.0
Korea,2025-05-02 15:00:00,2025-05-02 15:00:00,129940.0
Korea,2025-05-02 16:00:00,2025-05-02 16:00:00,129930.0
Korea,2025-05-02 17:00:00,2025-05-02 17:00:00,129890.0
Korea,2025-05-02 18:00:00,2025-05-02 18:00:00,131870.0
Korea,2025-05-02 19:00:00,2025-05-02 19:00:00,129940.0
Korea,2025-05-02 20:00:00,2025-05-02 20:00:00,129980.0
Korea,2025-05-02 21:00:00,2025-05-02 21:00:00,126410.0
Korea,2025-05-02 22:00:00,2025-05-02 22:00:00,125900.0
Korea,2025-05-02 23:00:00,2025-05-02 23:00:00,124400.0
Korea,2025-05-03 00:00:00,2025-05-03 00:00:00,131080.0
Korea,2025-05-03 01:00:00,2025-05-03 01:00:00,109810.0
Korea,2025-05-03 02:00:00,2025-05-03 02:00:00,103300.0
Korea,2025-05-03 03:00:00,2025-05-03 03:00:00,101520.0
Korea,2025-05-03 04:00:00,2025-05-03 04:00:00,102430.0
Korea,2025-05-03 05:00:00,2025-05-03 05:00:00,109730.0
Korea,2025-05-03 06:00:00,2025-05-03 06:00:00,110110.0
Korea,2025-05-03 07:00:00,2025-05-03 07:00:00,118610.0
Korea,2025-05-03 08:00:00,2025-05-03 08:00:00,130640.0
Korea,2025-05-03 09:00:00,2025-05-03 09:00:00,129770.0
Korea,2025-05-03 10:00:00,2025-05-03 10:00:00,130560.0
Korea,2025-05-03 11:00:00,2025-05-03 11:00:00,128190.0
Korea,2025-05-03 12:00:00,2025-05-03 12:00:00,128180.0
Korea,2025-05-03 13:00:00,2025-05-03 13:00:00,130190.0
Korea,2025-05-03 14:00:00,2025-05-03 14:00:00,128160.0
Korea,2025-05-03 15:00:00,2025-05-03 15:00:00,127720.0
Korea,2025-05-03 16:00:00,2025-05-03 16:00:00,131130.0
Korea,2025-05-03 17:00:00,2025-05-03 17:00:00,124840.0
Korea,2025-05-03 18:00:00,2025-05-03 18:00:00,124840.0
Korea,2025-05-03 19:00:00,2025-05-03 19:00:00,130190.0
Korea,2025-05-03 20:00:00,2025-05-03 20:00:00,130190.0
Korea,2025-05-03 21:00:00,2025-05-03 21:00:00,129590.0
Korea,2025-05-03 22:00:00,2025-05-03 22:00:00,119730.0
Korea,2025-05-03 23:00:00,2025-05-03 23:00:00,118730.0
Korea,2025-05-04 00:00:00,2025-05-04 00:00:00,110940.0
Korea,2025-05-04 01:00:00,2025-05-04 01:00:00,110390.0
Korea,2025-05-04 02:00:00,2025-05-04 02:00:00,109910.0
Korea,2025-05-04 03:00:00,2025-05-04 03:00:00,94380.0
Korea,2025-05-04 04:00:00,2025-05-04 04:00:00,110720.0
Korea,2025-05-04 05:00:00,2025-05-04 05:00:00,112430.0
Korea,2025-05-04 06:00:00,2025-05-04 06:00:00,112430.0
Korea,2025-05-04 07:00:00,2025-05-04 07:00:00,130910.0
Korea,2025-05-04 08:00:00,2025-05-04 08:00:00,129730.0
Korea,2025-05-04 09:00:00,2025-05-04 09:00:00,129380.0
Korea,2025-05-04 10:00:00,2025-05-04 10:00:00,112150.0
Korea,2025-05-04 11:00:00,2025-05-04 11:00:00,111660.0
Korea,2025-05-04 12:00:00,2025-05-04 12:00:00,110600.0
Korea,2025-05-04 13:00:00,2025-05-04 13:00:00,111660.0
Korea,2025-05-04 14:00:00,2025-05-04 14:00:00,111660.0
Korea,2025-05-04 15:00:00,2025-05-04 15:00:00,119120.0
Korea,2025-05-04 16:00:00,2025-05-04 16:00:00,118490.0
Korea,2025-05-04 17:00:00,2025-05-04 17:00:00,119120.0
Korea,2025-05-04 18:00:00,2025-05-04 18:00:00,130080.0
Korea,2025-05-04 19:00:00,2025-05-04 19:00:00,130910.0
Korea,2025-05-04 20:00:00,2025-05-04 20:00:00,130070.0
Korea,2025-05-04 21:00:00,2025-05-04 21:00:00,129640.0
Korea,2025-05-04 22:00:00,2025-05-04 22:00:00,119140.0
Korea,2025-05-04 23:00:00,2025-05-04 23:00:00,119140.0
Korea,2025-05-05 00:00:00,2025-05-05 00:00:00,110460.0
Korea,2025-05-05 01:00:00,2025-05-05 01:00:00,109770.0
Korea,2025-05-05 02:00:00,2025-05-05 02:00:00,109760.0
Korea,2025-05-05 03:00:00,2025-05-05 03:00:00,94380.0
Korea,2025-05-05 04:00:00,2025-05-05 04:00:00,109740.0
Korea,2025-05-05 05:00:00,2025-05-05 05:00:00,109760.0
Korea,2025-05-05 06:00:00,2025-05-05 06:00:00,110250.0
Korea,2025-05-05 07:00:00,2025-05-05 07:00:00,110330.0
Korea,2025-05-05 08:00:00,2025-05-05 08:00:00,110440.0
Korea,2025-05-05 09:00:00,2025-05-05 09:00:00,118240.0
Korea,2025-05-05 10:00:00,2025-05-05 10:00:00,118730.0
Korea,2025-05-05 11:00:00,2025-05-05 11:00:00,121180.0
Korea,2025-05-05 12:00:00,2025-05-05 12:00:00,125460.0
Korea,2025-05-05 13:00:00,2025-05-05 13:00:00,130900.0
Korea,2025-05-05 14:00:00,2025-05-05 14:00:00,129520.0
Korea,2025-05-05 15:00:00,2025-05-05 15:00:00,130900.0
Korea,2025-05-05 16:00:00,2025-05-05 16:00:00,129010.0
Korea,2025-05-05 17:00:00,2025-05-05 17:00:00,128850.0
Korea,2025-05-05 18:00:00,2025-05-05 18:00:00,129180.0
Korea,2025-05-05 19:00:00,2025-05-05 19:00:00,131460.0
Korea,2025-05-05 20:00:00,2025-05-05 20:00:00,129040.0
Korea,2025-05-05 21:00:00,2025-05-05 21:00:00,131450.0
Korea,2025-05-05 22:00:00,2025-05-05 22:00:00,131450.0
Korea,2025-05-05 23:00:00,2025-05-05 23:00:00,118720.0
Korea,2025-05-06 00:00:00,2025-05-06 00:00:00,111280.0
Korea,2025-05-06 01:00:00,2025-05-06 01:00:00,107550.0
Korea,2025-05-06 02:00:00,2025-05-06 02:00:00,93790.0
Korea,2025-05-06 03:00:00,2025-05-06 03:00:00,93830.0
Korea,2025-05-06 04:00:00,2025-05-06 04:00:00,93880.0
Korea,2025-05-06 05:00:00,2025-05-06 05:00:00,109990.0
Korea,2025-05-06 06:00:00,2025-05-06 06:00:00,110810.0
Korea,2025-05-06 07:00:00,2025-05-06 07:00:00,119120.0
Korea,2025-05-06 08:00:00,2025-05-06 08:00:00,130860.0
Korea,2025-05-06 09:00:00,2025-05-06 09:00:00,130840.0
Korea,2025-05-06 10:00:00,2025-05-06 10:00:00,130890.0
Korea,2025-05-06 11:00:00,2025-05-06 11:00:00,130890.0
Korea,2025-05-06 12:00:00,2025-05-06 12:00:00,127480.0
Korea,2025-05-06 13:00:00,2025-05-06 13:00:00,130900.0
Korea,2025-05-06 14:00:00,2025-05-06 14:00:00,129900.0
Korea,2025-05-06 15:00:00,2025-05-06 15:00:00,130130.0
Korea,2025-05-06 16:00:00,2025-05-06 16:00:00,127480.0
Korea,2025-05-06 17:00:00,2025-05-06 17:00:00,127480.0
Korea,2025-05-06 18:00:00,2025-05-06 18:00:00,128980.0
Korea,2025-05-06 19:00:00,2025-05-06 19:00:00,130130.0
Korea,2025-05-06 20:00:00,2025-05-06 20:00:00,130130.0
Korea,2025-05-06 21:00:00,2025-05-06 21:00:00,129580.0
Korea,2025-05-06 22:00:00,2025-05-06 22:00:00,120260.0
Korea,2025-05-06 23:00:00,2025-05-06 23:00:00,118940.0
Korea,2025-05-07 00:00:00,2025-05-07 00:00:00,113260.0
Korea,2025-05-07 01:00:00,2025-05-07 01:00:00,107650.0
Korea,2025-05-07 02:00:00,2025-05-07 02:00:00,94030.0
Korea,2025-05-07 03:00:00,2025-05-07 03:00:00,91450.0
Korea,2025-05-07 04:00:00,2025-05-07 04:00:00,93950.0
Korea,2025-05-07 05:00:00,2025-05-07 05:00:00,94320.0
Korea,2025-05-07 06:00:00,2025-05-07 06:00:00,110570.0
Korea,2025-05-07 07:00:00,2025-05-07 07:00:00,122040.0
Korea,2025-05-07 08:00:00,2025-05-07 08:00:00,128830.0
Korea,2025-05-07 09:00:00,2025-05-07 09:00:00,131060.0
Korea,2025-05-07 10:00:00,2025-05-07 10:00:00,140890.0
Korea,2025-05-07 11:00:00,2025-05-07 11:00:00,131050.0
Korea,2025-05-07 12:00:00,2025-05-07 12:00:00,131050.0
Korea,2025-05-07 13:00:00,2025-05-07 13:00:00,130860.0
Korea,2025-05-07 14:00:00,2025-05-07 14:00:00,128310.0
Korea,2025-05-07 15:00:00,2025-05-07 15:00:00,128310.0
Korea,2025-05-07 16:00:00,2025-05-07 16:00:00,130640.0
Korea,2025-05-07 17:00:00,2025-05-07 17:00:00,143790.0
Korea,2025-05-07 18:00:00,2025-05-07 18:00:00,129230.0
Korea,2025-05-07 19:00:00,2025-05-07 19:00:00,128230.0
Korea,2025-05-07 20:00:00,2025-05-07 20:00:00,129400.0
Korea,2025-05-07 21:00:00,2025-05-07 21:00:00,125600.0
Korea,2025-05-07 22:00:00,2025-05-07 22:00:00,125680.0
Korea,2025-05-07 23:00:00,2025-05-07 23:00:00,118750.0
Korea,2025-05-08 00:00:00,2025-05-08 00:00:00,111320.0
Korea,2025-05-08 01:00:00,2025-05-08 01:00:00,111190.0
Korea,2025-05-08 02:00:00,2025-05-08 02:00:00,100550.0
Korea,2025-05-08 03:00:00,2025-05-08 03:00:00,100550.0
Korea,2025-05-08 04:00:00,2025-05-08 04:00:00,99430.0
Korea,2025-05-08 05:00:00,2025-05-08 05:00:00,111270.0
Korea,2025-05-08 06:00:00,2025-05-08 06:00:00,129150.0
Korea,2025-05-08 07:00:00,2025-05-08 07:00:00,126970.0
Korea,2025-05-08 08:00:00,2025-05-08 08:00:00,127140.0
Korea,2025-05-08 09:00:00,2025-05-08 09:00:00,130650.0
Korea,2025-05-08 10:00:00,2025-05-08 10:00:00,145270.0
Korea,2025-05-08 11:00:00,2025-05-08 11:00:00,144970.0
Korea,2025-05-08 12:00:00,2025-05-08 12:00:00,126790.0
Korea,2025-05-08 13:00:00,2025-05-08 13:00:00,132350.0
Korea,2025-05-08 14:00:00,2025-05-08 14:00:00,132420.0
Korea,2025-05-08 15:00:00,2025-05-08 15:00:00,132410.0
Korea,2025-05-08 16:00:00,2025-05-08 16:00:00,132420.0
Korea,2025-05-08 17:00:00,2025-05-08 17:00:00,132240.0
Korea,2025-05-08 18:00:00,2025-05-08 18:00:00,131840.0
Korea,2025-05-08 19:00:00,2025-05-08 19:00:00,131860.0
Korea,2025-05-08 20:00:00,2025-05-08 20:00:00,126630.0
Korea,2025-05-08 21:00:00,2025-05-08 21:00:00,131830.0
Korea,2025-05-08 22:00:00,2025-05-08 22:00:00,129440.0
Korea,2025-05-08 23:00:00,2025-05-08 23:00:00,111940.0
Korea,2025-05-09 00:00:00,2025-05-09 00:00:00,111930.0
Korea,2025-05-09 01:00:00,2025-05-09 01:00:00,111390.0
Korea,2025-05-09 02:00:00,2025-05-09 02:00:00,108890.0
Korea,2025-05-09 03:00:00,2025-05-09 03:00:00,93630.0
Korea,2025-05-09 04:00:00,2025-05-09 04:00:00,93630.0
Korea,2025-05-09 05:00:00,2025-05-09 05:00:00,108890.0
Korea,2025-05-09 06:00:00,2025-05-09 06:00:00,112450.0
Korea,2025-05-09 07:00:00,2025-05-09 07:00:00,112380.0
Korea,2025-05-09 08:00:00,2025-05-09 08:00:00,129290.0
Korea,2025-05-09 09:00:00,2025-05-09 09:00:00,136660.0
Korea,2025-05-09 10:00:00,2025-05-09 10:00:00,144740.0
Korea,2025-05-09 11:00:00,2025-05-09 11:00:00,136550.0
Korea,2025-05-09 12:00:00,2025-05-09 12:00:00,130640.0
Korea,2025-05-09 13:00:00,2025-05-09 13:00:00,143960.0
Korea,2025-05-09 14:00:00,2025-05-09 14:00:00,129290.0
Korea,2025-05-09 15:00:00,2025-05-09 15:00:00,129210.0
Korea,2025-05-09 16:00:00,2025-05-09 16:00:00,127020.0
Korea,2025-05-09 17:00:00,2025-05-09 17:00:00,128910.0
Korea,2025-05-09 18:00:00,2025-05-09 18:00:00,127030.0
Korea,2025-05-09 19:00:00,2025-05-09 19:00:00,127020.0
Korea,2025-05-09 20:00:00,2025-05-09 20:00:00,126540.0
Korea,2025-05-09 21:00:00,2025-05-09 21:00:00,112380.0
Korea,2025-05-09 22:00:00,2025-05-09 22:00:00,110550.0
Korea,2025-05-09 23:00:00,2025-05-09 23:00:00,110160.0
Korea,2025-05-10 00:00:00,2025-05-10 00:00:00,129880.0
Korea,2025-05-10 01:00:00,2025-05-10 01:00:00,110880.0
Korea,2025-05-10 02:00:00,2025-05-10 02:00:00,110630.0
Korea,2025-05-10 03:00:00,2025-05-10 03:00:00,110500.0
Korea,2025-05-10 04:00:00,2025-05-10 04:00:00,84780.0
Korea,2025-05-10 05:00:00,2025-05-10 05:00:00,110580.0
Korea,2025-05-10 06:00:00,2025-05-10 06:00:00,110910.0
Korea,2025-05-10 07:00:00,2025-05-10 07:00:00,111310.0
Korea,2025-05-10 08:00:00,2025-05-10 08:00:00,131070.0
Korea,2025-05-10 09:00:00,2025-05-10 09:00:00,131070.0
Korea,2025-05-10 10:00:00,2025-05-10 10:00:00,131670.0
Korea,2025-05-10 11:00:00,2025-05-10 11:00:00,131670.0
Korea,2025-05-10 12:00:00,2025-05-10 12:00:00,131670.0
Korea,2025-05-10 13:00:00,2025-05-10 13:00:00,131670.0
Korea,2025-05-10 14:00:00,2025-05-10 14:00:00,131590.0
Korea,2025-05-10 15:00:00,2025-05-10 15:00:00,131880.0
Korea,2025-05-10 16:00:00,2025-05-10 16:00:00,128180.0
Korea,2025-05-10 17:00:00,2025-05-10 17:00:00,127580.0
Korea,2025-05-10 18:00:00,2025-05-10 18:00:00,127530.0
Korea,2025-05-10 19:00:00,2025-05-10 19:00:00,128130.0
Korea,2025-05-10 20:00:00,2025-05-10 20:00:00,131840.0
Korea,2025-05-10 21:00:00,2025-05-10 21:00:00,129820.0
Korea,2025-05-10 22:00:00,2025-05-10 22:00:00,124900.0
Korea,2025-05-10 23:00:00,2025-05-10 23:00:00,110920.0
Korea,2025-05-11 00:00:00,2025-05-11 00:00:00,100250.0
Korea,2025-05-11 01:00:00,2025-05-11 01:00:00,83800.0
Korea,2025-05-11 02:00:00,2025-05-11 02:00:00,82790.0
Korea,2025-05-11 03:00:00,2025-05-11 03:00:00,82280.0
Korea,2025-05-11 04:00:00,2025-05-11 04:00:00,83290.0
Korea,2025-05-11 05:00:00,2025-05-11 05:00:00,82830.0
Korea,2025-05-11 06:00:00,2025-05-11 06:00:00,82270.0
Korea,2025-05-11 07:00:00,2025-05-11 07:00:00,79750.0
Korea,2025-05-11 08:00:00,2025-05-11 08:00:00,112800.0
Korea,2025-05-11 09:00:00,2025-05-11 09:00:00,113600.0
Korea,2025-05-11 10:00:00,2025-05-11 10:00:00,130880.0
Korea,2025-05-11 11:00:00,2025-05-11 11:00:00,130140.0
Korea,2025-05-11 12:00:00,2025-05-11 12:00:00,113570.0
Korea,2025-05-11 13:00:00,2025-05-11 13:00:00,113150.0
Korea,2025-05-11 14:00:00,2025-05-11 14:00:00,107260.0
Korea,2025-05-11 15:00:00,2025-05-11 15:00:00,108770.0
Korea,2025-05-11 16:00:00,2025-05-11 16:00:00,107730.0
Korea,2025-05-11 17:00:00,2025-05-11 17:00:00,113080.0
Korea,2025-05-11 18:00:00,2025-05-11 18:00:00,128280.0
Korea,2025-05-11 19:00:00,2025-05-11 19:00:00,131510.0
Korea,2025-05-11 20:00:00,2025-05-11 20:00:00,128280.0
Korea,2025-05-11 21:00:00,2025-05-11 21:00:00,130920.0
Korea,2025-05-11 22:00:00,2025-05-11 22:00:00,113750.0
Korea,2025-05-11 23:00:00,2025-05-11 23:00:00,111710.0
Korea,2025-05-12 00:00:00,2025-05-12 00:00:00,114380.0
Korea,2025-05-12 01:00:00,2025-05-12 01:00:00,107580.0
Korea,2025-05-12 02:00:00,2025-05-12 02:00:00,84740.0
Korea,2025-05-12 03:00:00,2025-05-12 03:00:00,84740.0
Korea,2025-05-12 04:00:00,2025-05-12 04:00:00,108790.0
Korea,2025-05-12 05:00:00,2025-05-12 05:00:00,110790.0
Korea,2025-05-12 06:00:00,2025-05-12 06:00:00,111590.0
Korea,2025-05-12 07:00:00,2025-05-12 07:00:00,130640.0
Korea,2025-05-12 08:00:00,2025-05-12 08:00:00,130650.0
Korea,2025-05-12 09:00:00,2025-05-12 09:00:00,131850.0
Korea,2025-05-12 10:00:00,2025-05-12 10:00:00,134510.0
Korea,2025-05-12 11:00:00,2025-05-12 11:00:00,134130.0
Korea,2025-05-12 12:00:00,2025-05-12 12:00:00,129540.0
Korea,2025-05-12 13:00:00,2025-05-12 13:00:00,134130.0
Korea,2025-05-12 14:00:00,2025-05-12 14:00:00,134130.0
Korea,2025-05-12 15:00:00,2025-05-12 15:00:00,134130.0
Korea,2025-05-12 16:00:00,2025-05-12 16:00:00,134130.0
Korea,2025-05-12 17:00:00,2025-05-12 17:00:00,131920.0
Korea,2025-05-12 18:00:00,2025-05-12 18:00:00,130720.0
Korea,2025-05-12 19:00:00,2025-05-12 19:00:00,131870.0
Korea,2025-05-12 20:00:00,2025-05-12 20:00:00,130720.0
Korea,2025-05-12 21:00:00,2025-05-12 21:00:00,129440.0
Korea,2025-05-12 22:00:00,2025-05-12 22:00:00,129440.0
Korea,2025-05-12 23:00:00,2025-05-12 23:00:00,127750.0
Korea,2025-05-13 00:00:00,2025-05-13 00:00:00,109040.0
Korea,2025-05-13 01:00:00,2025-05-13 01:00:00,107570.0
Korea,2025-05-13 02:00:00,2025-05-13 02:00:00,103710.0
Korea,2025-05-13 03:00:00,2025-05-13 03:00:00,89320.0
Korea,2025-05-13 04:00:00,2025-05-13 04:00:00,91800.0
Korea,2025-05-13 05:00:00,2025-05-13 05:00:00,116320.0
Korea,2025-05-13 06:00:00,2025-05-13 06:00:00,125270.0
Korea,2025-05-13 07:00:00,2025-05-13 07:00:00,130810.0
Korea,2025-05-13 08:00:00,2025-05-13 08:00:00,129410.0
Korea,2025-05-13 09:00:00,2025-05-13 09:00:00,129690.0
Korea,2025-05-13 10:00:00,2025-05-13 10:00:00,139630.0
Korea,2025-05-13 11:00:00,2025-05-13 11:00:00,139620.0
Korea,2025-05-13 12:00:00,2025-05-13 12:00:00,132610.0
Korea,2025-05-13 13:00:00,2025-05-13 13:00:00,132640.0
Korea,2025-05-13 14:00:00,2025-05-13 14:00:00,139320.0
Korea,2025-05-13 15:00:00,2025-05-13 15:00:00,139600.0
Korea,2025-05-13 16:00:00,2025-05-13 16:00:00,139600.0
Korea,2025-05-13 17:00:00,2025-05-13 17:00:00,139320.0
Korea,2025-05-13 18:00:00,2025-05-13 18:00:00,132630.0
Korea,2025-05-13 19:00:00,2025-05-13 19:00:00,132640.0
Korea,2025-05-13 20:00:00,2025-05-13 20:00:00,130810.0
Korea,2025-05-13 21:00:00,2025-05-13 21:00:00,131380.0
Korea,2025-05-13 22:00:00,2025-05-13 22:00:00,126250.0
Korea,2025-05-13 23:00:00,2025-05-13 23:00:00,126220.0
Korea,2025-05-14 00:00:00,2025-05-14 00:00:00,129440.0
Korea,2025-05-14 01:00:00,2025-05-14 01:00:00,105520.0
Korea,2025-05-14 02:00:00,2025-05-14 02:00:00,103710.0
Korea,2025-05-14 03:00:00,2025-05-14 03:00:00,105520.0
Korea,2025-05-14 04:00:00,2025-05-14 04:00:00,107540.0
Korea,2025-05-14 05:00:00,2025-05-14 05:00:00,108280.0
Korea,2025-05-14 06:00:00,2025-05-14 06:00:00,126100.0
Korea,2025-05-14 07:00:00,2025-05-14 07:00:00,130630.0
Korea,2025-05-14 08:00:00,2025-05-14 08:00:00,128670.0
Korea,2025-05-14 09:00:00,2025-05-14 09:00:00,131800.0
Korea,2025-05-14 10:00:00,2025-05-14 10:00:00,136520.0
Korea,2025-05-14 11:00:00,2025-05-14 11:00:00,136500.0
Korea,2025-05-14 12:00:00,2025-05-14 12:00:00,132410.0
Korea,2025-05-14 13:00:00,2025-05-14 13:00:00,135940.0
Korea,2025-05-14 14:00:00,2025-05-14 14:00:00,136470.0
Korea,2025-05-14 15:00:00,2025-05-14 15:00:00,148280.0
Korea,2025-05-14 16:00:00,2025-05-14 16:00:00,140320.0
Korea,2025-05-14 17:00:00,2025-05-14 17:00:00,134630.0
Korea,2025-05-14 18:00:00,2025-05-14 18:00:00,131810.0
Korea,2025-05-14 19:00:00,2025-05-14 19:00:00,131860.0
Korea,2025-05-14 20:00:00,2025-05-14 20:00:00,131800.0
Korea,2025-05-14 21:00:00,2025-05-14 21:00:00,130630.0
Korea,2025-05-14 22:00:00,2025-05-14 22:00:00,128740.0
Korea,2025-05-14 23:00:00,2025-05-14 23:00:00,127310.0
Korea,2025-05-15 00:00:00,2025-05-15 00:00:00,127690.0
Korea,2025-05-15 01:00:00,2025-05-15 01:00:00,101900.0
Korea,2025-05-15 02:00:00,2025-05-15 02:00:00,100080.0
Korea,2025-05-15 03:00:00,2025-05-15 03:00:00,99600.0
Korea,2025-05-15 04:00:00,2025-05-15 04:00:00,98270.0
Korea,2025-05-15 05:00:00,2025-05-15 05:00:00,100080.0
Korea,2025-05-15 06:00:00,2025-05-15 06:00:00,122980.0
Korea,2025-05-15 07:00:00,2025-05-15 07:00:00,129080.0
Korea,2025-05-15 08:00:00,2025-05-15 08:00:00,129080.0
Korea,2025-05-15 09:00:00,2025-05-15 09:00:00,134230.0
Korea,2025-05-15 10:00:00,2025-05-15 10:00:00,134230.0
Korea,2025-05-15 11:00:00,2025-05-15 11:00:00,134230.0
Korea,2025-05-15 12:00:00,2025-05-15 12:00:00,134160.0
Korea,2025-05-15 13:00:00,2025-05-15 13:00:00,134230.0
Korea,2025-05-15 14:00:00,2025-05-15 14:00:00,136410.0
Korea,2025-05-15 15:00:00,2025-05-15 15:00:00,134210.0
Korea,2025-05-15 16:00:00,2025-05-15 16:00:00,134180.0
Korea,2025-05-15 17:00:00,2025-05-15 17:00:00,131900.0
Korea,2025-05-15 18:00:00,2025-05-15 18:00:00,129450.0
Korea,2025-05-15 19:00:00,2025-05-15 19:00:00,129440.0
Korea,2025-05-15 20:00:00,2025-05-15 20:00:00,129430.0
Korea,2025-05-15 21:00:00,2025-05-15 21:00:00,129630.0
Korea,2025-05-15 22:00:00,2025-05-15 22:00:00,128910.0
Korea,2025-05-15 23:00:00,2025-05-15 23:00:00,127500.0
Korea,2025-05-16 00:00:00,2025-05-16 00:00:00,108510.0
Korea,2025-05-16 01:00:00,2025-05-16 01:00:00,107670.0
Korea,2025-05-16 02:00:00,2025-05-16 02:00:00,104810.0
Korea,2025-05-16 03:00:00,2025-05-16 03:00:00,108510.0
Korea,2025-05-16 04:00:00,2025-05-16 04:00:00,107680.0
Korea,2025-05-16 05:00:00,2025-05-16 05:00:00,111350.0
Korea,2025-05-16 06:00:00,2025-05-16 06:00:00,109280.0
Korea,2025-05-16 07:00:00,2025-05-16 07:00:00,127440.0
Korea,2025-05-16 08:00:00,2025-05-16 08:00:00,132570.0
Korea,2025-05-16 09:00:00,2025-05-16 09:00:00,145650.0
Korea,2025-05-16 10:00:00,2025-05-16 10:00:00,145620.0
Korea,2025-05-16 11:00:00,2025-05-16 11:00:00,145580.0
Korea,2025-05-16 12:00:00,2025-05-16 12:00:00,137620.0
Korea,2025-05-16 13:00:00,2025-05-16 13:00:00,145580.0
Korea,2025-05-16 14:00:00,2025-05-16 14:00:00,198840.0
Korea,2025-05-16 15:00:00,2025-05-16 15:00:00,146230.0
Korea,2025-05-16 16:00:00,2025-05-16 16:00:00,144240.0
Korea,2025-05-16 17:00:00,2025-05-16 17:00:00,132640.0
Korea,2025-05-16 18:00:00,2025-05-16 18:00:00,132620.0
Korea,2025-05-16 19:00:00,2025-05-16 19:00:00,130270.0
Korea,2025-05-16 20:00:00,2025-05-16 20:00:00,131890.0
Korea,2025-05-16 21:00:00,2025-05-16 21:00:00,130190.0
Korea,2025-05-16 22:00:00,2025-05-16 22:00:00,129710.0
Korea,2025-05-16 23:00:00,2025-05-16 23:00:00,128540.0
Korea,2025-05-17 00:00:00,2025-05-17 00:00:00,120450.0
Korea,2025-05-17 01:00:00,2025-05-17 01:00:00,108550.0
Korea,2025-05-17 02:00:00,2025-05-17 02:00:00,84950.0
Korea,2025-05-17 03:00:00,2025-05-17 03:00:00,82930.0
Korea,2025-05-17 04:00:00,2025-05-17 04:00:00,82930.0
Korea,2025-05-17 05:00:00,2025-05-17 05:00:00,85450.0
Korea,2025-05-17 06:00:00,2025-05-17 06:00:00,108080.0
Korea,2025-05-17 07:00:00,2025-05-17 07:00:00,109180.0
Korea,2025-05-17 08:00:00,2025-05-17 08:00:00,125260.0
Korea,2025-05-17 09:00:00,2025-05-17 09:00:00,129060.0
Korea,2025-05-17 10:00:00,2025-05-17 10:00:00,136850.0
Korea,2025-05-17 11:00:00,2025-05-17 11:00:00,136850.0
Korea,2025-05-17 12:00:00,2025-05-17 12:00:00,136790.0
Korea,2025-05-17 13:00:00,2025-05-17 13:00:00,136850.0
Korea,2025-05-17 14:00:00,2025-05-17 14:00:00,131220.0
Korea,2025-05-17 15:00:00,2025-05-17 15:00:00,131140.0
Korea,2025-05-17 16:00:00,2025-05-17 16:00:00,127890.0
Korea,2025-05-17 17:00:00,2025-05-17 17:00:00,127480.0
Korea,2025-05-17 18:00:00,2025-05-17 18:00:00,128100.0
Korea,2025-05-17 19:00:00,2025-05-17 19:00:00,128220.0
Korea,2025-05-17 20:00:00,2025-05-17 20:00:00,130190.0
Korea,2025-05-17 21:00:00,2025-05-17 21:00:00,127680.0
Korea,2025-05-17 22:00:00,2025-05-17 22:00:00,128480.0
Korea,2025-05-17 23:00:00,2025-05-17 23:00:00,109670.0
Korea,2025-05-18 00:00:00,2025-05-18 00:00:00,108760.0
Korea,2025-05-18 01:00:00,2025-05-18 01:00:00,84130.0
Korea,2025-05-18 02:00:00,2025-05-18 02:00:00,84000.0
Korea,2025-05-18 03:00:00,2025-05-18 03:00:00,84000.0
Korea,2025-05-18 04:00:00,2025-05-18 04:00:00,87200.0
Korea,2025-05-18 05:00:00,2025-05-18 05:00:00,109740.0
Korea,2025-05-18 06:00:00,2025-05-18 06:00:00,110330.0
Korea,2025-05-18 07:00:00,2025-05-18 07:00:00,110080.0
Korea,2025-05-18 08:00:00,2025-05-18 08:00:00,110820.0
Korea,2025-05-18 09:00:00,2025-05-18 09:00:00,109850.0
Korea,2025-05-18 10:00:00,2025-05-18 10:00:00,110520.0
Korea,2025-05-18 11:00:00,2025-05-18 11:00:00,110480.0
Korea,2025-05-18 12:00:00,2025-05-18 12:00:00,110380.0
Korea,2025-05-18 13:00:00,2025-05-18 13:00:00,110380.0
Korea,2025-05-18 14:00:00,2025-05-18 14:00:00,107320.0
Korea,2025-05-18 15:00:00,2025-05-18 15:00:00,110380.0
Korea,2025-05-18 16:00:00,2025-05-18 16:00:00,110480.0
Korea,2025-05-18 17:00:00,2025-05-18 17:00:00,133160.0
Korea,2025-05-18 18:00:00,2025-05-18 18:00:00,133390.0
Korea,2025-05-18 19:00:00,2025-05-18 19:00:00,133580.0
Korea,2025-05-18 20:00:00,2025-05-18 20:00:00,133280.0
Korea,2025-05-18 21:00:00,2025-05-18 21:00:00,133280.0
Korea,2025-05-18 22:00:00,2025-05-18 22:00:00,133200.0
Korea,2025-05-18 23:00:00,2025-05-18 23:00:00,125030.0
Korea,2025-05-19 00:00:00,2025-05-19 00:00:00,109150.0
Korea,2025-05-19 01:00:00,2025-05-19 01:00:00,90730.0
Korea,2025-05-19 02:00:00,2025-05-19 02:00:00,88770.0
Korea,2025-05-19 03:00:00,2025-05-19 03:00:00,86790.0
Korea,2025-05-19 04:00:00,2025-05-19 04:00:00,87580.0
Korea,2025-05-19 05:00:00,2025-05-19 05:00:00,89940.0
Korea,2025-05-19 06:00:00,2025-05-19 06:00:00,109150.0
Korea,2025-05-19 07:00:00,2025-05-19 07:00:00,109890.0
Korea,2025-05-19 08:00:00,2025-05-19 08:00:00,125020.0
Korea,2025-05-19 09:00:00,2025-05-19 09:00:00,145270.0
Korea,2025-05-19 10:00:00,2025-05-19 10:00:00,130690.0
Korea,2025-05-19 11:00:00,2025-05-19 11:00:00,130190.0
Korea,2025-05-19 12:00:00,2025-05-19 12:00:00,125010.0
Korea,2025-05-19 13:00:00,2025-05-19 13:00:00,125010.0
Korea,2025-05-19 14:00:00,2025-05-19 14:00:00,126640.0
Korea,2025-05-19 15:00:00,2025-05-19 15:00:00,144860.0
Korea,2025-05-19 16:00:00,2025-05-19 16:00:00,128740.0
Korea,2025-05-19 17:00:00,2025-05-19 17:00:00,128700.0
Korea,2025-05-19 18:00:00,2025-05-19 18:00:00,155680.0
Korea,2025-05-19 19:00:00,2025-05-19 19:00:00,155700.0
Korea,2025-05-19 20:00:00,2025-05-19 20:00:00,146790.0
Korea,2025-05-19 21:00:00,2025-05-19 21:00:00,129540.0
Korea,2025-05-19 22:00:00,2025-05-19 22:00:00,129100.0
Korea,2025-05-19 23:00:00,2025-05-19 23:00:00,128730.0
Korea,2025-05-20 00:00:00,2025-05-20 00:00:00,144430.0
Korea,2025-05-20 01:00:00,2025-05-20 01:00:00,103250.0
Korea,2025-05-20 02:00:00,2025-05-20 02:00:00,102610.0
Korea,2025-05-20 03:00:00,2025-05-20 03:00:00,89410.0
Korea,2025-05-20 04:00:00,2025-05-20 04:00:00,89620.0
Korea,2025-05-20 05:00:00,2025-05-20 05:00:00,98270.0
Korea,2025-05-20 06:00:00,2025-05-20 06:00:00,103250.0
Korea,2025-05-20 07:00:00,2025-05-20 07:00:00,127270.0
Korea,2025-05-20 08:00:00,2025-05-20 08:00:00,134910.0
Korea,2025-05-20 09:00:00,2025-05-20 09:00:00,137550.0
Korea,2025-05-20 10:00:00,2025-05-20 10:00:00,143870.0
Korea,2025-05-20 11:00:00,2025-05-20 11:00:00,135010.0
Korea,2025-05-20 12:00:00,2025-05-20 12:00:00,134980.0
Korea,2025-05-20 13:00:00,2025-05-20 13:00:00,134950.0
Korea,2025-05-20 14:00:00,2025-05-20 14:00:00,134940.0
Korea,2025-05-20 15:00:00,2025-05-20 15:00:00,134960.0
Korea,2025-05-20 16:00:00,2025-05-20 16:00:00,134900.0
Korea,2025-05-20 17:00:00,2025-05-20 17:00:00,137100.0
Korea,2025-05-20 18:00:00,2025-05-20 18:00:00,151900.0
Korea,2025-05-20 19:00:00,2025-05-20 19:00:00,151960.0
Korea,2025-05-20 20:00:00,2025-05-20 20:00:00,149440.0
Korea,2025-05-20 21:00:00,2025-05-20 21:00:00,141180.0
Korea,2025-05-20 22:00:00,2025-05-20 22:00:00,141180.0
Korea,2025-05-20 23:00:00,2025-05-20 23:00:00,141180.0
Korea,2025-05-21 00:00:00,2025-05-21 00:00:00,144430.0
Korea,2025-05-21 01:00:00,2025-05-21 01:00:00,130850.0
Korea,2025-05-21 02:00:00,2025-05-21 02:00:00,100580.0
Korea,2025-05-21 03:00:00,2025-05-21 03:00:00,100580.0
Korea,2025-05-21 04:00:00,2025-05-21 04:00:00,100580.0
Korea,2025-05-21 05:00:00,2025-05-21 05:00:00,100580.0
Korea,2025-05-21 06:00:00,2025-05-21 06:00:00,100580.0
Korea,2025-05-21 07:00:00,2025-05-21 07:00:00,126050.0
Korea,2025-05-21 08:00:00,2025-05-21 08:00:00,132040.0
Korea,2025-05-21 09:00:00,2025-05-21 09:00:00,146730.0
Korea,2025-05-21 10:00:00,2025-05-21 10:00:00,146710.0
Korea,2025-05-21 11:00:00,2025-05-21 11:00:00,141310.0
Korea,2025-05-21 12:00:00,2025-05-21 12:00:00,138870.0
Korea,2025-05-21 13:00:00,2025-05-21 13:00:00,146440.0
Korea,2025-05-21 14:00:00,2025-05-21 14:00:00,149720.0
Korea,2025-05-21 15:00:00,2025-05-21 15:00:00,149720.0
Korea,2025-05-21 16:00:00,2025-05-21 16:00:00,141850.0
Korea,2025-05-21 17:00:00,2025-05-21 17:00:00,141850.0
Korea,2025-05-21 18:00:00,2025-05-21 18:00:00,141920.0
Korea,2025-05-21 19:00:00,2025-05-21 19:00:00,142200.0
Korea,2025-05-21 20:00:00,2025-05-21 20:00:00,142060.0
Korea,2025-05-21 21:00:00,2025-05-21 21:00:00,141870.0
Korea,2025-05-21 22:00:00,2025-05-21 22:00:00,139470.0
Korea,2025-05-21 23:00:00,2025-05-21 23:00:00,139500.0
Korea,2025-05-22 00:00:00,2025-05-22 00:00:00,131460.0
Korea,2025-05-22 01:00:00,2025-05-22 01:00:00,131470.0
Korea,2025-05-22 02:00:00,2025-05-22 02:00:00,129910.0
Korea,2025-05-22 03:00:00,2025-05-22 03:00:00,108230.0
Korea,2025-05-22 04:00:00,2025-05-22 04:00:00,129410.0
Korea,2025-05-22 05:00:00,2025-05-22 05:00:00,129920.0
Korea,2025-05-22 06:00:00,2025-05-22 06:00:00,136080.0
Korea,2025-05-22 07:00:00,2025-05-22 07:00:00,132400.0
Korea,2025-05-22 08:00:00,2025-05-22 08:00:00,140530.0
Korea,2025-05-22 09:00:00,2025-05-22 09:00:00,140530.0
Korea,2025-05-22 10:00:00,2025-05-22 10:00:00,153270.0
Korea,2025-05-22 11:00:00,2025-05-22 11:00:00,153300.0
Korea,2025-05-22 12:00:00,2025-05-22 12:00:00,140320.0
Korea,2025-05-22 13:00:00,2025-05-22 13:00:00,153250.0
Korea,2025-05-22 14:00:00,2025-05-22 14:00:00,153250.0
Korea,2025-05-22 15:00:00,2025-05-22 15:00:00,153240.0
Korea,2025-05-22 16:00:00,2025-05-22 16:00:00,140530.0
Korea,2025-05-22 17:00:00,2025-05-22 17:00:00,140530.0
Korea,2025-05-22 18:00:00,2025-05-22 18:00:00,140530.0
Korea,2025-05-22 19:00:00,2025-05-22 19:00:00,140530.0
Korea,2025-05-22 20:00:00,2025-05-22 20:00:00,140530.0
Korea,2025-05-22 21:00:00,2025-05-22 21:00:00,140530.0
Korea,2025-05-22 22:00:00,2025-05-22 22:00:00,137880.0
Korea,2025-05-22 23:00:00,2025-05-22 23:00:00,134060.0
Korea,2025-05-23 00:00:00,2025-05-23 00:00:00,144430.0
Korea,2025-05-23 01:00:00,2025-05-23 01:00:00,108510.0
Korea,2025-05-23 02:00:00,2025-05-23 02:00:00,101460.0
Korea,2025-05-23 03:00:00,2025-05-23 03:00:00,101460.0
Korea,2025-05-23 04:00:00,2025-05-23 04:00:00,101460.0
Korea,2025-05-23 05:00:00,2025-05-23 05:00:00,108500.0
Korea,2025-05-23 06:00:00,2025-05-23 06:00:00,127430.0
Korea,2025-05-23 07:00:00,2025-05-23 07:00:00,134270.0
Korea,2025-05-23 08:00:00,2025-05-23 08:00:00,139090.0
Korea,2025-05-23 09:00:00,2025-05-23 09:00:00,145570.0
Korea,2025-05-23 10:00:00,2025-05-23 10:00:00,145580.0
Korea,2025-05-23 11:00:00,2025-05-23 11:00:00,145590.0
Korea,2025-05-23 12:00:00,2025-05-23 12:00:00,131640.0
Korea,2025-05-23 13:00:00,2025-05-23 13:00:00,145590.0
Korea,2025-05-23 14:00:00,2025-05-23 14:00:00,145590.0
Korea,2025-05-23 15:00:00,2025-05-23 15:00:00,145900.0
Korea,2025-05-23 16:00:00,2025-05-23 16:00:00,134880.0
Korea,2025-05-23 17:00:00,2025-05-23 17:00:00,134910.0
Korea,2025-05-23 18:00:00,2025-05-23 18:00:00,145570.0
Korea,2025-05-23 19:00:00,2025-05-23 19:00:00,145590.0
Korea,2025-05-23 20:00:00,2025-05-23 20:00:00,138550.0
Korea,2025-05-23 21:00:00,2025-05-23 21:00:00,138550.0
Korea,2025-05-23 22:00:00,2025-05-23 22:00:00,138550.0
Korea,2025-05-23 23:00:00,2025-05-23 23:00:00,138550.0
Korea,2025-05-24 00:00:00,2025-05-24 00:00:00,142920.0
Korea,2025-05-24 01:00:00,2025-05-24 01:00:00,142920.0
Korea,2025-05-24 02:00:00,2025-05-24 02:00:00,107360.0
Korea,2025-05-24 03:00:00,2025-05-24 03:00:00,92520.0
Korea,2025-05-24 04:00:00,2025-05-24 04:00:00,92520.0
Korea,2025-05-24 05:00:00,2025-05-24 05:00:00,107210.0
Korea,2025-05-24 06:00:00,2025-05-24 06:00:00,108780.0
Korea,2025-05-24 07:00:00,2025-05-24 07:00:00,109470.0
Korea,2025-05-24 08:00:00,2025-05-24 08:00:00,129830.0
Korea,2025-05-24 09:00:00,2025-05-24 09:00:00,130160.0
Korea,2025-05-24 10:00:00,2025-05-24 10:00:00,130810.0
Korea,2025-05-24 11:00:00,2025-05-24 11:00:00,130800.0
Korea,2025-05-24 12:00:00,2025-05-24 12:00:00,130800.0
Korea,2025-05-24 13:00:00,2025-05-24 13:00:00,130790.0
Korea,2025-05-24 14:00:00,2025-05-24 14:00:00,130300.0
Korea,2025-05-24 15:00:00,2025-05-24 15:00:00,130510.0
Korea,2025-05-24 16:00:00,2025-05-24 16:00:00,130270.0
Korea,2025-05-24 17:00:00,2025-05-24 17:00:00,141120.0
Korea,2025-05-24 18:00:00,2025-05-24 18:00:00,141120.0
Korea,2025-05-24 19:00:00,2025-05-24 19:00:00,141150.0
Korea,2025-05-24 20:00:00,2025-05-24 20:00:00,141150.0
Korea,2025-05-24 21:00:00,2025-05-24 21:00:00,141160.0
Korea,2025-05-24 22:00:00,2025-05-24 22:00:00,141120.0
Korea,2025-05-24 23:00:00,2025-05-24 23:00:00,141120.0
Korea,2025-05-25 00:00:00,2025-05-25 00:00:00,145270.0
Korea,2025-05-25 01:00:00,2025-05-25 01:00:00,111850.0
Korea,2025-05-25 02:00:00,2025-05-25 02:00:00,112010.0
Korea,2025-05-25 03:00:00,2025-05-25 03:00:00,104990.0
Korea,2025-05-25 04:00:00,2025-05-25 04:00:00,111850.0
Korea,2025-05-25 05:00:00,2025-05-25 05:00:00,111850.0
Korea,2025-05-25 06:00:00,2025-05-25 06:00:00,112480.0
Korea,2025-05-25 07:00:00,2025-05-25 07:00:00,111660.0
Korea,2025-05-25 08:00:00,2025-05-25 08:00:00,107610.0
Korea,2025-05-25 09:00:00,2025-05-25 09:00:00,107870.0
Korea,2025-05-25 10:00:00,2025-05-25 10:00:00,113410.0
Korea,2025-05-25 11:00:00,2025-05-25 11:00:00,111970.0
Korea,2025-05-25 12:00:00,2025-05-25 12:00:00,112850.0
Korea,2025-05-25 13:00:00,2025-05-25 13:00:00,125750.0
Korea,2025-05-25 14:00:00,2025-05-25 14:00:00,125750.0
Korea,2025-05-25 15:00:00,2025-05-25 15:00:00,125750.0
Korea,2025-05-25 16:00:00,2025-05-25 16:00:00,125750.0
Korea,2025-05-25 17:00:00,2025-05-25 17:00:00,152180.0
Korea,2025-05-25 18:00:00,2025-05-25 18:00:00,152160.0
Korea,2025-05-25 19:00:00,2025-05-25 19:00:00,146890.0
Korea,2025-05-25 20:00:00,2025-05-25 20:00:00,146870.0
Korea,2025-05-25 21:00:00,2025-05-25 21:00:00,143550.0
Korea,2025-05-25 22:00:00,2025-05-25 22:00:00,143690.0
Korea,2025-05-25 23:00:00,2025-05-25 23:00:00,112270.0
Korea,2025-05-26 00:00:00,2025-05-26 00:00:00,118350.0
Korea,2025-05-26 01:00:00,2025-05-26 01:00:00,108600.0
Korea,2025-05-26 02:00:00,2025-05-26 02:00:00,84230.0
Korea,2025-05-26 03:00:00,2025-05-26 03:00:00,84230.0
Korea,2025-05-26 04:00:00,2025-05-26 04:00:00,84230.0
Korea,2025-05-26 05:00:00,2025-05-26 05:00:00,100080.0
Korea,2025-05-26 06:00:00,2025-05-26 06:00:00,111110.0
Korea,2025-05-26 07:00:00,2025-05-26 07:00:00,111990.0
Korea,2025-05-26 08:00:00,2025-05-26 08:00:00,146070.0
Korea,2025-05-26 09:00:00,2025-05-26 09:00:00,134430.0
Korea,2025-05-26 10:00:00,2025-05-26 10:00:00,138330.0
Korea,2025-05-26 11:00:00,2025-05-26 11:00:00,138240.0
Korea,2025-05-26 12:00:00,2025-05-26 12:00:00,135760.0
Korea,2025-05-26 13:00:00,2025-05-26 13:00:00,138240.0
Korea,2025-05-26 14:00:00,2025-05-26 14:00:00,138250.0
Korea,2025-05-26 15:00:00,2025-05-26 15:00:00,146480.0
Korea,2025-05-26 16:00:00,2025-05-26 16:00:00,137360.0
Korea,2025-05-26 17:00:00,2025-05-26 17:00:00,151380.0
Korea,2025-05-26 18:00:00,2025-05-26 18:00:00,135020.0
Korea,2025-05-26 19:00:00,2025-05-26 19:00:00,134390.0
Korea,2025-05-26 20:00:00,2025-05-26 20:00:00,152960.0
Korea,2025-05-26 21:00:00,2025-05-26 21:00:00,130560.0
Korea,2025-05-26 22:00:00,2025-05-26 22:00:00,134350.0
Korea,2025-05-26 23:00:00,2025-05-26 23:00:00,134360.0
Korea,2025-05-27 00:00:00,2025-05-27 00:00:00,144430.0
Korea,2025-05-27 01:00:00,2025-05-27 01:00:00,104970.0
Korea,2025-05-27 02:00:00,2025-05-27 02:00:00,104970.0
Korea,2025-05-27 03:00:00,2025-05-27 03:00:00,98270.0
Korea,2025-05-27 04:00:00,2025-05-27 04:00:00,104500.0
Korea,2025-05-27 05:00:00,2025-05-27 05:00:00,108740.0
Korea,2025-05-27 06:00:00,2025-05-27 06:00:00,125800.0
Korea,2025-05-27 07:00:00,2025-05-27 07:00:00,130570.0
Korea,2025-05-27 08:00:00,2025-05-27 08:00:00,130010.0
Korea,2025-05-27 09:00:00,2025-05-27 09:00:00,133450.0
Korea,2025-05-27 10:00:00,2025-05-27 10:00:00,141980.0
Korea,2025-05-27 11:00:00,2025-05-27 11:00:00,146890.0
Korea,2025-05-27 12:00:00,2025-05-27 12:00:00,139520.0
Korea,2025-05-27 13:00:00,2025-05-27 13:00:00,141200.0
Korea,2025-05-27 14:00:00,2025-05-27 14:00:00,141450.0
Korea,2025-05-27 15:00:00,2025-05-27 15:00:00,146880.0
Korea,2025-05-27 16:00:00,2025-05-27 16:00:00,142090.0
Korea,2025-05-27 17:00:00,2025-05-27 17:00:00,140910.0
Korea,2025-05-27 18:00:00,2025-05-27 18:00:00,139450.0
Korea,2025-05-27 19:00:00,2025-05-27 19:00:00,133410.0
Korea,2025-05-27 20:00:00,2025-05-27 20:00:00,133400.0
Korea,2025-05-27 21:00:00,2025-05-27 21:00:00,133420.0
Korea,2025-05-27 22:00:00,2025-05-27 22:00:00,133370.0
Korea,2025-05-27 23:00:00,2025-05-27 23:00:00,133380.0
Korea,2025-05-28 00:00:00,2025-05-28 00:00:00,126070.0
Korea,2025-05-28 01:00:00,2025-05-28 01:00:00,110710.0
Korea,2025-05-28 02:00:00,2025-05-28 02:00:00,110710.0
Korea,2025-05-28 03:00:00,2025-05-28 03:00:00,110630.0
Korea,2025-05-28 04:00:00,2025-05-28 04:00:00,110710.0
Korea,2025-05-28 05:00:00,2025-05-28 05:00:00,110800.0
Korea,2025-05-28 06:00:00,2025-05-28 06:00:00,126590.0
Korea,2025-05-28 07:00:00,2025-05-28 07:00:00,127590.0
Korea,2025-05-28 08:00:00,2025-05-28 08:00:00,129520.0
Korea,2025-05-28 09:00:00,2025-05-28 09:00:00,131750.0
Korea,2025-05-28 10:00:00,2025-05-28 10:00:00,148500.0
Korea,2025-05-28 11:00:00,2025-05-28 11:00:00,140750.0
Korea,2025-05-28 12:00:00,2025-05-28 12:00:00,135100.0
Korea,2025-05-28 13:00:00,2025-05-28 13:00:00,140680.0
Korea,2025-05-28 14:00:00,2025-05-28 14:00:00,140740.0
Korea,2025-05-28 15:00:00,2025-05-28 15:00:00,146850.0
Korea,2025-05-28 16:00:00,2025-05-28 16:00:00,144430.0
Korea,2025-05-28 17:00:00,2025-05-28 17:00:00,144800.0
Korea,2025-05-28 18:00:00,2025-05-28 18:00:00,141650.0
Korea,2025-05-28 19:00:00,2025-05-28 19:00:00,140670.0
Korea,2025-05-28 20:00:00,2025-05-28 20:00:00,140660.0
Korea,2025-05-28 21:00:00,2025-05-28 21:00:00,129330.0
Korea,2025-05-28 22:00:00,2025-05-28 22:00:00,128830.0
Korea,2025-05-28 23:00:00,2025-05-28 23:00:00,128770.0
Korea,2025-05-29 00:00:00,2025-05-29 00:00:00,111680.0
Korea,2025-05-29 01:00:00,2025-05-29 01:00:00,110530.0
Korea,2025-05-29 02:00:00,2025-05-29 02:00:00,110520.0
Korea,2025-05-29 03:00:00,2025-05-29 03:00:00,105610.0
Korea,2025-05-29 04:00:00,2025-05-29 04:00:00,110500.0
Korea,2025-05-29 05:00:00,2025-05-29 05:00:00,110550.0
Korea,2025-05-29 06:00:00,2025-05-29 06:00:00,117250.0
Korea,2025-05-29 07:00:00,2025-05-29 07:00:00,127000.0
Korea,2025-05-29 08:00:00,2025-05-29 08:00:00,129430.0
Korea,2025-05-29 09:00:00,2025-05-29 09:00:00,128610.0
Korea,2025-05-29 10:00:00,2025-05-29 10:00:00,137070.0
Korea,2025-05-29 11:00:00,2025-05-29 11:00:00,137060.0
Korea,2025-05-29 12:00:00,2025-05-29 12:00:00,135310.0
Korea,2025-05-29 13:00:00,2025-05-29 13:00:00,137040.0
Korea,2025-05-29 14:00:00,2025-05-29 14:00:00,144220.0
Korea,2025-05-29 15:00:00,2025-05-29 15:00:00,144220.0
Korea,2025-05-29 16:00:00,2025-05-29 16:00:00,137040.0
Korea,2025-05-29 17:00:00,2025-05-29 17:00:00,135710.0
Korea,2025-05-29 18:00:00,2025-05-29 18:00:00,133930.0
Korea,2025-05-29 19:00:00,2025-05-29 19:00:00,130840.0
Korea,2025-05-29 20:00:00,2025-05-29 20:00:00,131400.0
Korea,2025-05-29 21:00:00,2025-05-29 21:00:00,131400.0
Korea,2025-05-29 22:00:00,2025-05-29 22:00:00,127350.0
Korea,2025-05-29 23:00:00,2025-05-29 23:00:00,127320.0
Korea,2025-05-30 00:00:00,2025-05-30 00:00:00,139860.0
Korea,2025-05-30 01:00:00,2025-05-30 01:00:00,110770.0
Korea,2025-05-30 02:00:00,2025-05-30 02:00:00,110770.0
Korea,2025-05-30 03:00:00,2025-05-30 03:00:00,110780.0
Korea,2025-05-30 04:00:00,2025-05-30 04:00:00,110770.0
Korea,2025-05-30 05:00:00,2025-05-30 05:00:00,110710.0
Korea,2025-05-30 06:00:00,2025-05-30 06:00:00,129830.0
Korea,2025-05-30 07:00:00,2025-05-30 07:00:00,130040.0
Korea,2025-05-30 08:00:00,2025-05-30 08:00:00,130130.0
Korea,2025-05-30 09:00:00,2025-05-30 09:00:00,134240.0
Korea,2025-05-30 10:00:00,2025-05-30 10:00:00,132530.0
Korea,2025-05-30 11:00:00,2025-05-30 11:00:00,132530.0
Korea,2025-05-30 12:00:00,2025-05-30 12:00:00,132530.0
Korea,2025-05-30 13:00:00,2025-05-30 13:00:00,132530.0
Korea,2025-05-30 14:00:00,2025-05-30 14:00:00,132530.0
Korea,2025-05-30 15:00:00,2025-05-30 15:00:00,149480.0
Korea,2025-05-30 16:00:00,2025-05-30 16:00:00,132530.0
Korea,2025-05-30 17:00:00,2025-05-30 17:00:00,132530.0
Korea,2025-05-30 18:00:00,2025-05-30 18:00:00,132530.0
Korea,2025-05-30 19:00:00,2025-05-30 19:00:00,132470.0
Korea,2025-05-30 20:00:00,2025-05-30 20:00:00,129930.0
Korea,2025-05-30 21:00:00,2025-05-30 21:00:00,129160.0
Korea,2025-05-30 22:00:00,2025-05-30 22:00:00,129160.0
Korea,2025-05-30 23:00:00,2025-05-30 23:00:00,129690.0
Korea,2025-05-31 00:00:00,2025-05-31 00:00:00,121410.0
Korea,2025-05-31 01:00:00,2025-05-31 01:00:00,110880.0
Korea,2025-05-31 02:00:00,2025-05-31 02:00:00,103660.0
Korea,2025-05-31 03:00:00,2025-05-31 03:00:00,84770.0
Korea,2025-05-31 04:00:00,2025-05-31 04:00:00,85310.0
Korea,2025-05-31 05:00:00,2025-05-31 05:00:00,105050.0
Korea,2025-05-31 06:00:00,2025-05-31 06:00:00,110860.0
Korea,2025-05-31 07:00:00,2025-05-31 07:00:00,111040.0
Korea,2025-05-31 08:00:00,2025-05-31 08:00:00,111040.0
Korea,2025-05-31 09:00:00,2025-05-31 09:00:00,111320.0
Korea,2025-05-31 10:00:00,2025-05-31 10:00:00,112290.0
Korea,2025-05-31 11:00:00,2025-05-31 11:00:00,112130.0
Korea,2025-05-31 12:00:00,2025-05-31 12:00:00,112130.0
Korea,2025-05-31 13:00:00,2025-05-31 13:00:00,135060.0
Korea,2025-05-31 14:00:00,2025-05-31 14:00:00,129040.0
Korea,2025-05-31 15:00:00,2025-05-31 15:00:00,129050.0
Korea,2025-05-31 16:00:00,2025-05-31 16:00:00,133660.0
Korea,2025-05-31 17:00:00,2025-05-31 17:00:00,130420.0
Korea,2025-05-31 18:00:00,2025-05-31 18:00:00,132110.0
Korea,2025-05-31 19:00:00,2025-05-31 19:00:00,129100.0
Korea,2025-05-31 20:00:00,2025-05-31 20:00:00,128860.0
Korea,2025-05-31 21:00:00,2025-05-31 21:00:00,128950.0
Korea,2025-05-31 22:00:00,2025-05-31 22:00:00,112700.0
Korea,2025-05-31 23:00:00,2025-05-31 23:00:00,112700.0
Korea,2025-06-01 00:00:00,2025-06-01 00:00:00,104440.0
Korea,2025-06-01 01:00:00,2025-06-01 01:00:00,100720.0
Korea,2025-06-01 02:00:00,2025-06-01 02:00:00,92640.0
Korea,2025-06-01 03:00:00,2025-06-01 03:00:00,91130.0
Korea,2025-06-01 04:00:00,2025-06-01 04:00:00,89620.0
Korea,2025-06-01 05:00:00,2025-06-01 05:00:00,90100.0
Korea,2025-06-01 06:00:00,2025-06-01 06:00:00,104340.0
Korea,2025-06-01 07:00:00,2025-06-01 07:00:00,102540.0
Korea,2025-06-01 08:00:00,2025-06-01 08:00:00,102530.0
Korea,2025-06-01 09:00:00,2025-06-01 09:00:00,102530.0
Korea,2025-06-01 10:00:00,2025-06-01 10:00:00,106370.0
Korea,2025-06-01 11:00:00,2025-06-01 11:00:00,105140.0
Korea,2025-06-01 12:00:00,2025-06-01 12:00:00,105140.0
Korea,2025-06-01 13:00:00,2025-06-01 13:00:00,106210.0
Korea,2025-06-01 14:00:00,2025-06-01 14:00:00,106130.0
Korea,2025-06-01 15:00:00,2025-06-01 15:00:00,109970.0
Korea,2025-06-01 16:00:00,2025-06-01 16:00:00,109970.0
Korea,2025-06-01 17:00:00,2025-06-01 17:00:00,109970.0
Korea,2025-06-01 18:00:00,2025-06-01 18:00:00,139880.0
Korea,2025-06-01 19:00:00,2025-06-01 19:00:00,140120.0
Korea,2025-06-01 20:00:00,2025-06-01 20:00:00,110040.0
Korea,2025-06-01 21:00:00,2025-06-01 21:00:00,108560.0
Korea,2025-06-01 22:00:00,2025-06-01 22:00:00,115230.0
Korea,2025-06-01 23:00:00,2025-06-01 23:00:00,105130.0
Korea,2025-06-02 00:00:00,2025-06-02 00:00:00,97460.0
Korea,2025-06-02 01:00:00,2025-06-02 01:00:00,87270.0
Korea,2025-06-02 02:00:00,2025-06-02 02:00:00,86200.0
Korea,2025-06-02 03:00:00,2025-06-02 03:00:00,85300.0
Korea,2025-06-02 04:00:00,2025-06-02 04:00:00,85300.0
Korea,2025-06-02 05:00:00,2025-06-02 05:00:00,96970.0
Korea,2025-06-02 06:00:00,2025-06-02 06:00:00,100430.0
Korea,2025-06-02 07:00:00,2025-06-02 07:00:00,107110.0
Korea,2025-06-02 08:00:00,2025-06-02 08:00:00,107740.0
Korea,2025-06-02 09:00:00,2025-06-02 09:00:00,126080.0
Korea,2025-06-02 10:00:00,2025-06-02 10:00:00,127150.0
Korea,2025-06-02 11:00:00,2025-06-02 11:00:00,127130.0
Korea,2025-06-02 12:00:00,2025-06-02 12:00:00,127130.0
Korea,2025-06-02 13:00:00,2025-06-02 13:00:00,141580.0
Korea,2025-06-02 14:00:00,2025-06-02 14:00:00,142660.0
Korea,2025-06-02 15:00:00,2025-06-02 15:00:00,146540.0
Korea,2025-06-02 16:00:00,2025-06-02 16:00:00,126350.0
Korea,2025-06-02 17:00:00,2025-06-02 17:00:00,125880.0
Korea,2025-06-02 18:00:00,2025-06-02 18:00:00,122000.0
Korea,2025-06-02 19:00:00,2025-06-02 19:00:00,122000.0
Korea,2025-06-02 20:00:00,2025-06-02 20:00:00,107740.0
Korea,2025-06-02 21:00:00,2025-06-02 21:00:00,106260.0
Korea,2025-06-02 22:00:00,2025-06-02 22:00:00,105610.0
Korea,2025-06-02 23:00:00,2025-06-02 23:00:00,105110.0
Korea,2025-06-03 00:00:00,2025-06-03 00:00:00,104730.0
Korea,2025-06-03 01:00:00,2025-06-03 01:00:00,104040.0
Korea,2025-06-03 02:00:00,2025-06-03 02:00:00,104320.0
Korea,2025-06-03 03:00:00,2025-06-03 03:00:00,95760.0
Korea,2025-06-03 04:00:00,2025-06-03 04:00:00,95750.0
Korea,2025-06-03 05:00:00,2025-06-03 05:00:00,103930.0
Korea,2025-06-03 06:00:00,2025-06-03 06:00:00,104310.0
Korea,2025-06-03 07:00:00,2025-06-03 07:00:00,107640.0
Korea,2025-06-03 08:00:00,2025-06-03 08:00:00,107630.0
Korea,2025-06-03 09:00:00,2025-06-03 09:00:00,124230.0
Korea,2025-06-03 10:00:00,2025-06-03 10:00:00,144900.0
Korea,2025-06-03 11:00:00,2025-06-03 11:00:00,143210.0
Korea,2025-06-03 12:00:00,2025-06-03 12:00:00,130800.0
Korea,2025-06-03 13:00:00,2025-06-03 13:00:00,130810.0
Korea,2025-06-03 14:00:00,2025-06-03 14:00:00,130750.0
Korea,2025-06-03 15:00:00,2025-06-03 15:00:00,130810.0
Korea,2025-06-03 16:00:00,2025-06-03 16:00:00,123650.0
Korea,2025-06-03 17:00:00,2025-06-03 17:00:00,122180.0
Korea,2025-06-03 18:00:00,2025-06-03 18:00:00,123320.0
Korea,2025-06-03 19:00:00,2025-06-03 19:00:00,122180.0
Korea,2025-06-03 20:00:00,2025-06-03 20:00:00,122180.0
Korea,2025-06-03 21:00:00,2025-06-03 21:00:00,107670.0
Korea,2025-06-03 22:00:00,2025-06-03 22:00:00,107670.0
Korea,2025-06-03 23:00:00,2025-06-03 23:00:00,107680.0
Korea,2025-06-04 00:00:00,2025-06-04 00:00:00,107060.0
Korea,2025-06-04 01:00:00,2025-06-04 01:00:00,106460.0
Korea,2025-06-04 02:00:00,2025-06-04 02:00:00,94820.0
Korea,2025-06-04 03:00:00,2025-06-04 03:00:00,94860.0
Korea,2025-06-04 04:00:00,2025-06-04 04:00:00,95030.0
Korea,2025-06-04 05:00:00,2025-06-04 05:00:00,106720.0
Korea,2025-06-04 06:00:00,2025-06-04 06:00:00,108080.0
Korea,2025-06-04 07:00:00,2025-06-04 07:00:00,108080.0
Korea,2025-06-04 08:00:00,2025-06-04 08:00:00,108030.0
Korea,2025-06-04 09:00:00,2025-06-04 09:00:00,124080.0
Korea,2025-06-04 10:00:00,2025-06-04 10:00:00,127500.0
Korea,2025-06-04 11:00:00,2025-06-04 11:00:00,127500.0
Korea,2025-06-04 12:00:00,2025-06-04 12:00:00,124050.0
Korea,2025-06-04 13:00:00,2025-06-04 13:00:00,127500.0
Korea,2025-06-04 14:00:00,2025-06-04 14:00:00,127500.0
Korea,2025-06-04 15:00:00,2025-06-04 15:00:00,127500.0
Korea,2025-06-04 16:00:00,2025-06-04 16:00:00,127500.0
Korea,2025-06-04 17:00:00,2025-06-04 17:00:00,127330.0
Korea,2025-06-04 18:00:00,2025-06-04 18:00:00,124080.0
Korea,2025-06-04 19:00:00,2025-06-04 19:00:00,124080.0
Korea,2025-06-04 20:00:00,2025-06-04 20:00:00,124010.0
Korea,2025-06-04 21:00:00,2025-06-04 21:00:00,121080.0
Korea,2025-06-04 22:00:00,2025-06-04 22:00:00,121080.0
Korea,2025-06-04 23:00:00,2025-06-04 23:00:00,108030.0
Korea,2025-06-05 00:00:00,2025-06-05 00:00:00,107020.0
Korea,2025-06-05 01:00:00,2025-06-05 01:00:00,105680.0
Korea,2025-06-05 02:00:00,2025-06-05 02:00:00,90250.0
Korea,2025-06-05 03:00:00,2025-06-05 03:00:00,90250.0
Korea,2025-06-05 04:00:00,2025-06-05 04:00:00,90250.0
Korea,2025-06-05 05:00:00,2025-06-05 05:00:00,106650.0
Korea,2025-06-05 06:00:00,2025-06-05 06:00:00,107030.0
Korea,2025-06-05 07:00:00,2025-06-05 07:00:00,121140.0
Korea,2025-06-05 08:00:00,2025-06-05 08:00:00,123790.0
Korea,2025-06-05 09:00:00,2025-06-05 09:00:00,123790.0
Korea,2025-06-05 10:00:00,2025-06-05 10:00:00,129000.0
Korea,2025-06-05 11:00:00,2025-06-05 11:00:00,128930.0
Korea,2025-06-05 12:00:00,2025-06-05 12:00:00,128930.0
Korea,2025-06-05 13:00:00,2025-06-05 13:00:00,128880.0
Korea,2025-06-05 14:00:00,2025-06-05 14:00:00,128840.0
Korea,2025-06-05 15:00:00,2025-06-05 15:00:00,137440.0
Korea,2025-06-05 16:00:00,2025-06-05 16:00:00,126980.0
Korea,2025-06-05 17:00:00,2025-06-05 17:00:00,126740.0
Korea,2025-06-05 18:00:00,2025-06-05 18:00:00,126750.0
Korea,2025-06-05 19:00:00,2025-06-05 19:00:00,126700.0
Korea,2025-06-05 20:00:00,2025-06-05 20:00:00,123760.0
Korea,2025-06-05 21:00:00,2025-06-05 21:00:00,121140.0
Korea,2025-06-05 22:00:00,2025-06-05 22:00:00,107000.0
Korea,2025-06-05 23:00:00,2025-06-05 23:00:00,107010.0
Korea,2025-06-06 00:00:00,2025-06-06 00:00:00,105540.0
Korea,2025-06-06 01:00:00,2025-06-06 01:00:00,104460.0
Korea,2025-06-06 02:00:00,2025-06-06 02:00:00,104100.0
Korea,2025-06-06 03:00:00,2025-06-06 03:00:00,95770.0
Korea,2025-06-06 04:00:00,2025-06-06 04:00:00,95770.0
Korea,2025-06-06 05:00:00,2025-06-06 05:00:00,95770.0
Korea,2025-06-06 06:00:00,2025-06-06 06:00:00,104090.0
Korea,2025-06-06 07:00:00,2025-06-06 07:00:00,104270.0
Korea,2025-06-06 08:00:00,2025-06-06 08:00:00,105920.0
Korea,2025-06-06 09:00:00,2025-06-06 09:00:00,107950.0
Korea,2025-06-06 10:00:00,2025-06-06 10:00:00,107950.0
Korea,2025-06-06 11:00:00,2025-06-06 11:00:00,123850.0
Korea,2025-06-06 12:00:00,2025-06-06 12:00:00,123810.0
Korea,2025-06-06 13:00:00,2025-06-06 13:00:00,141930.0
Korea,2025-06-06 14:00:00,2025-06-06 14:00:00,123630.0
Korea,2025-06-06 15:00:00,2025-06-06 15:00:00,123630.0
Korea,2025-06-06 16:00:00,2025-06-06 16:00:00,123630.0
Korea,2025-06-06 17:00:00,2025-06-06 17:00:00,137700.0
Korea,2025-06-06 18:00:00,2025-06-06 18:00:00,137850.0
Korea,2025-06-06 19:00:00,2025-06-06 19:00:00,124030.0
Korea,2025-06-06 20:00:00,2025-06-06 20:00:00,123070.0
Korea,2025-06-06 21:00:00,2025-06-06 21:00:00,107950.0
Korea,2025-06-06 22:00:00,2025-06-06 22:00:00,107950.0
Korea,2025-06-06 23:00:00,2025-06-06 23:00:00,107950.0
Korea,2025-06-07 00:00:00,2025-06-07 00:00:00,106020.0
Korea,2025-06-07 01:00:00,2025-06-07 01:00:00,96260.0
Korea,2025-06-07 02:00:00,2025-06-07 02:00:00,96230.0
Korea,2025-06-07 03:00:00,2025-06-07 03:00:00,95710.0
Korea,2025-06-07 04:00:00,2025-06-07 04:00:00,95720.0
Korea,2025-06-07 05:00:00,2025-06-07 05:00:00,95690.0
Korea,2025-06-07 06:00:00,2025-06-07 06:00:00,95670.0
Korea,2025-06-07 07:00:00,2025-06-07 07:00:00,106600.0
Korea,2025-06-07 08:00:00,2025-06-07 08:00:00,106530.0
Korea,2025-06-07 09:00:00,2025-06-07 09:00:00,108910.0
Korea,2025-06-07 10:00:00,2025-06-07 10:00:00,108910.0
Korea,2025-06-07 11:00:00,2025-06-07 11:00:00,127520.0
Korea,2025-06-07 12:00:00,2025-06-07 12:00:00,143630.0
Korea,2025-06-07 13:00:00,2025-06-07 13:00:00,108860.0
Korea,2025-06-07 14:00:00,2025-06-07 14:00:00,108860.0
Korea,2025-06-07 15:00:00,2025-06-07 15:00:00,108860.0
Korea,2025-06-07 16:00:00,2025-06-07 16:00:00,108860.0
Korea,2025-06-07 17:00:00,2025-06-07 17:00:00,108860.0
Korea,2025-06-07 18:00:00,2025-06-07 18:00:00,108910.0
Korea,2025-06-07 19:00:00,2025-06-07 19:00:00,108910.0
Korea,2025-06-07 20:00:00,2025-06-07 20:00:00,107490.0
Korea,2025-06-07 21:00:00,2025-06-07 21:00:00,105360.0
Korea,2025-06-07 22:00:00,2025-06-07 22:00:00,105370.0
Korea,2025-06-07 23:00:00,2025-06-07 23:00:00,105370.0
Korea,2025-06-08 00:00:00,2025-06-08 00:00:00,101780.0
Korea,2025-06-08 01:00:00,2025-06-08 01:00:00,95220.0
Korea,2025-06-08 02:00:00,2025-06-08 02:00:00,85780.0
Korea,2025-06-08 03:00:00,2025-06-08 03:00:00,83770.0
Korea,2025-06-08 04:00:00,2025-06-08 04:00:00,87850.0
Korea,2025-06-08 05:00:00,2025-06-08 05:00:00,88820.0
Korea,2025-06-08 06:00:00,2025-06-08 06:00:00,88260.0
Korea,2025-06-08 07:00:00,2025-06-08 07:00:00,81690.0
Korea,2025-06-08 08:00:00,2025-06-08 08:00:00,95880.0
Korea,2025-06-08 09:00:00,2025-06-08 09:00:00,96820.0
Korea,2025-06-08 10:00:00,2025-06-08 10:00:00,105540.0
Korea,2025-06-08 11:00:00,2025-06-08 11:00:00,105400.0
Korea,2025-06-08 12:00:00,2025-06-08 12:00:00,105400.0
Korea,2025-06-08 13:00:00,2025-06-08 13:00:00,105330.0
Korea,2025-06-08 14:00:00,2025-06-08 14:00:00,171760.0
Korea,2025-06-08 15:00:00,2025-06-08 15:00:00,105930.0
Korea,2025-06-08 16:00:00,2025-06-08 16:00:00,110660.0
Korea,2025-06-08 17:00:00,2025-06-08 17:00:00,110660.0
Korea,2025-06-08 18:00:00,2025-06-08 18:00:00,110720.0
Korea,2025-06-08 19:00:00,2025-06-08 19:00:00,110720.0
Korea,2025-06-08 20:00:00,2025-06-08 20:00:00,110720.0
Korea,2025-06-08 21:00:00,2025-06-08 21:00:00,109270.0
Korea,2025-06-08 22:00:00,2025-06-08 22:00:00,105980.0
Korea,2025-06-08 23:00:00,2025-06-08 23:00:00,105670.0
Korea,2025-06-09 00:00:00,2025-06-09 00:00:00,104930.0
Korea,2025-06-09 01:00:00,2025-06-09 01:00:00,104090.0
Korea,2025-06-09 02:00:00,2025-06-09 02:00:00,104310.0
Korea,2025-06-09 03:00:00,2025-06-09 03:00:00,95060.0
Korea,2025-06-09 04:00:00,2025-06-09 04:00:00,95060.0
Korea,2025-06-09 05:00:00,2025-06-09 05:00:00,104360.0
Korea,2025-06-09 06:00:00,2025-06-09 06:00:00,104920.0
Korea,2025-06-09 07:00:00,2025-06-09 07:00:00,107150.0
Korea,2025-06-09 08:00:00,2025-06-09 08:00:00,131090.0
Korea,2025-06-09 09:00:00,2025-06-09 09:00:00,127900.0
Korea,2025-06-09 10:00:00,2025-06-09 10:00:00,141370.0
Korea,2025-06-09 11:00:00,2025-06-09 11:00:00,127630.0
Korea,2025-06-09 12:00:00,2025-06-09 12:00:00,127630.0
Korea,2025-06-09 13:00:00,2025-06-09 13:00:00,137800.0
Korea,2025-06-09 14:00:00,2025-06-09 14:00:00,137760.0
Korea,2025-06-09 15:00:00,2025-06-09 15:00:00,127630.0
Korea,2025-06-09 16:00:00,2025-06-09 16:00:00,127630.0
Korea,2025-06-09 17:00:00,2025-06-09 17:00:00,125490.0
Korea,2025-06-09 18:00:00,2025-06-09 18:00:00,125670.0
Korea,2025-06-09 19:00:00,2025-06-09 19:00:00,125670.0
Korea,2025-06-09 20:00:00,2025-06-09 20:00:00,125670.0
Korea,2025-06-09 21:00:00,2025-06-09 21:00:00,125670.0
Korea,2025-06-09 22:00:00,2025-06-09 22:00:00,107080.0
Korea,2025-06-09 23:00:00,2025-06-09 23:00:00,107080.0
Korea,2025-06-10 00:00:00,2025-06-10 00:00:00,108810.0
Korea,2025-06-10 01:00:00,2025-06-10 01:00:00,105720.0
Korea,2025-06-10 02:00:00,2025-06-10 02:00:00,90150.0
Korea,2025-06-10 03:00:00,2025-06-10 03:00:00,90220.0
Korea,2025-06-10 04:00:00,2025-06-10 04:00:00,90250.0
Korea,2025-06-10 05:00:00,2025-06-10 05:00:00,105720.0
Korea,2025-06-10 06:00:00,2025-06-10 06:00:00,114060.0
Korea,2025-06-10 07:00:00,2025-06-10 07:00:00,122670.0
Korea,2025-06-10 08:00:00,2025-06-10 08:00:00,123680.0
Korea,2025-06-10 09:00:00,2025-06-10 09:00:00,125160.0
Korea,2025-06-10 10:00:00,2025-06-10 10:00:00,132670.0
Korea,2025-06-10 11:00:00,2025-06-10 11:00:00,132650.0
Korea,2025-06-10 12:00:00,2025-06-10 12:00:00,128160.0
Korea,2025-06-10 13:00:00,2025-06-10 13:00:00,139320.0
Korea,2025-06-10 14:00:00,2025-06-10 14:00:00,139320.0
Korea,2025-06-10 15:00:00,2025-06-10 15:00:00,139320.0
Korea,2025-06-10 16:00:00,2025-06-10 16:00:00,132590.0
Korea,2025-06-10 17:00:00,2025-06-10 17:00:00,136300.0
Korea,2025-06-10 18:00:00,2025-06-10 18:00:00,128170.0
Korea,2025-06-10 19:00:00,2025-06-10 19:00:00,129860.0
Korea,2025-06-10 20:00:00,2025-06-10 20:00:00,128090.0
Korea,2025-06-10 21:00:00,2025-06-10 21:00:00,126110.0
Korea,2025-06-10 22:00:00,2025-06-10 22:00:00,126110.0
Korea,2025-06-10 23:00:00,2025-06-10 23:00:00,107090.0
Korea,2025-06-11 00:00:00,2025-06-11 00:00:00,108060.0
Korea,2025-06-11 01:00:00,2025-06-11 01:00:00,106070.0
Korea,2025-06-11 02:00:00,2025-06-11 02:00:00,95030.0
Korea,2025-06-11 03:00:00,2025-06-11 03:00:00,105520.0
Korea,2025-06-11 04:00:00,2025-06-11 04:00:00,105470.0
Korea,2025-06-11 05:00:00,2025-06-11 05:00:00,105340.0
Korea,2025-06-11 06:00:00,2025-06-11 06:00:00,106880.0
Korea,2025-06-11 07:00:00,2025-06-11 07:00:00,125560.0
Korea,2025-06-11 08:00:00,2025-06-11 08:00:00,126930.0
Korea,2025-06-11 09:00:00,2025-06-11 09:00:00,127630.0
Korea,2025-06-11 10:00:00,2025-06-11 10:00:00,130810.0
Korea,2025-06-11 11:00:00,2025-06-11 11:00:00,130890.0
Korea,2025-06-11 12:00:00,2025-06-11 12:00:00,130170.0
Korea,2025-06-11 13:00:00,2025-06-11 13:00:00,137040.0
Korea,2025-06-11 14:00:00,2025-06-11 14:00:00,167440.0
Korea,2025-06-11 15:00:00,2025-06-11 15:00:00,137000.0
Korea,2025-06-11 16:00:00,2025-06-11 16:00:00,130540.0
Korea,2025-06-11 17:00:00,2025-06-11 17:00:00,130350.0
Korea,2025-06-11 18:00:00,2025-06-11 18:00:00,129730.0
Korea,2025-06-11 19:00:00,2025-06-11 19:00:00,127580.0
Korea,2025-06-11 20:00:00,2025-06-11 20:00:00,127590.0
Korea,2025-06-11 21:00:00,2025-06-11 21:00:00,126100.0
Korea,2025-06-11 22:00:00,2025-06-11 22:00:00,123380.0
Korea,2025-06-11 23:00:00,2025-06-11 23:00:00,106880.0
Korea,2025-06-12 00:00:00,2025-06-12 00:00:00,105260.0
Korea,2025-06-12 01:00:00,2025-06-12 01:00:00,103460.0
Korea,2025-06-12 02:00:00,2025-06-12 02:00:00,90240.0
Korea,2025-06-12 03:00:00,2025-06-12 03:00:00,90120.0
Korea,2025-06-12 04:00:00,2025-06-12 04:00:00,90070.0
Korea,2025-06-12 05:00:00,2025-06-12 05:00:00,90250.0
Korea,2025-06-12 06:00:00,2025-06-12 06:00:00,124510.0
Korea,2025-06-12 07:00:00,2025-06-12 07:00:00,124510.0
Korea,2025-06-12 08:00:00,2025-06-12 08:00:00,125830.0
Korea,2025-06-12 09:00:00,2025-06-12 09:00:00,128570.0
Korea,2025-06-12 10:00:00,2025-06-12 10:00:00,128570.0
Korea,2025-06-12 11:00:00,2025-06-12 11:00:00,136820.0
Korea,2025-06-12 12:00:00,2025-06-12 12:00:00,128550.0
Korea,2025-06-12 13:00:00,2025-06-12 13:00:00,140280.0
Korea,2025-06-12 14:00:00,2025-06-12 14:00:00,147600.0
Korea,2025-06-12 15:00:00,2025-06-12 15:00:00,134870.0
Korea,2025-06-12 16:00:00,2025-06-12 16:00:00,133790.0
Korea,2025-06-12 17:00:00,2025-06-12 17:00:00,132720.0
Korea,2025-06-12 18:00:00,2025-06-12 18:00:00,132610.0
Korea,2025-06-12 19:00:00,2025-06-12 19:00:00,131900.0
Korea,2025-06-12 20:00:00,2025-06-12 20:00:00,126050.0
Korea,2025-06-12 21:00:00,2025-06-12 21:00:00,125370.0
Korea,2025-06-12 22:00:00,2025-06-12 22:00:00,124510.0
Korea,2025-06-12 23:00:00,2025-06-12 23:00:00,106990.0
Korea,2025-06-13 00:00:00,2025-06-13 00:00:00,106540.0
Korea,2025-06-13 01:00:00,2025-06-13 01:00:00,106240.0
Korea,2025-06-13 02:00:00,2025-06-13 02:00:00,105620.0
Korea,2025-06-13 03:00:00,2025-06-13 03:00:00,105380.0
Korea,2025-06-13 04:00:00,2025-06-13 04:00:00,105000.0
Korea,2025-06-13 05:00:00,2025-06-13 05:00:00,106550.0
Korea,2025-06-13 06:00:00,2025-06-13 06:00:00,106540.0
Korea,2025-06-13 07:00:00,2025-06-13 07:00:00,124680.0
Korea,2025-06-13 08:00:00,2025-06-13 08:00:00,125140.0
Korea,2025-06-13 09:00:00,2025-06-13 09:00:00,129250.0
Korea,2025-06-13 10:00:00,2025-06-13 10:00:00,130980.0
Korea,2025-06-13 11:00:00,2025-06-13 11:00:00,131890.0
Korea,2025-06-13 12:00:00,2025-06-13 12:00:00,130780.0
Korea,2025-06-13 13:00:00,2025-06-13 13:00:00,140430.0
Korea,2025-06-13 14:00:00,2025-06-13 14:00:00,139720.0
Korea,2025-06-13 15:00:00,2025-06-13 15:00:00,132330.0
Korea,2025-06-13 16:00:00,2025-06-13 16:00:00,131440.0
Korea,2025-06-13 17:00:00,2025-06-13 17:00:00,131440.0
Korea,2025-06-13 18:00:00,2025-06-13 18:00:00,127870.0
Korea,2025-06-13 19:00:00,2025-06-13 19:00:00,128750.0
Korea,2025-06-13 20:00:00,2025-06-13 20:00:00,127560.0
Korea,2025-06-13 21:00:00,2025-06-13 21:00:00,125680.0
Korea,2025-06-13 22:00:00,2025-06-13 22:00:00,122350.0
Korea,2025-06-13 23:00:00,2025-06-13 23:00:00,106510.0
Korea,2025-06-14 00:00:00,2025-06-14 00:00:00,115030.0
Korea,2025-06-14 01:00:00,2025-06-14 01:00:00,107270.0
Korea,2025-06-14 02:00:00,2025-06-14 02:00:00,106250.0
Korea,2025-06-14 03:00:00,2025-06-14 03:00:00,101420.0
Korea,2025-06-14 04:00:00,2025-06-14 04:00:00,106510.0
Korea,2025-06-14 05:00:00,2025-06-14 05:00:00,106170.0
Korea,2025-06-14 06:00:00,2025-06-14 06:00:00,107320.0
Korea,2025-06-14 07:00:00,2025-06-14 07:00:00,107320.0
Korea,2025-06-14 08:00:00,2025-06-14 08:00:00,137980.0
Korea,2025-06-14 09:00:00,2025-06-14 09:00:00,129970.0
Korea,2025-06-14 10:00:00,2025-06-14 10:00:00,139040.0
Korea,2025-06-14 11:00:00,2025-06-14 11:00:00,138890.0
Korea,2025-06-14 12:00:00,2025-06-14 12:00:00,131990.0
Korea,2025-06-14 13:00:00,2025-06-14 13:00:00,138460.0
Korea,2025-06-14 14:00:00,2025-06-14 14:00:00,131820.0
Korea,2025-06-14 15:00:00,2025-06-14 15:00:00,130040.0
Korea,2025-06-14 16:00:00,2025-06-14 16:00:00,127150.0
Korea,2025-06-14 17:00:00,2025-06-14 17:00:00,126950.0
Korea,2025-06-14 18:00:00,2025-06-14 18:00:00,125220.0
Korea,2025-06-14 19:00:00,2025-06-14 19:00:00,125270.0
Korea,2025-06-14 20:00:00,2025-06-14 20:00:00,124780.0
Korea,2025-06-14 21:00:00,2025-06-14 21:00:00,126280.0
Korea,2025-06-14 22:00:00,2025-06-14 22:00:00,107320.0
Korea,2025-06-14 23:00:00,2025-06-14 23:00:00,107320.0
Korea,2025-06-15 00:00:00,2025-06-15 00:00:00,104820.0
Korea,2025-06-15 01:00:00,2025-06-15 01:00:00,96070.0
Korea,2025-06-15 02:00:00,2025-06-15 02:00:00,95270.0
Korea,2025-06-15 03:00:00,2025-06-15 03:00:00,81300.0
Korea,2025-06-15 04:00:00,2025-06-15 04:00:00,82520.0
Korea,2025-06-15 05:00:00,2025-06-15 05:00:00,83750.0
Korea,2025-06-15 06:00:00,2025-06-15 06:00:00,84160.0
Korea,2025-06-15 07:00:00,2025-06-15 07:00:00,80980.0
Korea,2025-06-15 08:00:00,2025-06-15 08:00:00,96020.0
Korea,2025-06-15 09:00:00,2025-06-15 09:00:00,96930.0
Korea,2025-06-15 10:00:00,2025-06-15 10:00:00,106700.0
Korea,2025-06-15 11:00:00,2025-06-15 11:00:00,106820.0
Korea,2025-06-15 12:00:00,2025-06-15 12:00:00,106820.0
Korea,2025-06-15 13:00:00,2025-06-15 13:00:00,106820.0
Korea,2025-06-15 14:00:00,2025-06-15 14:00:00,106820.0
Korea,2025-06-15 15:00:00,2025-06-15 15:00:00,106830.0
Korea,2025-06-15 16:00:00,2025-06-15 16:00:00,106830.0
Korea,2025-06-15 17:00:00,2025-06-15 17:00:00,106290.0
Korea,2025-06-15 18:00:00,2025-06-15 18:00:00,106810.0
Korea,2025-06-15 19:00:00,2025-06-15 19:00:00,118250.0
Korea,2025-06-15 20:00:00,2025-06-15 20:00:00,116800.0
Korea,2025-06-15 21:00:00,2025-06-15 21:00:00,106840.0
Korea,2025-06-15 22:00:00,2025-06-15 22:00:00,106660.0
Korea,2025-06-15 23:00:00,2025-06-15 23:00:00,106200.0
Korea,2025-06-16 00:00:00,2025-06-16 00:00:00,97880.0
Korea,2025-06-16 01:00:00,2025-06-16 01:00:00,84970.0
Korea,2025-06-16 02:00:00,2025-06-16 02:00:00,80640.0
Korea,2025-06-16 03:00:00,2025-06-16 03:00:00,81430.0
Korea,2025-06-16 04:00:00,2025-06-16 04:00:00,81460.0
Korea,2025-06-16 05:00:00,2025-06-16 05:00:00,81460.0
Korea,2025-06-16 06:00:00,2025-06-16 06:00:00,95020.0
Korea,2025-06-16 07:00:00,2025-06-16 07:00:00,107550.0
Korea,2025-06-16 08:00:00,2025-06-16 08:00:00,126300.0
Korea,2025-06-16 09:00:00,2025-06-16 09:00:00,128180.0
Korea,2025-06-16 10:00:00,2025-06-16 10:00:00,128980.0
Korea,2025-06-16 11:00:00,2025-06-16 11:00:00,130120.0
Korea,2025-06-16 12:00:00,2025-06-16 12:00:00,128180.0
Korea,2025-06-16 13:00:00,2025-06-16 13:00:00,134910.0
Korea,2025-06-16 14:00:00,2025-06-16 14:00:00,134910.0
Korea,2025-06-16 15:00:00,2025-06-16 15:00:00,134910.0
Korea,2025-06-16 16:00:00,2025-06-16 16:00:00,133260.0
Korea,2025-06-16 17:00:00,2025-06-16 17:00:00,132440.0
Korea,2025-06-16 18:00:00,2025-06-16 18:00:00,132280.0
Korea,2025-06-16 19:00:00,2025-06-16 19:00:00,125400.0
Korea,2025-06-16 20:00:00,2025-06-16 20:00:00,125220.0
Korea,2025-06-16 21:00:00,2025-06-16 21:00:00,121700.0
Korea,2025-06-16 22:00:00,2025-06-16 22:00:00,107520.0
Korea,2025-06-16 23:00:00,2025-06-16 23:00:00,107230.0
Korea,2025-06-17 00:00:00,2025-06-17 00:00:00,106670.0
Korea,2025-06-17 01:00:00,2025-06-17 01:00:00,106570.0
Korea,2025-06-17 02:00:00,2025-06-17 02:00:00,106670.0
Korea,2025-06-17 03:00:00,2025-06-17 03:00:00,105540.0
Korea,2025-06-17 04:00:00,2025-06-17 04:00:00,105360.0
Korea,2025-06-17 05:00:00,2025-06-17 05:00:00,105510.0
Korea,2025-06-17 06:00:00,2025-06-17 06:00:00,106660.0
Korea,2025-06-17 07:00:00,2025-06-17 07:00:00,106650.0
Korea,2025-06-17 08:00:00,2025-06-17 08:00:00,127050.0
Korea,2025-06-17 09:00:00,2025-06-17 09:00:00,129470.0
Korea,2025-06-17 10:00:00,2025-06-17 10:00:00,134390.0
Korea,2025-06-17 11:00:00,2025-06-17 11:00:00,134390.0
Korea,2025-06-17 12:00:00,2025-06-17 12:00:00,130240.0
Korea,2025-06-17 13:00:00,2025-06-17 13:00:00,153860.0
Korea,2025-06-17 14:00:00,2025-06-17 14:00:00,150780.0
Korea,2025-06-17 15:00:00,2025-06-17 15:00:00,148050.0
Korea,2025-06-17 16:00:00,2025-06-17 16:00:00,140110.0
Korea,2025-06-17 17:00:00,2025-06-17 17:00:00,135420.0
Korea,2025-06-17 18:00:00,2025-06-17 18:00:00,134220.0
Korea,2025-06-17 19:00:00,2025-06-17 19:00:00,129620.0
Korea,2025-06-17 20:00:00,2025-06-17 20:00:00,127060.0
Korea,2025-06-17 21:00:00,2025-06-17 21:00:00,126580.0
Korea,2025-06-17 22:00:00,2025-06-17 22:00:00,126070.0
Korea,2025-06-17 23:00:00,2025-06-17 23:00:00,126070.0
Korea,2025-06-18 00:00:00,2025-06-18 00:00:00,105260.0
Korea,2025-06-18 01:00:00,2025-06-18 01:00:00,103500.0
Korea,2025-06-18 02:00:00,2025-06-18 02:00:00,103250.0
Korea,2025-06-18 03:00:00,2025-06-18 03:00:00,94850.0
Korea,2025-06-18 04:00:00,2025-06-18 04:00:00,94610.0
Korea,2025-06-18 05:00:00,2025-06-18 05:00:00,94560.0
Korea,2025-06-18 06:00:00,2025-06-18 06:00:00,95290.0
Korea,2025-06-18 07:00:00,2025-06-18 07:00:00,123310.0
Korea,2025-06-18 08:00:00,2025-06-18 08:00:00,123840.0
Korea,2025-06-18 09:00:00,2025-06-18 09:00:00,128040.0
Korea,2025-06-18 10:00:00,2025-06-18 10:00:00,128680.0
Korea,2025-06-18 11:00:00,2025-06-18 11:00:00,130760.0
Korea,2025-06-18 12:00:00,2025-06-18 12:00:00,128670.0
Korea,2025-06-18 13:00:00,2025-06-18 13:00:00,136390.0
Korea,2025-06-18 14:00:00,2025-06-18 14:00:00,136370.0
Korea,2025-06-18 15:00:00,2025-06-18 15:00:00,136370.0
Korea,2025-06-18 16:00:00,2025-06-18 16:00:00,134240.0
Korea,2025-06-18 17:00:00,2025-06-18 17:00:00,134350.0
Korea,2025-06-18 18:00:00,2025-06-18 18:00:00,128660.0
Korea,2025-06-18 19:00:00,2025-06-18 19:00:00,126390.0
Korea,2025-06-18 20:00:00,2025-06-18 20:00:00,126930.0
Korea,2025-06-18 21:00:00,2025-06-18 21:00:00,126930.0
Korea,2025-06-18 22:00:00,2025-06-18 22:00:00,121630.0
Korea,2025-06-18 23:00:00,2025-06-18 23:00:00,107130.0
Korea,2025-06-19 00:00:00,2025-06-19 00:00:00,107860.0
Korea,2025-06-19 01:00:00,2025-06-19 01:00:00,106060.0
Korea,2025-06-19 02:00:00,2025-06-19 02:00:00,95040.0
Korea,2025-06-19 03:00:00,2025-06-19 03:00:00,95010.0
Korea,2025-06-19 04:00:00,2025-06-19 04:00:00,95180.0
Korea,2025-06-19 05:00:00,2025-06-19 05:00:00,95060.0
Korea,2025-06-19 06:00:00,2025-06-19 06:00:00,117650.0
Korea,2025-06-19 07:00:00,2025-06-19 07:00:00,121540.0
Korea,2025-06-19 08:00:00,2025-06-19 08:00:00,125910.0
Korea,2025-06-19 09:00:00,2025-06-19 09:00:00,129470.0
Korea,2025-06-19 10:00:00,2025-06-19 10:00:00,132190.0
Korea,2025-06-19 11:00:00,2025-06-19 11:00:00,132140.0
Korea,2025-06-19 12:00:00,2025-06-19 12:00:00,130030.0
Korea,2025-06-19 13:00:00,2025-06-19 13:00:00,132070.0
Korea,2025-06-19 14:00:00,2025-06-19 14:00:00,138730.0
Korea,2025-06-19 15:00:00,2025-06-19 15:00:00,166110.0
Korea,2025-06-19 16:00:00,2025-06-19 16:00:00,137850.0
Korea,2025-06-19 17:00:00,2025-06-19 17:00:00,137200.0
Korea,2025-06-19 18:00:00,2025-06-19 18:00:00,131390.0
Korea,2025-06-19 19:00:00,2025-06-19 19:00:00,128840.0
Korea,2025-06-19 20:00:00,2025-06-19 20:00:00,127550.0
Korea,2025-06-19 21:00:00,2025-06-19 21:00:00,125910.0
Korea,2025-06-19 22:00:00,2025-06-19 22:00:00,125910.0
Korea,2025-06-19 23:00:00,2025-06-19 23:00:00,125620.0
Korea,2025-06-20 00:00:00,2025-06-20 00:00:00,106600.0
Korea,2025-06-20 01:00:00,2025-06-20 01:00:00,105920.0
Korea,2025-06-20 02:00:00,2025-06-20 02:00:00,106340.0
Korea,2025-06-20 03:00:00,2025-06-20 03:00:00,105660.0
Korea,2025-06-20 04:00:00,2025-06-20 04:00:00,105510.0
Korea,2025-06-20 05:00:00,2025-06-20 05:00:00,105560.0
Korea,2025-06-20 06:00:00,2025-06-20 06:00:00,106610.0
Korea,2025-06-20 07:00:00,2025-06-20 07:00:00,122980.0
Korea,2025-06-20 08:00:00,2025-06-20 08:00:00,124770.0
Korea,2025-06-20 09:00:00,2025-06-20 09:00:00,138530.0
Korea,2025-06-20 10:00:00,2025-06-20 10:00:00,193750.0
Korea,2025-06-20 11:00:00,2025-06-20 11:00:00,138300.0
Korea,2025-06-20 12:00:00,2025-06-20 12:00:00,130650.0
Korea,2025-06-20 13:00:00,2025-06-20 13:00:00,139040.0
Korea,2025-06-20 14:00:00,2025-06-20 14:00:00,137600.0
Korea,2025-06-20 15:00:00,2025-06-20 15:00:00,137580.0
Korea,2025-06-20 16:00:00,2025-06-20 16:00:00,130630.0
Korea,2025-06-20 17:00:00,2025-06-20 17:00:00,130610.0
Korea,2025-06-20 18:00:00,2025-06-20 18:00:00,128200.0
Korea,2025-06-20 19:00:00,2025-06-20 19:00:00,125210.0
Korea,2025-06-20 20:00:00,2025-06-20 20:00:00,125210.0
Korea,2025-06-20 21:00:00,2025-06-20 21:00:00,124950.0
Korea,2025-06-20 22:00:00,2025-06-20 22:00:00,124770.0
Korea,2025-06-20 23:00:00,2025-06-20 23:00:00,124710.0
Korea,2025-06-21 00:00:00,2025-06-21 00:00:00,120960.0
Korea,2025-06-21 01:00:00,2025-06-21 01:00:00,105560.0
Korea,2025-06-21 02:00:00,2025-06-21 02:00:00,106050.0
Korea,2025-06-21 03:00:00,2025-06-21 03:00:00,102060.0
Korea,2025-06-21 04:00:00,2025-06-21 04:00:00,102060.0
Korea,2025-06-21 05:00:00,2025-06-21 05:00:00,100730.0
Korea,2025-06-21 06:00:00,2025-06-21 06:00:00,102060.0
Korea,2025-06-21 07:00:00,2025-06-21 07:00:00,105640.0
Korea,2025-06-21 08:00:00,2025-06-21 08:00:00,105840.0
Korea,2025-06-21 09:00:00,2025-06-21 09:00:00,126480.0
Korea,2025-06-21 10:00:00,2025-06-21 10:00:00,127070.0
Korea,2025-06-21 11:00:00,2025-06-21 11:00:00,127230.0
Korea,2025-06-21 12:00:00,2025-06-21 12:00:00,127220.0
Korea,2025-06-21 13:00:00,2025-06-21 13:00:00,127210.0
Korea,2025-06-21 14:00:00,2025-06-21 14:00:00,127040.0
Korea,2025-06-21 15:00:00,2025-06-21 15:00:00,127150.0
Korea,2025-06-21 16:00:00,2025-06-21 16:00:00,126740.0
Korea,2025-06-21 17:00:00,2025-06-21 17:00:00,126550.0
Korea,2025-06-21 18:00:00,2025-06-21 18:00:00,126590.0
Korea,2025-06-21 19:00:00,2025-06-21 19:00:00,126680.0
Korea,2025-06-21 20:00:00,2025-06-21 20:00:00,126610.0
Korea,2025-06-21 21:00:00,2025-06-21 21:00:00,109000.0
Korea,2025-06-21 22:00:00,2025-06-21 22:00:00,109010.0
Korea,2025-06-21 23:00:00,2025-06-21 23:00:00,107860.0
Korea,2025-06-22 00:00:00,2025-06-22 00:00:00,103790.0
Korea,2025-06-22 01:00:00,2025-06-22 01:00:00,97300.0
Korea,2025-06-22 02:00:00,2025-06-22 02:00:00,86540.0
Korea,2025-06-22 03:00:00,2025-06-22 03:00:00,83240.0
Korea,2025-06-22 04:00:00,2025-06-22 04:00:00,83240.0
Korea,2025-06-22 05:00:00,2025-06-22 05:00:00,83240.0
Korea,2025-06-22 06:00:00,2025-06-22 06:00:00,83240.0
Korea,2025-06-22 07:00:00,2025-06-22 07:00:00,81270.0
Korea,2025-06-22 08:00:00,2025-06-22 08:00:00,81270.0
Korea,2025-06-22 09:00:00,2025-06-22 09:00:00,105620.0
Korea,2025-06-22 10:00:00,2025-06-22 10:00:00,105620.0
Korea,2025-06-22 11:00:00,2025-06-22 11:00:00,105620.0
Korea,2025-06-22 12:00:00,2025-06-22 12:00:00,105620.0
Korea,2025-06-22 13:00:00,2025-06-22 13:00:00,106770.0
Korea,2025-06-22 14:00:00,2025-06-22 14:00:00,104960.0
Korea,2025-06-22 15:00:00,2025-06-22 15:00:00,107510.0
Korea,2025-06-22 16:00:00,2025-06-22 16:00:00,106980.0
Korea,2025-06-22 17:00:00,2025-06-22 17:00:00,107420.0
Korea,2025-06-22 18:00:00,2025-06-22 18:00:00,112390.0
Korea,2025-06-22 19:00:00,2025-06-22 19:00:00,112390.0
Korea,2025-06-22 20:00:00,2025-06-22 20:00:00,112390.0
Korea,2025-06-22 21:00:00,2025-06-22 21:00:00,110930.0
Korea,2025-06-22 22:00:00,2025-06-22 22:00:00,106670.0
Korea,2025-06-22 23:00:00,2025-06-22 23:00:00,96880.0
Korea,2025-06-23 00:00:00,2025-06-23 00:00:00,105540.0
Korea,2025-06-23 01:00:00,2025-06-23 01:00:00,94830.0
Korea,2025-06-23 02:00:00,2025-06-23 02:00:00,94780.0
Korea,2025-06-23 03:00:00,2025-06-23 03:00:00,94640.0
Korea,2025-06-23 04:00:00,2025-06-23 04:00:00,94700.0
Korea,2025-06-23 05:00:00,2025-06-23 05:00:00,94900.0
Korea,2025-06-23 06:00:00,2025-06-23 06:00:00,98440.0
Korea,2025-06-23 07:00:00,2025-06-23 07:00:00,107630.0
Korea,2025-06-23 08:00:00,2025-06-23 08:00:00,128910.0
Korea,2025-06-23 09:00:00,2025-06-23 09:00:00,133990.0
Korea,2025-06-23 10:00:00,2025-06-23 10:00:00,164630.0
Korea,2025-06-23 11:00:00,2025-06-23 11:00:00,133920.0
Korea,2025-06-23 12:00:00,2025-06-23 12:00:00,128870.0
Korea,2025-06-23 13:00:00,2025-06-23 13:00:00,132280.0
Korea,2025-06-23 14:00:00,2025-06-23 14:00:00,128900.0
Korea,2025-06-23 15:00:00,2025-06-23 15:00:00,130340.0
Korea,2025-06-23 16:00:00,2025-06-23 16:00:00,127340.0
Korea,2025-06-23 17:00:00,2025-06-23 17:00:00,127340.0
Korea,2025-06-23 18:00:00,2025-06-23 18:00:00,127440.0
Korea,2025-06-23 19:00:00,2025-06-23 19:00:00,127140.0
Korea,2025-06-23 20:00:00,2025-06-23 20:00:00,127140.0
Korea,2025-06-23 21:00:00,2025-06-23 21:00:00,121750.0
Korea,2025-06-23 22:00:00,2025-06-23 22:00:00,114720.0
Korea,2025-06-23 23:00:00,2025-06-23 23:00:00,107040.0
Korea,2025-06-24 00:00:00,2025-06-24 00:00:00,105690.0
Korea,2025-06-24 01:00:00,2025-06-24 01:00:00,105350.0
Korea,2025-06-24 02:00:00,2025-06-24 02:00:00,95060.0
Korea,2025-06-24 03:00:00,2025-06-24 03:00:00,94950.0
Korea,2025-06-24 04:00:00,2025-06-24 04:00:00,94950.0
Korea,2025-06-24 05:00:00,2025-06-24 05:00:00,95120.0
Korea,2025-06-24 06:00:00,2025-06-24 06:00:00,99390.0
Korea,2025-06-24 07:00:00,2025-06-24 07:00:00,106480.0
Korea,2025-06-24 08:00:00,2025-06-24 08:00:00,123860.0
Korea,2025-06-24 09:00:00,2025-06-24 09:00:00,130890.0
Korea,2025-06-24 10:00:00,2025-06-24 10:00:00,130960.0
Korea,2025-06-24 11:00:00,2025-06-24 11:00:00,130960.0
Korea,2025-06-24 12:00:00,2025-06-24 12:00:00,130940.0
Korea,2025-06-24 13:00:00,2025-06-24 13:00:00,154280.0
Korea,2025-06-24 14:00:00,2025-06-24 14:00:00,151350.0
Korea,2025-06-24 15:00:00,2025-06-24 15:00:00,130960.0
Korea,2025-06-24 16:00:00,2025-06-24 16:00:00,130920.0
Korea,2025-06-24 17:00:00,2025-06-24 17:00:00,130910.0
Korea,2025-06-24 18:00:00,2025-06-24 18:00:00,125550.0
Korea,2025-06-24 19:00:00,2025-06-24 19:00:00,130880.0
Korea,2025-06-24 20:00:00,2025-06-24 20:00:00,127450.0
Korea,2025-06-24 21:00:00,2025-06-24 21:00:00,124330.0
Korea,2025-06-24 22:00:00,2025-06-24 22:00:00,125640.0
Korea,2025-06-24 23:00:00,2025-06-24 23:00:00,107020.0
Korea,2025-06-25 00:00:00,2025-06-25 00:00:00,107520.0
Korea,2025-06-25 01:00:00,2025-06-25 01:00:00,104580.0
Korea,2025-06-25 02:00:00,2025-06-25 02:00:00,95040.0
Korea,2025-06-25 03:00:00,2025-06-25 03:00:00,95040.0
Korea,2025-06-25 04:00:00,2025-06-25 04:00:00,94880.0
Korea,2025-06-25 05:00:00,2025-06-25 05:00:00,95040.0
Korea,2025-06-25 06:00:00,2025-06-25 06:00:00,104050.0
Korea,2025-06-25 07:00:00,2025-06-25 07:00:00,106710.0
Korea,2025-06-25 08:00:00,2025-06-25 08:00:00,124020.0
Korea,2025-06-25 09:00:00,2025-06-25 09:00:00,140850.0
Korea,2025-06-25 10:00:00,2025-06-25 10:00:00,140850.0
Korea,2025-06-25 11:00:00,2025-06-25 11:00:00,140840.0
Korea,2025-06-25 12:00:00,2025-06-25 12:00:00,127770.0
Korea,2025-06-25 13:00:00,2025-06-25 13:00:00,140880.0
Korea,2025-06-25 14:00:00,2025-06-25 14:00:00,140850.0
Korea,2025-06-25 15:00:00,2025-06-25 15:00:00,140850.0
Korea,2025-06-25 16:00:00,2025-06-25 16:00:00,127580.0
Korea,2025-06-25 17:00:00,2025-06-25 17:00:00,127660.0
Korea,2025-06-25 18:00:00,2025-06-25 18:00:00,127730.0
Korea,2025-06-25 19:00:00,2025-06-25 19:00:00,127750.0
Korea,2025-06-25 20:00:00,2025-06-25 20:00:00,127660.0
Korea,2025-06-25 21:00:00,2025-06-25 21:00:00,125640.0
Korea,2025-06-25 22:00:00,2025-06-25 22:00:00,114080.0
Korea,2025-06-25 23:00:00,2025-06-25 23:00:00,106950.0
Korea,2025-06-26 00:00:00,2025-06-26 00:00:00,108930.0
Korea,2025-06-26 01:00:00,2025-06-26 01:00:00,94630.0
Korea,2025-06-26 02:00:00,2025-06-26 02:00:00,94320.0
Korea,2025-06-26 03:00:00,2025-06-26 03:00:00,86890.0
Korea,2025-06-26 04:00:00,2025-06-26 04:00:00,94850.0
Korea,2025-06-26 05:00:00,2025-06-26 05:00:00,95500.0
Korea,2025-06-26 06:00:00,2025-06-26 06:00:00,104130.0
Korea,2025-06-26 07:00:00,2025-06-26 07:00:00,106620.0
Korea,2025-06-26 08:00:00,2025-06-26 08:00:00,115590.0
Korea,2025-06-26 09:00:00,2025-06-26 09:00:00,124610.0
Korea,2025-06-26 10:00:00,2025-06-26 10:00:00,153260.0
Korea,2025-06-26 11:00:00,2025-06-26 11:00:00,125700.0
Korea,2025-06-26 12:00:00,2025-06-26 12:00:00,124230.0
Korea,2025-06-26 13:00:00,2025-06-26 13:00:00,170260.0
Korea,2025-06-26 14:00:00,2025-06-26 14:00:00,137530.0
Korea,2025-06-26 15:00:00,2025-06-26 15:00:00,148570.0
Korea,2025-06-26 16:00:00,2025-06-26 16:00:00,129430.0
Korea,2025-06-26 17:00:00,2025-06-26 17:00:00,129300.0
Korea,2025-06-26 18:00:00,2025-06-26 18:00:00,129110.0
Korea,2025-06-26 19:00:00,2025-06-26 19:00:00,129160.0
Korea,2025-06-26 20:00:00,2025-06-26 20:00:00,129260.0
Korea,2025-06-26 21:00:00,2025-06-26 21:00:00,126500.0
Korea,2025-06-26 22:00:00,2025-06-26 22:00:00,115590.0
Korea,2025-06-26 23:00:00,2025-06-26 23:00:00,107040.0
Korea,2025-06-27 00:00:00,2025-06-27 00:00:00,108930.0
Korea,2025-06-27 01:00:00,2025-06-27 01:00:00,94590.0
Korea,2025-06-27 02:00:00,2025-06-27 02:00:00,88990.0
Korea,2025-06-27 03:00:00,2025-06-27 03:00:00,86620.0
Korea,2025-06-27 04:00:00,2025-06-27 04:00:00,94740.0
Korea,2025-06-27 05:00:00,2025-06-27 05:00:00,95460.0
Korea,2025-06-27 06:00:00,2025-06-27 06:00:00,95660.0
Korea,2025-06-27 07:00:00,2025-06-27 07:00:00,106620.0
Korea,2025-06-27 08:00:00,2025-06-27 08:00:00,114820.0
Korea,2025-06-27 09:00:00,2025-06-27 09:00:00,125700.0
Korea,2025-06-27 10:00:00,2025-06-27 10:00:00,126480.0
Korea,2025-06-27 11:00:00,2025-06-27 11:00:00,126480.0
Korea,2025-06-27 12:00:00,2025-06-27 12:00:00,126480.0
Korea,2025-06-27 13:00:00,2025-06-27 13:00:00,150220.0
Korea,2025-06-27 14:00:00,2025-06-27 14:00:00,131820.0
Korea,2025-06-27 15:00:00,2025-06-27 15:00:00,131820.0
Korea,2025-06-27 16:00:00,2025-06-27 16:00:00,126750.0
Korea,2025-06-27 17:00:00,2025-06-27 17:00:00,126750.0
Korea,2025-06-27 18:00:00,2025-06-27 18:00:00,126320.0
Korea,2025-06-27 19:00:00,2025-06-27 19:00:00,126260.0
Korea,2025-06-27 20:00:00,2025-06-27 20:00:00,126310.0
Korea,2025-06-27 21:00:00,2025-06-27 21:00:00,125360.0
Korea,2025-06-27 22:00:00,2025-06-27 22:00:00,123630.0
Korea,2025-06-27 23:00:00,2025-06-27 23:00:00,107060.0
Korea,2025-06-28 00:00:00,2025-06-28 00:00:00,108910.0
Korea,2025-06-28 01:00:00,2025-06-28 01:00:00,108870.0
Korea,2025-06-28 02:00:00,2025-06-28 02:00:00,105870.0
Korea,2025-06-28 03:00:00,2025-06-28 03:00:00,95890.0
Korea,2025-06-28 04:00:00,2025-06-28 04:00:00,95710.0
Korea,2025-06-28 05:00:00,2025-06-28 05:00:00,95800.0
Korea,2025-06-28 06:00:00,2025-06-28 06:00:00,105030.0
Korea,2025-06-28 07:00:00,2025-06-28 07:00:00,105660.0
Korea,2025-06-28 08:00:00,2025-06-28 08:00:00,107140.0
Korea,2025-06-28 09:00:00,2025-06-28 09:00:00,108550.0
Korea,2025-06-28 10:00:00,2025-06-28 10:00:00,126340.0
Korea,2025-06-28 11:00:00,2025-06-28 11:00:00,126340.0
Korea,2025-06-28 12:00:00,2025-06-28 12:00:00,116780.0
Korea,2025-06-28 13:00:00,2025-06-28 13:00:00,126330.0
Korea,2025-06-28 14:00:00,2025-06-28 14:00:00,126280.0
Korea,2025-06-28 15:00:00,2025-06-28 15:00:00,126350.0
Korea,2025-06-28 16:00:00,2025-06-28 16:00:00,116320.0
Korea,2025-06-28 17:00:00,2025-06-28 17:00:00,116470.0
Korea,2025-06-28 18:00:00,2025-06-28 18:00:00,116470.0
Korea,2025-06-28 19:00:00,2025-06-28 19:00:00,133140.0
Korea,2025-06-28 20:00:00,2025-06-28 20:00:00,133130.0
Korea,2025-06-28 21:00:00,2025-06-28 21:00:00,132340.0
Korea,2025-06-28 22:00:00,2025-06-28 22:00:00,107130.0
Korea,2025-06-28 23:00:00,2025-06-28 23:00:00,106280.0
Korea,2025-06-29 00:00:00,2025-06-29 00:00:00,106650.0
Korea,2025-06-29 01:00:00,2025-06-29 01:00:00,96070.0
Korea,2025-06-29 02:00:00,2025-06-29 02:00:00,95540.0
Korea,2025-06-29 03:00:00,2025-06-29 03:00:00,84770.0
Korea,2025-06-29 04:00:00,2025-06-29 04:00:00,84770.0
Korea,2025-06-29 05:00:00,2025-06-29 05:00:00,84770.0
Korea,2025-06-29 06:00:00,2025-06-29 06:00:00,84980.0
Korea,2025-06-29 07:00:00,2025-06-29 07:00:00,96030.0
Korea,2025-06-29 08:00:00,2025-06-29 08:00:00,96590.0
Korea,2025-06-29 09:00:00,2025-06-29 09:00:00,96950.0
Korea,2025-06-29 10:00:00,2025-06-29 10:00:00,126200.0
Korea,2025-06-29 11:00:00,2025-06-29 11:00:00,106940.0
Korea,2025-06-29 12:00:00,2025-06-29 12:00:00,106440.0
Korea,2025-06-29 13:00:00,2025-06-29 13:00:00,106440.0
Korea,2025-06-29 14:00:00,2025-06-29 14:00:00,103430.0
Korea,2025-06-29 15:00:00,2025-06-29 15:00:00,126180.0
Korea,2025-06-29 16:00:00,2025-06-29 16:00:00,107610.0
Korea,2025-06-29 17:00:00,2025-06-29 17:00:00,107820.0
Korea,2025-06-29 18:00:00,2025-06-29 18:00:00,113990.0
Korea,2025-06-29 19:00:00,2025-06-29 19:00:00,133070.0
Korea,2025-06-29 20:00:00,2025-06-29 20:00:00,154550.0
Korea,2025-06-29 21:00:00,2025-06-29 21:00:00,133030.0
Korea,2025-06-29 22:00:00,2025-06-29 22:00:00,112950.0
Korea,2025-06-29 23:00:00,2025-06-29 23:00:00,111690.0
Korea,2025-06-30 00:00:00,2025-06-30 00:00:00,105550.0
Korea,2025-06-30 01:00:00,2025-06-30 01:00:00,95100.0
Korea,2025-06-30 02:00:00,2025-06-30 02:00:00,94650.0
Korea,2025-06-30 03:00:00,2025-06-30 03:00:00,94800.0
Korea,2025-06-30 04:00:00,2025-06-30 04:00:00,94840.0
Korea,2025-06-30 05:00:00,2025-06-30 05:00:00,94790.0
Korea,2025-06-30 06:00:00,2025-06-30 06:00:00,95530.0
Korea,2025-06-30 07:00:00,2025-06-30 07:00:00,106440.0
Korea,2025-06-30 08:00:00,2025-06-30 08:00:00,125670.0
Korea,2025-06-30 09:00:00,2025-06-30 09:00:00,171070.0
Korea,2025-06-30 10:00:00,2025-06-30 10:00:00,128930.0
Korea,2025-06-30 11:00:00,2025-06-30 11:00:00,131870.0
Korea,2025-06-30 12:00:00,2025-06-30 12:00:00,129000.0
Korea,2025-06-30 13:00:00,2025-06-30 13:00:00,137190.0
Korea,2025-06-30 14:00:00,2025-06-30 14:00:00,156390.0
Korea,2025-06-30 15:00:00,2025-06-30 15:00:00,156390.0
Korea,2025-06-30 16:00:00,2025-06-30 16:00:00,156390.0
Korea,2025-06-30 17:00:00,2025-06-30 17:00:00,128990.0
Korea,2025-06-30 18:00:00,2025-06-30 18:00:00,128980.0
Korea,2025-06-30 19:00:00,2025-06-30 19:00:00,128990.0
Korea,2025-06-30 20:00:00,2025-06-30 20:00:00,126560.0
Korea,2025-06-30 21:00:00,2025-06-30 21:00:00,125730.0
Korea,2025-06-30 22:00:00,2025-06-30 22:00:00,125690.0
Korea,2025-06-30 23:00:00,2025-06-30 23:00:00,114870.0
Korea,2025-07-01 00:00:00,2025-07-01 00:00:00,131980.0
Korea,2025-07-01 01:00:00,2025-07-01 01:00:00,98240.0
Korea,2025-07-01 02:00:00,2025-07-01 02:00:00,105040.0
Korea,2025-07-01 03:00:00,2025-07-01 03:00:00,92690.0
Korea,2025-07-01 04:00:00,2025-07-01 04:00:00,91370.0
Korea,2025-07-01 05:00:00,2025-07-01 05:00:00,92690.0
Korea,2025-07-01 06:00:00,2025-07-01 06:00:00,116940.0
Korea,2025-07-01 07:00:00,2025-07-01 07:00:00,118330.0
Korea,2025-07-01 08:00:00,2025-07-01 08:00:00,121020.0
Korea,2025-07-01 09:00:00,2025-07-01 09:00:00,122540.0
Korea,2025-07-01 10:00:00,2025-07-01 10:00:00,129220.0
Korea,2025-07-01 11:00:00,2025-07-01 11:00:00,147600.0
Korea,2025-07-01 12:00:00,2025-07-01 12:00:00,141850.0
Korea,2025-07-01 13:00:00,2025-07-01 13:00:00,141850.0
Korea,2025-07-01 14:00:00,2025-07-01 14:00:00,129220.0
Korea,2025-07-01 15:00:00,2025-07-01 15:00:00,129220.0
Korea,2025-07-01 16:00:00,2025-07-01 16:00:00,122540.0
Korea,2025-07-01 17:00:00,2025-07-01 17:00:00,124670.0
Korea,2025-07-01 18:00:00,2025-07-01 18:00:00,124640.0
Korea,2025-07-01 19:00:00,2025-07-01 19:00:00,125660.0
Korea,2025-07-01 20:00:00,2025-07-01 20:00:00,125150.0
Korea,2025-07-01 21:00:00,2025-07-01 21:00:00,121040.0
Korea,2025-07-01 22:00:00,2025-07-01 22:00:00,121010.0
Korea,2025-07-01 23:00:00,2025-07-01 23:00:00,120970.0
Korea,2025-07-02 00:00:00,2025-07-02 00:00:00,131980.0
Korea,2025-07-02 01:00:00,2025-07-02 01:00:00,98880.0
Korea,2025-07-02 02:00:00,2025-07-02 02:00:00,98280.0
Korea,2025-07-02 03:00:00,2025-07-02 03:00:00,92800.0
Korea,2025-07-02 04:00:00,2025-07-02 04:00:00,92800.0
Korea,2025-07-02 05:00:00,2025-07-02 05:00:00,92800.0
Korea,2025-07-02 06:00:00,2025-07-02 06:00:00,109670.0
Korea,2025-07-02 07:00:00,2025-07-02 07:00:00,118920.0
Korea,2025-07-02 08:00:00,2025-07-02 08:00:00,121350.0
Korea,2025-07-02 09:00:00,2025-07-02 09:00:00,121480.0
Korea,2025-07-02 10:00:00,2025-07-02 10:00:00,128530.0
Korea,2025-07-02 11:00:00,2025-07-02 11:00:00,129280.0
Korea,2025-07-02 12:00:00,2025-07-02 12:00:00,128800.0
Korea,2025-07-02 13:00:00,2025-07-02 13:00:00,145120.0
Korea,2025-07-02 14:00:00,2025-07-02 14:00:00,156170.0
Korea,2025-07-02 15:00:00,2025-07-02 15:00:00,147800.0
Korea,2025-07-02 16:00:00,2025-07-02 16:00:00,147800.0
Korea,2025-07-02 17:00:00,2025-07-02 17:00:00,128370.0
Korea,2025-07-02 18:00:00,2025-07-02 18:00:00,128370.0
Korea,2025-07-02 19:00:00,2025-07-02 19:00:00,128370.0
Korea,2025-07-02 20:00:00,2025-07-02 20:00:00,122620.0
Korea,2025-07-02 21:00:00,2025-07-02 21:00:00,121540.0
Korea,2025-07-02 22:00:00,2025-07-02 22:00:00,121480.0
Korea,2025-07-02 23:00:00,2025-07-02 23:00:00,121480.0
Korea,2025-07-03 00:00:00,2025-07-03 00:00:00,115690.0
Korea,2025-07-03 01:00:00,2025-07-03 01:00:00,115860.0
Korea,2025-07-03 02:00:00,2025-07-03 02:00:00,115860.0
Korea,2025-07-03 03:00:00,2025-07-03 03:00:00,115860.0
Korea,2025-07-03 04:00:00,2025-07-03 04:00:00,115860.0
Korea,2025-07-03 05:00:00,2025-07-03 05:00:00,115860.0
Korea,2025-07-03 06:00:00,2025-07-03 06:00:00,117430.0
Korea,2025-07-03 07:00:00,2025-07-03 07:00:00,118310.0
Korea,2025-07-03 08:00:00,2025-07-03 08:00:00,120070.0
Korea,2025-07-03 09:00:00,2025-07-03 09:00:00,120910.0
Korea,2025-07-03 10:00:00,2025-07-03 10:00:00,123070.0
Korea,2025-07-03 11:00:00,2025-07-03 11:00:00,127600.0
Korea,2025-07-03 12:00:00,2025-07-03 12:00:00,127430.0
Korea,2025-07-03 13:00:00,2025-07-03 13:00:00,129880.0
Korea,2025-07-03 14:00:00,2025-07-03 14:00:00,132430.0
Korea,2025-07-03 15:00:00,2025-07-03 15:00:00,147220.0
Korea,2025-07-03 16:00:00,2025-07-03 16:00:00,147220.0
Korea,2025-07-03 17:00:00,2025-07-03 17:00:00,147210.0
Korea,2025-07-03 18:00:00,2025-07-03 18:00:00,130460.0
Korea,2025-07-03 19:00:00,2025-07-03 19:00:00,130460.0
Korea,2025-07-03 20:00:00,2025-07-03 20:00:00,128370.0
Korea,2025-07-03 21:00:00,2025-07-03 21:00:00,120600.0
Korea,2025-07-03 22:00:00,2025-07-03 22:00:00,120600.0
Korea,2025-07-03 23:00:00,2025-07-03 23:00:00,120540.0
Korea,2025-07-04 00:00:00,2025-07-04 00:00:00,131980.0
Korea,2025-07-04 01:00:00,2025-07-04 01:00:00,115750.0
Korea,2025-07-04 02:00:00,2025-07-04 02:00:00,115750.0
Korea,2025-07-04 03:00:00,2025-07-04 03:00:00,115750.0
Korea,2025-07-04 04:00:00,2025-07-04 04:00:00,115750.0
Korea,2025-07-04 05:00:00,2025-07-04 05:00:00,115750.0
Korea,2025-07-04 06:00:00,2025-07-04 06:00:00,115900.0
Korea,2025-07-04 07:00:00,2025-07-04 07:00:00,118430.0
Korea,2025-07-04 08:00:00,2025-07-04 08:00:00,121440.0
Korea,2025-07-04 09:00:00,2025-07-04 09:00:00,128610.0
Korea,2025-07-04 10:00:00,2025-07-04 10:00:00,128680.0
Korea,2025-07-04 11:00:00,2025-07-04 11:00:00,128680.0
Korea,2025-07-04 12:00:00,2025-07-04 12:00:00,123350.0
Korea,2025-07-04 13:00:00,2025-07-04 13:00:00,130990.0
Korea,2025-07-04 14:00:00,2025-07-04 14:00:00,132680.0
Korea,2025-07-04 15:00:00,2025-07-04 15:00:00,132370.0
Korea,2025-07-04 16:00:00,2025-07-04 16:00:00,132370.0
Korea,2025-07-04 17:00:00,2025-07-04 17:00:00,132370.0
Korea,2025-07-04 18:00:00,2025-07-04 18:00:00,143280.0
Korea,2025-07-04 19:00:00,2025-07-04 19:00:00,143290.0
Korea,2025-07-04 20:00:00,2025-07-04 20:00:00,132390.0
Korea,2025-07-04 21:00:00,2025-07-04 21:00:00,121510.0
Korea,2025-07-04 22:00:00,2025-07-04 22:00:00,121440.0
Korea,2025-07-04 23:00:00,2025-07-04 23:00:00,121440.0
Korea,2025-07-05 00:00:00,2025-07-05 00:00:00,117690.0
Korea,2025-07-05 01:00:00,2025-07-05 01:00:00,113970.0
Korea,2025-07-05 02:00:00,2025-07-05 02:00:00,117690.0
Korea,2025-07-05 03:00:00,2025-07-05 03:00:00,92760.0
Korea,2025-07-05 04:00:00,2025-07-05 04:00:00,92450.0
Korea,2025-07-05 05:00:00,2025-07-05 05:00:00,92770.0
Korea,2025-07-05 06:00:00,2025-07-05 06:00:00,112110.0
Korea,2025-07-05 07:00:00,2025-07-05 07:00:00,117690.0
Korea,2025-07-05 08:00:00,2025-07-05 08:00:00,120080.0
Korea,2025-07-05 09:00:00,2025-07-05 09:00:00,120870.0
Korea,2025-07-05 10:00:00,2025-07-05 10:00:00,120820.0
Korea,2025-07-05 11:00:00,2025-07-05 11:00:00,120650.0
Korea,2025-07-05 12:00:00,2025-07-05 12:00:00,120530.0
Korea,2025-07-05 13:00:00,2025-07-05 13:00:00,120530.0
Korea,2025-07-05 14:00:00,2025-07-05 14:00:00,120530.0
Korea,2025-07-05 15:00:00,2025-07-05 15:00:00,120530.0
Korea,2025-07-05 16:00:00,2025-07-05 16:00:00,120650.0
Korea,2025-07-05 17:00:00,2025-07-05 17:00:00,131750.0
Korea,2025-07-05 18:00:00,2025-07-05 18:00:00,131740.0
Korea,2025-07-05 19:00:00,2025-07-05 19:00:00,137630.0
Korea,2025-07-05 20:00:00,2025-07-05 20:00:00,137650.0
Korea,2025-07-05 21:00:00,2025-07-05 21:00:00,131750.0
Korea,2025-07-05 22:00:00,2025-07-05 22:00:00,131750.0
Korea,2025-07-05 23:00:00,2025-07-05 23:00:00,117690.0
Korea,2025-07-06 00:00:00,2025-07-06 00:00:00,118030.0
Korea,2025-07-06 01:00:00,2025-07-06 01:00:00,118030.0
Korea,2025-07-06 02:00:00,2025-07-06 02:00:00,93000.0
Korea,2025-07-06 03:00:00,2025-07-06 03:00:00,88670.0
Korea,2025-07-06 04:00:00,2025-07-06 04:00:00,87990.0
Korea,2025-07-06 05:00:00,2025-07-06 05:00:00,88300.0
Korea,2025-07-06 06:00:00,2025-07-06 06:00:00,91990.0
Korea,2025-07-06 07:00:00,2025-07-06 07:00:00,114300.0
Korea,2025-07-06 08:00:00,2025-07-06 08:00:00,118030.0
Korea,2025-07-06 09:00:00,2025-07-06 09:00:00,121230.0
Korea,2025-07-06 10:00:00,2025-07-06 10:00:00,121000.0
Korea,2025-07-06 11:00:00,2025-07-06 11:00:00,120710.0
Korea,2025-07-06 12:00:00,2025-07-06 12:00:00,120650.0
Korea,2025-07-06 13:00:00,2025-07-06 13:00:00,120650.0
Korea,2025-07-06 14:00:00,2025-07-06 14:00:00,120480.0
Korea,2025-07-06 15:00:00,2025-07-06 15:00:00,120480.0
Korea,2025-07-06 16:00:00,2025-07-06 16:00:00,120650.0
Korea,2025-07-06 17:00:00,2025-07-06 17:00:00,135310.0
Korea,2025-07-06 18:00:00,2025-07-06 18:00:00,135310.0
Korea,2025-07-06 19:00:00,2025-07-06 19:00:00,135340.0
Korea,2025-07-06 20:00:00,2025-07-06 20:00:00,135310.0
Korea,2025-07-06 21:00:00,2025-07-06 21:00:00,121230.0
Korea,2025-07-06 22:00:00,2025-07-06 22:00:00,120730.0
Korea,2025-07-06 23:00:00,2025-07-06 23:00:00,121000.0
Korea,2025-07-07 00:00:00,2025-07-07 00:00:00,118340.0
Korea,2025-07-07 01:00:00,2025-07-07 01:00:00,114820.0
Korea,2025-07-07 02:00:00,2025-07-07 02:00:00,112960.0
Korea,2025-07-07 03:00:00,2025-07-07 03:00:00,92880.0
Korea,2025-07-07 04:00:00,2025-07-07 04:00:00,92880.0
Korea,2025-07-07 05:00:00,2025-07-07 05:00:00,92880.0
Korea,2025-07-07 06:00:00,2025-07-07 06:00:00,114820.0
Korea,2025-07-07 07:00:00,2025-07-07 07:00:00,118360.0
Korea,2025-07-07 08:00:00,2025-07-07 08:00:00,121110.0
Korea,2025-07-07 09:00:00,2025-07-07 09:00:00,125930.0
Korea,2025-07-07 10:00:00,2025-07-07 10:00:00,127600.0
Korea,2025-07-07 11:00:00,2025-07-07 11:00:00,130480.0
Korea,2025-07-07 12:00:00,2025-07-07 12:00:00,127540.0
Korea,2025-07-07 13:00:00,2025-07-07 13:00:00,134390.0
Korea,2025-07-07 14:00:00,2025-07-07 14:00:00,134390.0
Korea,2025-07-07 15:00:00,2025-07-07 15:00:00,151580.0
Korea,2025-07-07 16:00:00,2025-07-07 16:00:00,134330.0
Korea,2025-07-07 17:00:00,2025-07-07 17:00:00,134300.0
Korea,2025-07-07 18:00:00,2025-07-07 18:00:00,129540.0
Korea,2025-07-07 19:00:00,2025-07-07 19:00:00,128290.0
Korea,2025-07-07 20:00:00,2025-07-07 20:00:00,122610.0
Korea,2025-07-07 21:00:00,2025-07-07 21:00:00,121120.0
Korea,2025-07-07 22:00:00,2025-07-07 22:00:00,121070.0
Korea,2025-07-07 23:00:00,2025-07-07 23:00:00,121050.0
Korea,2025-07-08 00:00:00,2025-07-08 00:00:00,131980.0
Korea,2025-07-08 01:00:00,2025-07-08 01:00:00,115010.0
Korea,2025-07-08 02:00:00,2025-07-08 02:00:00,118130.0
Korea,2025-07-08 03:00:00,2025-07-08 03:00:00,111290.0
Korea,2025-07-08 04:00:00,2025-07-08 04:00:00,111290.0
Korea,2025-07-08 05:00:00,2025-07-08 05:00:00,113150.0
Korea,2025-07-08 06:00:00,2025-07-08 06:00:00,115620.0
Korea,2025-07-08 07:00:00,2025-07-08 07:00:00,121050.0
Korea,2025-07-08 08:00:00,2025-07-08 08:00:00,126940.0
Korea,2025-07-08 09:00:00,2025-07-08 09:00:00,127150.0
Korea,2025-07-08 10:00:00,2025-07-08 10:00:00,127560.0
Korea,2025-07-08 11:00:00,2025-07-08 11:00:00,127530.0
Korea,2025-07-08 12:00:00,2025-07-08 12:00:00,126180.0
Korea,2025-07-08 13:00:00,2025-07-08 13:00:00,142790.0
Korea,2025-07-08 14:00:00,2025-07-08 14:00:00,152780.0
Korea,2025-07-08 15:00:00,2025-07-08 15:00:00,153060.0
Korea,2025-07-08 16:00:00,2025-07-08 16:00:00,141460.0
Korea,2025-07-08 17:00:00,2025-07-08 17:00:00,135410.0
Korea,2025-07-08 18:00:00,2025-07-08 18:00:00,135410.0
Korea,2025-07-08 19:00:00,2025-07-08 19:00:00,135410.0
Korea,2025-07-08 20:00:00,2025-07-08 20:00:00,132440.0
Korea,2025-07-08 21:00:00,2025-07-08 21:00:00,123540.0
Korea,2025-07-08 22:00:00,2025-07-08 22:00:00,122800.0
Korea,2025-07-08 23:00:00,2025-07-08 23:00:00,122240.0
Korea,2025-07-09 00:00:00,2025-07-09 00:00:00,131980.0
Korea,2025-07-09 01:00:00,2025-07-09 01:00:00,114030.0
Korea,2025-07-09 02:00:00,2025-07-09 02:00:00,117210.0
Korea,2025-07-09 03:00:00,2025-07-09 03:00:00,112170.0
Korea,2025-07-09 04:00:00,2025-07-09 04:00:00,110310.0
Korea,2025-07-09 05:00:00,2025-07-09 05:00:00,114030.0
Korea,2025-07-09 06:00:00,2025-07-09 06:00:00,117730.0
Korea,2025-07-09 07:00:00,2025-07-09 07:00:00,120780.0
Korea,2025-07-09 08:00:00,2025-07-09 08:00:00,127900.0
Korea,2025-07-09 09:00:00,2025-07-09 09:00:00,127610.0
Korea,2025-07-09 10:00:00,2025-07-09 10:00:00,128800.0
Korea,2025-07-09 11:00:00,2025-07-09 11:00:00,128460.0
Korea,2025-07-09 12:00:00,2025-07-09 12:00:00,128290.0
Korea,2025-07-09 13:00:00,2025-07-09 13:00:00,143810.0
Korea,2025-07-09 14:00:00,2025-07-09 14:00:00,142470.0
Korea,2025-07-09 15:00:00,2025-07-09 15:00:00,159980.0
Korea,2025-07-09 16:00:00,2025-07-09 16:00:00,134400.0
Korea,2025-07-09 17:00:00,2025-07-09 17:00:00,134390.0
Korea,2025-07-09 18:00:00,2025-07-09 18:00:00,134390.0
Korea,2025-07-09 19:00:00,2025-07-09 19:00:00,134390.0
Korea,2025-07-09 20:00:00,2025-07-09 20:00:00,129570.0
Korea,2025-07-09 21:00:00,2025-07-09 21:00:00,123150.0
Korea,2025-07-09 22:00:00,2025-07-09 22:00:00,122140.0
Korea,2025-07-09 23:00:00,2025-07-09 23:00:00,122140.0
Korea,2025-07-10 00:00:00,2025-07-10 00:00:00,131980.0
Korea,2025-07-10 01:00:00,2025-07-10 01:00:00,113740.0
Korea,2025-07-10 02:00:00,2025-07-10 02:00:00,117090.0
Korea,2025-07-10 03:00:00,2025-07-10 03:00:00,111880.0
Korea,2025-07-10 04:00:00,2025-07-10 04:00:00,110020.0
Korea,2025-07-10 05:00:00,2025-07-10 05:00:00,113740.0
Korea,2025-07-10 06:00:00,2025-07-10 06:00:00,117090.0
Korea,2025-07-10 07:00:00,2025-07-10 07:00:00,120730.0
Korea,2025-07-10 08:00:00,2025-07-10 08:00:00,123390.0
Korea,2025-07-10 09:00:00,2025-07-10 09:00:00,127310.0
Korea,2025-07-10 10:00:00,2025-07-10 10:00:00,127130.0
Korea,2025-07-10 11:00:00,2025-07-10 11:00:00,143510.0
Korea,2025-07-10 12:00:00,2025-07-10 12:00:00,126400.0
Korea,2025-07-10 13:00:00,2025-07-10 13:00:00,128450.0
Korea,2025-07-10 14:00:00,2025-07-10 14:00:00,134050.0
Korea,2025-07-10 15:00:00,2025-07-10 15:00:00,156910.0
Korea,2025-07-10 16:00:00,2025-07-10 16:00:00,134030.0
Korea,2025-07-10 17:00:00,2025-07-10 17:00:00,133980.0
Korea,2025-07-10 18:00:00,2025-07-10 18:00:00,127060.0
Korea,2025-07-10 19:00:00,2025-07-10 19:00:00,133900.0
Korea,2025-07-10 20:00:00,2025-07-10 20:00:00,126520.0
Korea,2025-07-10 21:00:00,2025-07-10 21:00:00,121150.0
Korea,2025-07-10 22:00:00,2025-07-10 22:00:00,121090.0
Korea,2025-07-10 23:00:00,2025-07-10 23:00:00,121090.0
Korea,2025-07-11 00:00:00,2025-07-11 00:00:00,118360.0
Korea,2025-07-11 01:00:00,2025-07-11 01:00:00,115010.0
Korea,2025-07-11 02:00:00,2025-07-11 02:00:00,109440.0
Korea,2025-07-11 03:00:00,2025-07-11 03:00:00,92840.0
Korea,2025-07-11 04:00:00,2025-07-11 04:00:00,107740.0
Korea,2025-07-11 05:00:00,2025-07-11 05:00:00,109440.0
Korea,2025-07-11 06:00:00,2025-07-11 06:00:00,111290.0
Korea,2025-07-11 07:00:00,2025-07-11 07:00:00,121800.0
Korea,2025-07-11 08:00:00,2025-07-11 08:00:00,120520.0
Korea,2025-07-11 09:00:00,2025-07-11 09:00:00,121380.0
Korea,2025-07-11 10:00:00,2025-07-11 10:00:00,121230.0
Korea,2025-07-11 11:00:00,2025-07-11 11:00:00,121680.0
Korea,2025-07-11 12:00:00,2025-07-11 12:00:00,121680.0
Korea,2025-07-11 13:00:00,2025-07-11 13:00:00,144200.0
Korea,2025-07-11 14:00:00,2025-07-11 14:00:00,121680.0
Korea,2025-07-11 15:00:00,2025-07-11 15:00:00,125890.0
Korea,2025-07-11 16:00:00,2025-07-11 16:00:00,125890.0
Korea,2025-07-11 17:00:00,2025-07-11 17:00:00,125710.0
Korea,2025-07-11 18:00:00,2025-07-11 18:00:00,122950.0
Korea,2025-07-11 19:00:00,2025-07-11 19:00:00,132920.0
Korea,2025-07-11 20:00:00,2025-07-11 20:00:00,122780.0
Korea,2025-07-11 21:00:00,2025-07-11 21:00:00,121650.0
Korea,2025-07-11 22:00:00,2025-07-11 22:00:00,121610.0
Korea,2025-07-11 23:00:00,2025-07-11 23:00:00,121620.0
Korea,2025-07-12 00:00:00,2025-07-12 00:00:00,125920.0
Korea,2025-07-12 01:00:00,2025-07-12 01:00:00,122200.0
Korea,2025-07-12 02:00:00,2025-07-12 02:00:00,92990.0
Korea,2025-07-12 03:00:00,2025-07-12 03:00:00,89840.0
Korea,2025-07-12 04:00:00,2025-07-12 04:00:00,89160.0
Korea,2025-07-12 05:00:00,2025-07-12 05:00:00,92580.0
Korea,2025-07-12 06:00:00,2025-07-12 06:00:00,120340.0
Korea,2025-07-12 07:00:00,2025-07-12 07:00:00,122470.0
Korea,2025-07-12 08:00:00,2025-07-12 08:00:00,128570.0
Korea,2025-07-12 09:00:00,2025-07-12 09:00:00,118070.0
Korea,2025-07-12 10:00:00,2025-07-12 10:00:00,120220.0
Korea,2025-07-12 11:00:00,2025-07-12 11:00:00,120220.0
Korea,2025-07-12 12:00:00,2025-07-12 12:00:00,120220.0
Korea,2025-07-12 13:00:00,2025-07-12 13:00:00,123330.0
Korea,2025-07-12 14:00:00,2025-07-12 14:00:00,123330.0
Korea,2025-07-12 15:00:00,2025-07-12 15:00:00,123330.0
Korea,2025-07-12 16:00:00,2025-07-12 16:00:00,123330.0
Korea,2025-07-12 17:00:00,2025-07-12 17:00:00,135270.0
Korea,2025-07-12 18:00:00,2025-07-12 18:00:00,135280.0
Korea,2025-07-12 19:00:00,2025-07-12 19:00:00,136300.0
Korea,2025-07-12 20:00:00,2025-07-12 20:00:00,136320.0
Korea,2025-07-12 21:00:00,2025-07-12 21:00:00,136120.0
Korea,2025-07-12 22:00:00,2025-07-12 22:00:00,120240.0
Korea,2025-07-12 23:00:00,2025-07-12 23:00:00,119910.0
Korea,2025-07-13 00:00:00,2025-07-13 00:00:00,118840.0
Korea,2025-07-13 01:00:00,2025-07-13 01:00:00,93420.0
Korea,2025-07-13 02:00:00,2025-07-13 02:00:00,92900.0
Korea,2025-07-13 03:00:00,2025-07-13 03:00:00,90810.0
Korea,2025-07-13 04:00:00,2025-07-13 04:00:00,90670.0
Korea,2025-07-13 05:00:00,2025-07-13 05:00:00,90810.0
Korea,2025-07-13 06:00:00,2025-07-13 06:00:00,92960.0
Korea,2025-07-13 07:00:00,2025-07-13 07:00:00,114520.0
Korea,2025-07-13 08:00:00,2025-07-13 08:00:00,121970.0
Korea,2025-07-13 09:00:00,2025-07-13 09:00:00,121800.0
Korea,2025-07-13 10:00:00,2025-07-13 10:00:00,121680.0
Korea,2025-07-13 11:00:00,2025-07-13 11:00:00,121510.0
Korea,2025-07-13 12:00:00,2025-07-13 12:00:00,121460.0
Korea,2025-07-13 13:00:00,2025-07-13 13:00:00,128740.0
Korea,2025-07-13 14:00:00,2025-07-13 14:00:00,126830.0
Korea,2025-07-13 15:00:00,2025-07-13 15:00:00,127000.0
Korea,2025-07-13 16:00:00,2025-07-13 16:00:00,121460.0
Korea,2025-07-13 17:00:00,2025-07-13 17:00:00,131780.0
Korea,2025-07-13 18:00:00,2025-07-13 18:00:00,131810.0
Korea,2025-07-13 19:00:00,2025-07-13 19:00:00,121970.0
Korea,2025-07-13 20:00:00,2025-07-13 20:00:00,122030.0
Korea,2025-07-13 21:00:00,2025-07-13 21:00:00,122200.0
Korea,2025-07-13 22:00:00,2025-07-13 22:00:00,131810.0
Korea,2025-07-13 23:00:00,2025-07-13 23:00:00,118840.0
Korea,2025-07-14 00:00:00,2025-07-14 00:00:00,118620.0
Korea,2025-07-14 01:00:00,2025-07-14 01:00:00,113980.0
Korea,2025-07-14 02:00:00,2025-07-14 02:00:00,93120.0
Korea,2025-07-14 03:00:00,2025-07-14 03:00:00,92670.0
Korea,2025-07-14 04:00:00,2025-07-14 04:00:00,82780.0
Korea,2025-07-14 05:00:00,2025-07-14 05:00:00,92620.0
Korea,2025-07-14 06:00:00,2025-07-14 06:00:00,110260.0
Korea,2025-07-14 07:00:00,2025-07-14 07:00:00,115840.0
Korea,2025-07-14 08:00:00,2025-07-14 08:00:00,121190.0
Korea,2025-07-14 09:00:00,2025-07-14 09:00:00,121830.0
Korea,2025-07-14 10:00:00,2025-07-14 10:00:00,123130.0
Korea,2025-07-14 11:00:00,2025-07-14 11:00:00,123000.0
Korea,2025-07-14 12:00:00,2025-07-14 12:00:00,121800.0
Korea,2025-07-14 13:00:00,2025-07-14 13:00:00,123050.0
Korea,2025-07-14 14:00:00,2025-07-14 14:00:00,132550.0
Korea,2025-07-14 15:00:00,2025-07-14 15:00:00,132550.0
Korea,2025-07-14 16:00:00,2025-07-14 16:00:00,132550.0
Korea,2025-07-14 17:00:00,2025-07-14 17:00:00,132970.0
Korea,2025-07-14 18:00:00,2025-07-14 18:00:00,133170.0
Korea,2025-07-14 19:00:00,2025-07-14 19:00:00,135280.0
Korea,2025-07-14 20:00:00,2025-07-14 20:00:00,122870.0
Korea,2025-07-14 21:00:00,2025-07-14 21:00:00,121650.0
Korea,2025-07-14 22:00:00,2025-07-14 22:00:00,121590.0
Korea,2025-07-14 23:00:00,2025-07-14 23:00:00,121580.0
Korea,2025-07-15 00:00:00,2025-07-15 00:00:00,118200.0
Korea,2025-07-15 01:00:00,2025-07-15 01:00:00,92000.0
Korea,2025-07-15 02:00:00,2025-07-15 02:00:00,89490.0
Korea,2025-07-15 03:00:00,2025-07-15 03:00:00,90040.0
Korea,2025-07-15 04:00:00,2025-07-15 04:00:00,89570.0
Korea,2025-07-15 05:00:00,2025-07-15 05:00:00,89400.0
Korea,2025-07-15 06:00:00,2025-07-15 06:00:00,114940.0
Korea,2025-07-15 07:00:00,2025-07-15 07:00:00,122410.0
Korea,2025-07-15 08:00:00,2025-07-15 08:00:00,125390.0
Korea,2025-07-15 09:00:00,2025-07-15 09:00:00,127790.0
Korea,2025-07-15 10:00:00,2025-07-15 10:00:00,131160.0
Korea,2025-07-15 11:00:00,2025-07-15 11:00:00,128800.0
Korea,2025-07-15 12:00:00,2025-07-15 12:00:00,128600.0
Korea,2025-07-15 13:00:00,2025-07-15 13:00:00,130220.0
Korea,2025-07-15 14:00:00,2025-07-15 14:00:00,127720.0
Korea,2025-07-15 15:00:00,2025-07-15 15:00:00,127720.0
Korea,2025-07-15 16:00:00,2025-07-15 16:00:00,125360.0
Korea,2025-07-15 17:00:00,2025-07-15 17:00:00,125350.0
Korea,2025-07-15 18:00:00,2025-07-15 18:00:00,125390.0
Korea,2025-07-15 19:00:00,2025-07-15 19:00:00,133410.0
Korea,2025-07-15 20:00:00,2025-07-15 20:00:00,125390.0
Korea,2025-07-15 21:00:00,2025-07-15 21:00:00,125390.0
Korea,2025-07-15 22:00:00,2025-07-15 22:00:00,125380.0
Korea,2025-07-15 23:00:00,2025-07-15 23:00:00,121050.0
Korea,2025-07-16 00:00:00,2025-07-16 00:00:00,119510.0
Korea,2025-07-16 01:00:00,2025-07-16 01:00:00,92620.0
Korea,2025-07-16 02:00:00,2025-07-16 02:00:00,84760.0
Korea,2025-07-16 03:00:00,2025-07-16 03:00:00,85320.0
Korea,2025-07-16 04:00:00,2025-07-16 04:00:00,84760.0
Korea,2025-07-16 05:00:00,2025-07-16 05:00:00,85570.0
Korea,2025-07-16 06:00:00,2025-07-16 06:00:00,113900.0
Korea,2025-07-16 07:00:00,2025-07-16 07:00:00,117610.0
Korea,2025-07-16 08:00:00,2025-07-16 08:00:00,127640.0
Korea,2025-07-16 09:00:00,2025-07-16 09:00:00,133620.0
Korea,2025-07-16 10:00:00,2025-07-16 10:00:00,133580.0
Korea,2025-07-16 11:00:00,2025-07-16 11:00:00,133580.0
Korea,2025-07-16 12:00:00,2025-07-16 12:00:00,123180.0
Korea,2025-07-16 13:00:00,2025-07-16 13:00:00,133580.0
Korea,2025-07-16 14:00:00,2025-07-16 14:00:00,133600.0
Korea,2025-07-16 15:00:00,2025-07-16 15:00:00,133600.0
Korea,2025-07-16 16:00:00,2025-07-16 16:00:00,127810.0
Korea,2025-07-16 17:00:00,2025-07-16 17:00:00,127810.0
Korea,2025-07-16 18:00:00,2025-07-16 18:00:00,127810.0
Korea,2025-07-16 19:00:00,2025-07-16 19:00:00,135450.0
Korea,2025-07-16 20:00:00,2025-07-16 20:00:00,127830.0
Korea,2025-07-16 21:00:00,2025-07-16 21:00:00,127810.0
Korea,2025-07-16 22:00:00,2025-07-16 22:00:00,127730.0
Korea,2025-07-16 23:00:00,2025-07-16 23:00:00,115760.0
Korea,2025-07-17 00:00:00,2025-07-17 00:00:00,100710.0
Korea,2025-07-17 01:00:00,2025-07-17 01:00:00,92940.0
Korea,2025-07-17 02:00:00,2025-07-17 02:00:00,92550.0
Korea,2025-07-17 03:00:00,2025-07-17 03:00:00,92640.0
Korea,2025-07-17 04:00:00,2025-07-17 04:00:00,92610.0
Korea,2025-07-17 05:00:00,2025-07-17 05:00:00,92640.0
Korea,2025-07-17 06:00:00,2025-07-17 06:00:00,98510.0
Korea,2025-07-17 07:00:00,2025-07-17 07:00:00,100710.0
Korea,2025-07-17 08:00:00,2025-07-17 08:00:00,125070.0
Korea,2025-07-17 09:00:00,2025-07-17 09:00:00,125070.0
Korea,2025-07-17 10:00:00,2025-07-17 10:00:00,134210.0
Korea,2025-07-17 11:00:00,2025-07-17 11:00:00,134210.0
Korea,2025-07-17 12:00:00,2025-07-17 12:00:00,123690.0
Korea,2025-07-17 13:00:00,2025-07-17 13:00:00,134210.0
Korea,2025-07-17 14:00:00,2025-07-17 14:00:00,134210.0
Korea,2025-07-17 15:00:00,2025-07-17 15:00:00,134210.0
Korea,2025-07-17 16:00:00,2025-07-17 16:00:00,125220.0
Korea,2025-07-17 17:00:00,2025-07-17 17:00:00,125380.0
Korea,2025-07-17 18:00:00,2025-07-17 18:00:00,125290.0
Korea,2025-07-17 19:00:00,2025-07-17 19:00:00,135510.0
Korea,2025-07-17 20:00:00,2025-07-17 20:00:00,125070.0
Korea,2025-07-17 21:00:00,2025-07-17 21:00:00,125030.0
Korea,2025-07-17 22:00:00,2025-07-17 22:00:00,125200.0
Korea,2025-07-17 23:00:00,2025-07-17 23:00:00,109540.0
Korea,2025-07-18 00:00:00,2025-07-18 00:00:00,94150.0
Korea,2025-07-18 01:00:00,2025-07-18 01:00:00,93080.0
Korea,2025-07-18 02:00:00,2025-07-18 02:00:00,83480.0
Korea,2025-07-18 03:00:00,2025-07-18 03:00:00,83480.0
Korea,2025-07-18 04:00:00,2025-07-18 04:00:00,83480.0
Korea,2025-07-18 05:00:00,2025-07-18 05:00:00,92610.0
Korea,2025-07-18 06:00:00,2025-07-18 06:00:00,98970.0
Korea,2025-07-18 07:00:00,2025-07-18 07:00:00,99930.0
Korea,2025-07-18 08:00:00,2025-07-18 08:00:00,126630.0
Korea,2025-07-18 09:00:00,2025-07-18 09:00:00,134740.0
Korea,2025-07-18 10:00:00,2025-07-18 10:00:00,135640.0
Korea,2025-07-18 11:00:00,2025-07-18 11:00:00,134610.0
Korea,2025-07-18 12:00:00,2025-07-18 12:00:00,126680.0
Korea,2025-07-18 13:00:00,2025-07-18 13:00:00,134660.0
Korea,2025-07-18 14:00:00,2025-07-18 14:00:00,134660.0
Korea,2025-07-18 15:00:00,2025-07-18 15:00:00,134400.0
Korea,2025-07-18 16:00:00,2025-07-18 16:00:00,131250.0
Korea,2025-07-18 17:00:00,2025-07-18 17:00:00,131250.0
Korea,2025-07-18 18:00:00,2025-07-18 18:00:00,118110.0
Korea,2025-07-18 19:00:00,2025-07-18 19:00:00,118090.0
Korea,2025-07-18 20:00:00,2025-07-18 20:00:00,118070.0
Korea,2025-07-18 21:00:00,2025-07-18 21:00:00,118070.0
Korea,2025-07-18 22:00:00,2025-07-18 22:00:00,107900.0
Korea,2025-07-18 23:00:00,2025-07-18 23:00:00,93440.0
Korea,2025-07-19 00:00:00,2025-07-19 00:00:00,94200.0
Korea,2025-07-19 01:00:00,2025-07-19 01:00:00,83450.0
Korea,2025-07-19 02:00:00,2025-07-19 02:00:00,81010.0
Korea,2025-07-19 03:00:00,2025-07-19 03:00:00,81010.0
Korea,2025-07-19 04:00:00,2025-07-19 04:00:00,81010.0
Korea,2025-07-19 05:00:00,2025-07-19 05:00:00,81010.0
Korea,2025-07-19 06:00:00,2025-07-19 06:00:00,81010.0
Korea,2025-07-19 07:00:00,2025-07-19 07:00:00,81010.0
Korea,2025-07-19 08:00:00,2025-07-19 08:00:00,93110.0
Korea,2025-07-19 09:00:00,2025-07-19 09:00:00,99990.0
Korea,2025-07-19 10:00:00,2025-07-19 10:00:00,120720.0
Korea,2025-07-19 11:00:00,2025-07-19 11:00:00,120730.0
Korea,2025-07-19 12:00:00,2025-07-19 12:00:00,123620.0
Korea,2025-07-19 13:00:00,2025-07-19 13:00:00,123810.0
Korea,2025-07-19 14:00:00,2025-07-19 14:00:00,123260.0
Korea,2025-07-19 15:00:00,2025-07-19 15:00:00,120730.0
Korea,2025-07-19 16:00:00,2025-07-19 16:00:00,120710.0
Korea,2025-07-19 17:00:00,2025-07-19 17:00:00,111580.0
Korea,2025-07-19 18:00:00,2025-07-19 18:00:00,111610.0
Korea,2025-07-19 19:00:00,2025-07-19 19:00:00,111970.0
Korea,2025-07-19 20:00:00,2025-07-19 20:00:00,111170.0
Korea,2025-07-19 21:00:00,2025-07-19 21:00:00,100000.0
Korea,2025-07-19 22:00:00,2025-07-19 22:00:00,99570.0
Korea,2025-07-19 23:00:00,2025-07-19 23:00:00,93760.0
Korea,2025-07-20 00:00:00,2025-07-20 00:00:00,100050.0
Korea,2025-07-20 01:00:00,2025-07-20 01:00:00,81640.0
Korea,2025-07-20 02:00:00,2025-07-20 02:00:00,79270.0
Korea,2025-07-20 03:00:00,2025-07-20 03:00:00,77730.0
Korea,2025-07-20 04:00:00,2025-07-20 04:00:00,79380.0
Korea,2025-07-20 05:00:00,2025-07-20 05:00:00,79380.0
Korea,2025-07-20 06:00:00,2025-07-20 06:00:00,79380.0
Korea,2025-07-20 07:00:00,2025-07-20 07:00:00,79380.0
Korea,2025-07-20 08:00:00,2025-07-20 08:00:00,93330.0
Korea,2025-07-20 09:00:00,2025-07-20 09:00:00,93970.0
Korea,2025-07-20 10:00:00,2025-07-20 10:00:00,101440.0
Korea,2025-07-20 11:00:00,2025-07-20 11:00:00,118410.0
Korea,2025-07-20 12:00:00,2025-07-20 12:00:00,118430.0
Korea,2025-07-20 13:00:00,2025-07-20 13:00:00,121920.0
Korea,2025-07-20 14:00:00,2025-07-20 14:00:00,121920.0
Korea,2025-07-20 15:00:00,2025-07-20 15:00:00,121920.0
Korea,2025-07-20 16:00:00,2025-07-20 16:00:00,121900.0
Korea,2025-07-20 17:00:00,2025-07-20 17:00:00,121860.0
Korea,2025-07-20 18:00:00,2025-07-20 18:00:00,121860.0
Korea,2025-07-20 19:00:00,2025-07-20 19:00:00,136050.0
Korea,2025-07-20 20:00:00,2025-07-20 20:00:00,136210.0
Korea,2025-07-20 21:00:00,2025-07-20 21:00:00,135940.0
Korea,2025-07-20 22:00:00,2025-07-20 22:00:00,101480.0
Korea,2025-07-20 23:00:00,2025-07-20 23:00:00,100540.0
Korea,2025-07-21 00:00:00,2025-07-21 00:00:00,118530.0
Korea,2025-07-21 01:00:00,2025-07-21 01:00:00,81370.0
Korea,2025-07-21 02:00:00,2025-07-21 02:00:00,80720.0
Korea,2025-07-21 03:00:00,2025-07-21 03:00:00,79900.0
Korea,2025-07-21 04:00:00,2025-07-21 04:00:00,79900.0
Korea,2025-07-21 05:00:00,2025-07-21 05:00:00,79900.0
Korea,2025-07-21 06:00:00,2025-07-21 06:00:00,93110.0
Korea,2025-07-21 07:00:00,2025-07-21 07:00:00,118530.0
Korea,2025-07-21 08:00:00,2025-07-21 08:00:00,121480.0
Korea,2025-07-21 09:00:00,2025-07-21 09:00:00,122910.0
Korea,2025-07-21 10:00:00,2025-07-21 10:00:00,124240.0
Korea,2025-07-21 11:00:00,2025-07-21 11:00:00,125480.0
Korea,2025-07-21 12:00:00,2025-07-21 12:00:00,124240.0
Korea,2025-07-21 13:00:00,2025-07-21 13:00:00,131390.0
Korea,2025-07-21 14:00:00,2025-07-21 14:00:00,155930.0
Korea,2025-07-21 15:00:00,2025-07-21 15:00:00,131330.0
Korea,2025-07-21 16:00:00,2025-07-21 16:00:00,124240.0
Korea,2025-07-21 17:00:00,2025-07-21 17:00:00,131330.0
Korea,2025-07-21 18:00:00,2025-07-21 18:00:00,124240.0
Korea,2025-07-21 19:00:00,2025-07-21 19:00:00,135230.0
Korea,2025-07-21 20:00:00,2025-07-21 20:00:00,121970.0
Korea,2025-07-21 21:00:00,2025-07-21 21:00:00,121780.0
Korea,2025-07-21 22:00:00,2025-07-21 22:00:00,121780.0
Korea,2025-07-21 23:00:00,2025-07-21 23:00:00,121750.0
Korea,2025-07-22 00:00:00,2025-07-22 00:00:00,125120.0
Korea,2025-07-22 01:00:00,2025-07-22 01:00:00,114680.0
Korea,2025-07-22 02:00:00,2025-07-22 02:00:00,92690.0
Korea,2025-07-22 03:00:00,2025-07-22 03:00:00,91620.0
Korea,2025-07-22 04:00:00,2025-07-22 04:00:00,90530.0
Korea,2025-07-22 05:00:00,2025-07-22 05:00:00,91620.0
Korea,2025-07-22 06:00:00,2025-07-22 06:00:00,110960.0
Korea,2025-07-22 07:00:00,2025-07-22 07:00:00,118400.0
Korea,2025-07-22 08:00:00,2025-07-22 08:00:00,119890.0
Korea,2025-07-22 09:00:00,2025-07-22 09:00:00,121170.0
Korea,2025-07-22 10:00:00,2025-07-22 10:00:00,125830.0
Korea,2025-07-22 11:00:00,2025-07-22 11:00:00,127060.0
Korea,2025-07-22 12:00:00,2025-07-22 12:00:00,121840.0
Korea,2025-07-22 13:00:00,2025-07-22 13:00:00,125880.0
Korea,2025-07-22 14:00:00,2025-07-22 14:00:00,126030.0
Korea,2025-07-22 15:00:00,2025-07-22 15:00:00,147300.0
Korea,2025-07-22 16:00:00,2025-07-22 16:00:00,132440.0
Korea,2025-07-22 17:00:00,2025-07-22 17:00:00,147300.0
Korea,2025-07-22 18:00:00,2025-07-22 18:00:00,147300.0
Korea,2025-07-22 19:00:00,2025-07-22 19:00:00,136120.0
Korea,2025-07-22 20:00:00,2025-07-22 20:00:00,132430.0
Korea,2025-07-22 21:00:00,2025-07-22 21:00:00,121330.0
Korea,2025-07-22 22:00:00,2025-07-22 22:00:00,121150.0
Korea,2025-07-22 23:00:00,2025-07-22 23:00:00,121150.0
Korea,2025-07-23 00:00:00,2025-07-23 00:00:00,100650.0
Korea,2025-07-23 01:00:00,2025-07-23 01:00:00,93050.0
Korea,2025-07-23 02:00:00,2025-07-23 02:00:00,93050.0
Korea,2025-07-23 03:00:00,2025-07-23 03:00:00,92450.0
Korea,2025-07-23 04:00:00,2025-07-23 04:00:00,83480.0
Korea,2025-07-23 05:00:00,2025-07-23 05:00:00,92840.0
Korea,2025-07-23 06:00:00,2025-07-23 06:00:00,93040.0
Korea,2025-07-23 07:00:00,2025-07-23 07:00:00,99570.0
Korea,2025-07-23 08:00:00,2025-07-23 08:00:00,119010.0
Korea,2025-07-23 09:00:00,2025-07-23 09:00:00,120570.0
Korea,2025-07-23 10:00:00,2025-07-23 10:00:00,121290.0
Korea,2025-07-23 11:00:00,2025-07-23 11:00:00,128100.0
Korea,2025-07-23 12:00:00,2025-07-23 12:00:00,123380.0
Korea,2025-07-23 13:00:00,2025-07-23 13:00:00,124730.0
Korea,2025-07-23 14:00:00,2025-07-23 14:00:00,151600.0
Korea,2025-07-23 15:00:00,2025-07-23 15:00:00,151610.0
Korea,2025-07-23 16:00:00,2025-07-23 16:00:00,135710.0
Korea,2025-07-23 17:00:00,2025-07-23 17:00:00,125310.0
Korea,2025-07-23 18:00:00,2025-07-23 18:00:00,124940.0
Korea,2025-07-23 19:00:00,2025-07-23 19:00:00,124940.0
Korea,2025-07-23 20:00:00,2025-07-23 20:00:00,121180.0
Korea,2025-07-23 21:00:00,2025-07-23 21:00:00,121180.0
Korea,2025-07-23 22:00:00,2025-07-23 22:00:00,117120.0
Korea,2025-07-23 23:00:00,2025-07-23 23:00:00,116260.0
Korea,2025-07-24 00:00:00,2025-07-24 00:00:00,100780.0
Korea,2025-07-24 01:00:00,2025-07-24 01:00:00,93060.0
Korea,2025-07-24 02:00:00,2025-07-24 02:00:00,92970.0
Korea,2025-07-24 03:00:00,2025-07-24 03:00:00,82170.0
Korea,2025-07-24 04:00:00,2025-07-24 04:00:00,82170.0
Korea,2025-07-24 05:00:00,2025-07-24 05:00:00,92570.0
Korea,2025-07-24 06:00:00,2025-07-24 06:00:00,93220.0
Korea,2025-07-24 07:00:00,2025-07-24 07:00:00,100310.0
Korea,2025-07-24 08:00:00,2025-07-24 08:00:00,119360.0
Korea,2025-07-24 09:00:00,2025-07-24 09:00:00,121210.0
Korea,2025-07-24 10:00:00,2025-07-24 10:00:00,124270.0
Korea,2025-07-24 11:00:00,2025-07-24 11:00:00,124170.0
Korea,2025-07-24 12:00:00,2025-07-24 12:00:00,120310.0
Korea,2025-07-24 13:00:00,2025-07-24 13:00:00,124060.0
Korea,2025-07-24 14:00:00,2025-07-24 14:00:00,124810.0
Korea,2025-07-24 15:00:00,2025-07-24 15:00:00,136910.0
Korea,2025-07-24 16:00:00,2025-07-24 16:00:00,136910.0
Korea,2025-07-24 17:00:00,2025-07-24 17:00:00,124210.0
Korea,2025-07-24 18:00:00,2025-07-24 18:00:00,124210.0
Korea,2025-07-24 19:00:00,2025-07-24 19:00:00,124030.0
Korea,2025-07-24 20:00:00,2025-07-24 20:00:00,123310.0
Korea,2025-07-24 21:00:00,2025-07-24 21:00:00,121880.0
Korea,2025-07-24 22:00:00,2025-07-24 22:00:00,117560.0
Korea,2025-07-24 23:00:00,2025-07-24 23:00:00,116700.0
Korea,2025-07-25 00:00:00,2025-07-25 00:00:00,100340.0
Korea,2025-07-25 01:00:00,2025-07-25 01:00:00,93130.0
Korea,2025-07-25 02:00:00,2025-07-25 02:00:00,88180.0
Korea,2025-07-25 03:00:00,2025-07-25 03:00:00,86070.0
Korea,2025-07-25 04:00:00,2025-07-25 04:00:00,83180.0
Korea,2025-07-25 05:00:00,2025-07-25 05:00:00,85410.0
Korea,2025-07-25 06:00:00,2025-07-25 06:00:00,93360.0
Korea,2025-07-25 07:00:00,2025-07-25 07:00:00,99300.0
Korea,2025-07-25 08:00:00,2025-07-25 08:00:00,116910.0
Korea,2025-07-25 09:00:00,2025-07-25 09:00:00,122020.0
Korea,2025-07-25 10:00:00,2025-07-25 10:00:00,123820.0
Korea,2025-07-25 11:00:00,2025-07-25 11:00:00,127600.0
Korea,2025-07-25 12:00:00,2025-07-25 12:00:00,122490.0
Korea,2025-07-25 13:00:00,2025-07-25 13:00:00,126480.0
Korea,2025-07-25 14:00:00,2025-07-25 14:00:00,130700.0
Korea,2025-07-25 15:00:00,2025-07-25 15:00:00,134250.0
Korea,2025-07-25 16:00:00,2025-07-25 16:00:00,133140.0
Korea,2025-07-25 17:00:00,2025-07-25 17:00:00,133020.0
Korea,2025-07-25 18:00:00,2025-07-25 18:00:00,124080.0
Korea,2025-07-25 19:00:00,2025-07-25 19:00:00,133180.0
Korea,2025-07-25 20:00:00,2025-07-25 20:00:00,122140.0
Korea,2025-07-25 21:00:00,2025-07-25 21:00:00,121720.0
Korea,2025-07-25 22:00:00,2025-07-25 22:00:00,121340.0
Korea,2025-07-25 23:00:00,2025-07-25 23:00:00,121340.0
Korea,2025-07-26 00:00:00,2025-07-26 00:00:00,116270.0
Korea,2025-07-26 01:00:00,2025-07-26 01:00:00,118250.0
Korea,2025-07-26 02:00:00,2025-07-26 02:00:00,114990.0
Korea,2025-07-26 03:00:00,2025-07-26 03:00:00,92560.0
Korea,2025-07-26 04:00:00,2025-07-26 04:00:00,92650.0
Korea,2025-07-26 05:00:00,2025-07-26 05:00:00,112540.0
Korea,2025-07-26 06:00:00,2025-07-26 06:00:00,116270.0
Korea,2025-07-26 07:00:00,2025-07-26 07:00:00,119390.0
Korea,2025-07-26 08:00:00,2025-07-26 08:00:00,119110.0
Korea,2025-07-26 09:00:00,2025-07-26 09:00:00,118940.0
Korea,2025-07-26 10:00:00,2025-07-26 10:00:00,120320.0
Korea,2025-07-26 11:00:00,2025-07-26 11:00:00,120720.0
Korea,2025-07-26 12:00:00,2025-07-26 12:00:00,120720.0
Korea,2025-07-26 13:00:00,2025-07-26 13:00:00,123960.0
Korea,2025-07-26 14:00:00,2025-07-26 14:00:00,123960.0
Korea,2025-07-26 15:00:00,2025-07-26 15:00:00,123960.0
Korea,2025-07-26 16:00:00,2025-07-26 16:00:00,123960.0
Korea,2025-07-26 17:00:00,2025-07-26 17:00:00,138600.0
Korea,2025-07-26 18:00:00,2025-07-26 18:00:00,138340.0
Korea,2025-07-26 19:00:00,2025-07-26 19:00:00,123900.0
Korea,2025-07-26 20:00:00,2025-07-26 20:00:00,123920.0
Korea,2025-07-26 21:00:00,2025-07-26 21:00:00,120320.0
Korea,2025-07-26 22:00:00,2025-07-26 22:00:00,130990.0
Korea,2025-07-26 23:00:00,2025-07-26 23:00:00,130670.0
Korea,2025-07-27 00:00:00,2025-07-27 00:00:00,117570.0
Korea,2025-07-27 01:00:00,2025-07-27 01:00:00,117570.0
Korea,2025-07-27 02:00:00,2025-07-27 02:00:00,93310.0
Korea,2025-07-27 03:00:00,2025-07-27 03:00:00,91170.0
Korea,2025-07-27 04:00:00,2025-07-27 04:00:00,88490.0
Korea,2025-07-27 05:00:00,2025-07-27 05:00:00,90970.0
Korea,2025-07-27 06:00:00,2025-07-27 06:00:00,93320.0
Korea,2025-07-27 07:00:00,2025-07-27 07:00:00,117570.0
Korea,2025-07-27 08:00:00,2025-07-27 08:00:00,120420.0
Korea,2025-07-27 09:00:00,2025-07-27 09:00:00,120250.0
Korea,2025-07-27 10:00:00,2025-07-27 10:00:00,127790.0
Korea,2025-07-27 11:00:00,2025-07-27 11:00:00,120020.0
Korea,2025-07-27 12:00:00,2025-07-27 12:00:00,120020.0
Korea,2025-07-27 13:00:00,2025-07-27 13:00:00,123710.0
Korea,2025-07-27 14:00:00,2025-07-27 14:00:00,123710.0
Korea,2025-07-27 15:00:00,2025-07-27 15:00:00,131110.0
Korea,2025-07-27 16:00:00,2025-07-27 16:00:00,123700.0
Korea,2025-07-27 17:00:00,2025-07-27 17:00:00,123690.0
Korea,2025-07-27 18:00:00,2025-07-27 18:00:00,130450.0
Korea,2025-07-27 19:00:00,2025-07-27 19:00:00,145680.0
Korea,2025-07-27 20:00:00,2025-07-27 20:00:00,124940.0
Korea,2025-07-27 21:00:00,2025-07-27 21:00:00,120540.0
Korea,2025-07-27 22:00:00,2025-07-27 22:00:00,120710.0
Korea,2025-07-27 23:00:00,2025-07-27 23:00:00,120710.0
Korea,2025-07-28 00:00:00,2025-07-28 00:00:00,97130.0
Korea,2025-07-28 01:00:00,2025-07-28 01:00:00,96440.0
Korea,2025-07-28 02:00:00,2025-07-28 02:00:00,81170.0
Korea,2025-07-28 03:00:00,2025-07-28 03:00:00,81170.0
Korea,2025-07-28 04:00:00,2025-07-28 04:00:00,81170.0
Korea,2025-07-28 05:00:00,2025-07-28 05:00:00,91550.0
Korea,2025-07-28 06:00:00,2025-07-28 06:00:00,98740.0
Korea,2025-07-28 07:00:00,2025-07-28 07:00:00,99660.0
Korea,2025-07-28 08:00:00,2025-07-28 08:00:00,120620.0
Korea,2025-07-28 09:00:00,2025-07-28 09:00:00,121220.0
Korea,2025-07-28 10:00:00,2025-07-28 10:00:00,122510.0
Korea,2025-07-28 11:00:00,2025-07-28 11:00:00,123320.0
Korea,2025-07-28 12:00:00,2025-07-28 12:00:00,123240.0
Korea,2025-07-28 13:00:00,2025-07-28 13:00:00,123260.0
Korea,2025-07-28 14:00:00,2025-07-28 14:00:00,132330.0
Korea,2025-07-28 15:00:00,2025-07-28 15:00:00,132780.0
Korea,2025-07-28 16:00:00,2025-07-28 16:00:00,132780.0
Korea,2025-07-28 17:00:00,2025-07-28 17:00:00,133210.0
Korea,2025-07-28 18:00:00,2025-07-28 18:00:00,133210.0
Korea,2025-07-28 19:00:00,2025-07-28 19:00:00,133210.0
Korea,2025-07-28 20:00:00,2025-07-28 20:00:00,132330.0
Korea,2025-07-28 21:00:00,2025-07-28 21:00:00,122820.0
Korea,2025-07-28 22:00:00,2025-07-28 22:00:00,122730.0
Korea,2025-07-28 23:00:00,2025-07-28 23:00:00,122710.0
Korea,2025-07-29 00:00:00,2025-07-29 00:00:00,108830.0
Korea,2025-07-29 01:00:00,2025-07-29 01:00:00,96440.0
Korea,2025-07-29 02:00:00,2025-07-29 02:00:00,92000.0
Korea,2025-07-29 03:00:00,2025-07-29 03:00:00,91070.0
Korea,2025-07-29 04:00:00,2025-07-29 04:00:00,92000.0
Korea,2025-07-29 05:00:00,2025-07-29 05:00:00,93980.0
Korea,2025-07-29 06:00:00,2025-07-29 06:00:00,98820.0
Korea,2025-07-29 07:00:00,2025-07-29 07:00:00,120910.0
Korea,2025-07-29 08:00:00,2025-07-29 08:00:00,120660.0
Korea,2025-07-29 09:00:00,2025-07-29 09:00:00,121230.0
Korea,2025-07-29 10:00:00,2025-07-29 10:00:00,125210.0
Korea,2025-07-29 11:00:00,2025-07-29 11:00:00,128650.0
Korea,2025-07-29 12:00:00,2025-07-29 12:00:00,128570.0
Korea,2025-07-29 13:00:00,2025-07-29 13:00:00,128650.0
Korea,2025-07-29 14:00:00,2025-07-29 14:00:00,132560.0
Korea,2025-07-29 15:00:00,2025-07-29 15:00:00,147250.0
Korea,2025-07-29 16:00:00,2025-07-29 16:00:00,147250.0
Korea,2025-07-29 17:00:00,2025-07-29 17:00:00,132140.0
Korea,2025-07-29 18:00:00,2025-07-29 18:00:00,132130.0
Korea,2025-07-29 19:00:00,2025-07-29 19:00:00,132190.0
Korea,2025-07-29 20:00:00,2025-07-29 20:00:00,122960.0
Korea,2025-07-29 21:00:00,2025-07-29 21:00:00,121430.0
Korea,2025-07-29 22:00:00,2025-07-29 22:00:00,120670.0
Korea,2025-07-29 23:00:00,2025-07-29 23:00:00,120340.0
Korea,2025-07-30 00:00:00,2025-07-30 00:00:00,132020.0
Korea,2025-07-30 01:00:00,2025-07-30 01:00:00,113000.0
Korea,2025-07-30 02:00:00,2025-07-30 02:00:00,114860.0
Korea,2025-07-30 03:00:00,2025-07-30 03:00:00,109280.0
Korea,2025-07-30 04:00:00,2025-07-30 04:00:00,109280.0
Korea,2025-07-30 05:00:00,2025-07-30 05:00:00,111140.0
Korea,2025-07-30 06:00:00,2025-07-30 06:00:00,121180.0
Korea,2025-07-30 07:00:00,2025-07-30 07:00:00,120660.0
Korea,2025-07-30 08:00:00,2025-07-30 08:00:00,119390.0
Korea,2025-07-30 09:00:00,2025-07-30 09:00:00,125400.0
Korea,2025-07-30 10:00:00,2025-07-30 10:00:00,128220.0
Korea,2025-07-30 11:00:00,2025-07-30 11:00:00,130060.0
Korea,2025-07-30 12:00:00,2025-07-30 12:00:00,127340.0
Korea,2025-07-30 13:00:00,2025-07-30 13:00:00,128470.0
Korea,2025-07-30 14:00:00,2025-07-30 14:00:00,133950.0
Korea,2025-07-30 15:00:00,2025-07-30 15:00:00,133950.0
Korea,2025-07-30 16:00:00,2025-07-30 16:00:00,133940.0
Korea,2025-07-30 17:00:00,2025-07-30 17:00:00,133890.0
Korea,2025-07-30 18:00:00,2025-07-30 18:00:00,128820.0
Korea,2025-07-30 19:00:00,2025-07-30 19:00:00,128970.0
Korea,2025-07-30 20:00:00,2025-07-30 20:00:00,125990.0
Korea,2025-07-30 21:00:00,2025-07-30 21:00:00,122590.0
Korea,2025-07-30 22:00:00,2025-07-30 22:00:00,121080.0
Korea,2025-07-30 23:00:00,2025-07-30 23:00:00,119100.0
Korea,2025-07-31 00:00:00,2025-07-31 00:00:00,117020.0
Korea,2025-07-31 01:00:00,2025-07-31 01:00:00,115160.0
Korea,2025-07-31 02:00:00,2025-07-31 02:00:00,92820.0
Korea,2025-07-31 03:00:00,2025-07-31 03:00:00,92820.0
Korea,2025-07-31 04:00:00,2025-07-31 04:00:00,92820.0
Korea,2025-07-31 05:00:00,2025-07-31 05:00:00,92780.0
Korea,2025-07-31 06:00:00,2025-07-31 06:00:00,121050.0
Korea,2025-07-31 07:00:00,2025-07-31 07:00:00,120540.0
Korea,2025-07-31 08:00:00,2025-07-31 08:00:00,119860.0
Korea,2025-07-31 09:00:00,2025-07-31 09:00:00,122420.0
Korea,2025-07-31 10:00:00,2025-07-31 10:00:00,126920.0
Korea,2025-07-31 11:00:00,2025-07-31 11:00:00,126920.0
Korea,2025-07-31 12:00:00,2025-07-31 12:00:00,121920.0
Korea,2025-07-31 13:00:00,2025-07-31 13:00:00,128140.0
Korea,2025-07-31 14:00:00,2025-07-31 14:00:00,128140.0
Korea,2025-07-31 15:00:00,2025-07-31 15:00:00,131700.0
Korea,2025-07-31 16:00:00,2025-07-31 16:00:00,130930.0
Korea,2025-07-31 17:00:00,2025-07-31 17:00:00,130250.0
Korea,2025-07-31 18:00:00,2025-07-31 18:00:00,130250.0
Korea,2025-07-31 19:00:00,2025-07-31 19:00:00,128070.0
Korea,2025-07-31 20:00:00,2025-07-31 20:00:00,128060.0
Korea,2025-07-31 21:00:00,2025-07-31 21:00:00,119770.0
Korea,2025-07-31 22:00:00,2025-07-31 22:00:00,119860.0
Korea,2025-07-31 23:00:00,2025-07-31 23:00:00,119970.0
Korea,2025-08-01 00:00:00,2025-08-01 00:00:00,116190.0
Korea,2025-08-01 01:00:00,2025-08-01 01:00:00,113100.0
Korea,2025-08-01 02:00:00,2025-08-01 02:00:00,113100.0
Korea,2025-08-01 03:00:00,2025-08-01 03:00:00,109420.0
Korea,2025-08-01 04:00:00,2025-08-01 04:00:00,111260.0
Korea,2025-08-01 05:00:00,2025-08-01 05:00:00,113100.0
Korea,2025-08-01 06:00:00,2025-08-01 06:00:00,113100.0
Korea,2025-08-01 07:00:00,2025-08-01 07:00:00,119330.0
Korea,2025-08-01 08:00:00,2025-08-01 08:00:00,119150.0
Korea,2025-08-01 09:00:00,2025-08-01 09:00:00,119040.0
Korea,2025-08-01 10:00:00,2025-08-01 10:00:00,118970.0
Korea,2025-08-01 11:00:00,2025-08-01 11:00:00,120340.0
Korea,2025-08-01 12:00:00,2025-08-01 12:00:00,120340.0
Korea,2025-08-01 13:00:00,2025-08-01 13:00:00,120340.0
Korea,2025-08-01 14:00:00,2025-08-01 14:00:00,126650.0
Korea,2025-08-01 15:00:00,2025-08-01 15:00:00,129980.0
Korea,2025-08-01 16:00:00,2025-08-01 16:00:00,124890.0
Korea,2025-08-01 17:00:00,2025-08-01 17:00:00,125410.0
Korea,2025-08-01 18:00:00,2025-08-01 18:00:00,124760.0
Korea,2025-08-01 19:00:00,2025-08-01 19:00:00,124760.0
Korea,2025-08-01 20:00:00,2025-08-01 20:00:00,121600.0
Korea,2025-08-01 21:00:00,2025-08-01 21:00:00,117000.0
Korea,2025-08-01 22:00:00,2025-08-01 22:00:00,116940.0
Korea,2025-08-01 23:00:00,2025-08-01 23:00:00,116920.0
Korea,2025-08-02 00:00:00,2025-08-02 00:00:00,115500.0
Korea,2025-08-02 01:00:00,2025-08-02 01:00:00,115500.0
Korea,2025-08-02 02:00:00,2025-08-02 02:00:00,113480.0
Korea,2025-08-02 03:00:00,2025-08-02 03:00:00,111640.0
Korea,2025-08-02 04:00:00,2025-08-02 04:00:00,111640.0
Korea,2025-08-02 05:00:00,2025-08-02 05:00:00,111640.0
Korea,2025-08-02 06:00:00,2025-08-02 06:00:00,113480.0
Korea,2025-08-02 07:00:00,2025-08-02 07:00:00,115320.0
Korea,2025-08-02 08:00:00,2025-08-02 08:00:00,116290.0
Korea,2025-08-02 09:00:00,2025-08-02 09:00:00,116930.0
Korea,2025-08-02 10:00:00,2025-08-02 10:00:00,122450.0
Korea,2025-08-02 11:00:00,2025-08-02 11:00:00,122550.0
Korea,2025-08-02 12:00:00,2025-08-02 12:00:00,123500.0
Korea,2025-08-02 13:00:00,2025-08-02 13:00:00,123500.0
Korea,2025-08-02 14:00:00,2025-08-02 14:00:00,123410.0
Korea,2025-08-02 15:00:00,2025-08-02 15:00:00,122410.0
Korea,2025-08-02 16:00:00,2025-08-02 16:00:00,118120.0
Korea,2025-08-02 17:00:00,2025-08-02 17:00:00,118290.0
Korea,2025-08-02 18:00:00,2025-08-02 18:00:00,122110.0
Korea,2025-08-02 19:00:00,2025-08-02 19:00:00,147410.0
Korea,2025-08-02 20:00:00,2025-08-02 20:00:00,140050.0
Korea,2025-08-02 21:00:00,2025-08-02 21:00:00,120060.0
Korea,2025-08-02 22:00:00,2025-08-02 22:00:00,116930.0
Korea,2025-08-02 23:00:00,2025-08-02 23:00:00,116870.0
Korea,2025-08-03 00:00:00,2025-08-03 00:00:00,115930.0
Korea,2025-08-03 01:00:00,2025-08-03 01:00:00,116110.0
Korea,2025-08-03 02:00:00,2025-08-03 02:00:00,115930.0
Korea,2025-08-03 03:00:00,2025-08-03 03:00:00,108550.0
Korea,2025-08-03 04:00:00,2025-08-03 04:00:00,76500.0
Korea,2025-08-03 05:00:00,2025-08-03 05:00:00,108950.0
Korea,2025-08-03 06:00:00,2025-08-03 06:00:00,115930.0
Korea,2025-08-03 07:00:00,2025-08-03 07:00:00,114090.0
Korea,2025-08-03 08:00:00,2025-08-03 08:00:00,115930.0
Korea,2025-08-03 09:00:00,2025-08-03 09:00:00,116900.0
Korea,2025-08-03 10:00:00,2025-08-03 10:00:00,116730.0
Korea,2025-08-03 11:00:00,2025-08-03 11:00:00,118180.0
Korea,2025-08-03 12:00:00,2025-08-03 12:00:00,125370.0
Korea,2025-08-03 13:00:00,2025-08-03 13:00:00,125890.0
Korea,2025-08-03 14:00:00,2025-08-03 14:00:00,122950.0
Korea,2025-08-03 15:00:00,2025-08-03 15:00:00,122400.0
Korea,2025-08-03 16:00:00,2025-08-03 16:00:00,120450.0
Korea,2025-08-03 17:00:00,2025-08-03 17:00:00,120510.0
Korea,2025-08-03 18:00:00,2025-08-03 18:00:00,139250.0
Korea,2025-08-03 19:00:00,2025-08-03 19:00:00,132620.0
Korea,2025-08-03 20:00:00,2025-08-03 20:00:00,132000.0
Korea,2025-08-03 21:00:00,2025-08-03 21:00:00,122380.0
Korea,2025-08-03 22:00:00,2025-08-03 22:00:00,156780.0
Korea,2025-08-03 23:00:00,2025-08-03 23:00:00,117410.0
Korea,2025-08-04 00:00:00,2025-08-04 00:00:00,116430.0
Korea,2025-08-04 01:00:00,2025-08-04 01:00:00,114790.0
Korea,2025-08-04 02:00:00,2025-08-04 02:00:00,112950.0
Korea,2025-08-04 03:00:00,2025-08-04 03:00:00,107440.0
Korea,2025-08-04 04:00:00,2025-08-04 04:00:00,88570.0
Korea,2025-08-04 05:00:00,2025-08-04 05:00:00,107440.0
Korea,2025-08-04 06:00:00,2025-08-04 06:00:00,118820.0
Korea,2025-08-04 07:00:00,2025-08-04 07:00:00,118820.0
Korea,2025-08-04 08:00:00,2025-08-04 08:00:00,119090.0
Korea,2025-08-04 09:00:00,2025-08-04 09:00:00,120230.0
Korea,2025-08-04 10:00:00,2025-08-04 10:00:00,150330.0
Korea,2025-08-04 11:00:00,2025-08-04 11:00:00,128820.0
Korea,2025-08-04 12:00:00,2025-08-04 12:00:00,122330.0
Korea,2025-08-04 13:00:00,2025-08-04 13:00:00,128760.0
Korea,2025-08-04 14:00:00,2025-08-04 14:00:00,130310.0
Korea,2025-08-04 15:00:00,2025-08-04 15:00:00,130310.0
Korea,2025-08-04 16:00:00,2025-08-04 16:00:00,130360.0
Korea,2025-08-04 17:00:00,2025-08-04 17:00:00,130660.0
Korea,2025-08-04 18:00:00,2025-08-04 18:00:00,131690.0
Korea,2025-08-04 19:00:00,2025-08-04 19:00:00,131690.0
Korea,2025-08-04 20:00:00,2025-08-04 20:00:00,128760.0
Korea,2025-08-04 21:00:00,2025-08-04 21:00:00,119080.0
Korea,2025-08-04 22:00:00,2025-08-04 22:00:00,119080.0
Korea,2025-08-04 23:00:00,2025-08-04 23:00:00,118770.0
Korea,2025-08-05 00:00:00,2025-08-05 00:00:00,115290.0
Korea,2025-08-05 01:00:00,2025-08-05 01:00:00,76290.0
Korea,2025-08-05 02:00:00,2025-08-05 02:00:00,75820.0
Korea,2025-08-05 03:00:00,2025-08-05 03:00:00,75820.0
Korea,2025-08-05 04:00:00,2025-08-05 04:00:00,75820.0
Korea,2025-08-05 05:00:00,2025-08-05 05:00:00,75820.0
Korea,2025-08-05 06:00:00,2025-08-05 06:00:00,115290.0
Korea,2025-08-05 07:00:00,2025-08-05 07:00:00,118440.0
Korea,2025-08-05 08:00:00,2025-08-05 08:00:00,118380.0
Korea,2025-08-05 09:00:00,2025-08-05 09:00:00,118380.0
Korea,2025-08-05 10:00:00,2025-08-05 10:00:00,118210.0
Korea,2025-08-05 11:00:00,2025-08-05 11:00:00,119750.0
Korea,2025-08-05 12:00:00,2025-08-05 12:00:00,118610.0
Korea,2025-08-05 13:00:00,2025-08-05 13:00:00,118130.0
Korea,2025-08-05 14:00:00,2025-08-05 14:00:00,120770.0
Korea,2025-08-05 15:00:00,2025-08-05 15:00:00,124830.0
Korea,2025-08-05 16:00:00,2025-08-05 16:00:00,125050.0
Korea,2025-08-05 17:00:00,2025-08-05 17:00:00,125180.0
Korea,2025-08-05 18:00:00,2025-08-05 18:00:00,125120.0
Korea,2025-08-05 19:00:00,2025-08-05 19:00:00,125040.0
Korea,2025-08-05 20:00:00,2025-08-05 20:00:00,119210.0
Korea,2025-08-05 21:00:00,2025-08-05 21:00:00,118440.0
Korea,2025-08-05 22:00:00,2025-08-05 22:00:00,118610.0
Korea,2025-08-05 23:00:00,2025-08-05 23:00:00,118610.0
Korea,2025-08-06 00:00:00,2025-08-06 00:00:00,114950.0
Korea,2025-08-06 01:00:00,2025-08-06 01:00:00,84400.0
Korea,2025-08-06 02:00:00,2025-08-06 02:00:00,84380.0
Korea,2025-08-06 03:00:00,2025-08-06 03:00:00,84370.0
Korea,2025-08-06 04:00:00,2025-08-06 04:00:00,84380.0
Korea,2025-08-06 05:00:00,2025-08-06 05:00:00,84360.0
Korea,2025-08-06 06:00:00,2025-08-06 06:00:00,116040.0
Korea,2025-08-06 07:00:00,2025-08-06 07:00:00,118270.0
Korea,2025-08-06 08:00:00,2025-08-06 08:00:00,127740.0
Korea,2025-08-06 09:00:00,2025-08-06 09:00:00,118970.0
Korea,2025-08-06 10:00:00,2025-08-06 10:00:00,118970.0
Korea,2025-08-06 11:00:00,2025-08-06 11:00:00,118970.0
Korea,2025-08-06 12:00:00,2025-08-06 12:00:00,118100.0
Korea,2025-08-06 13:00:00,2025-08-06 13:00:00,120380.0
Korea,2025-08-06 14:00:00,2025-08-06 14:00:00,125520.0
Korea,2025-08-06 15:00:00,2025-08-06 15:00:00,135430.0
Korea,2025-08-06 16:00:00,2025-08-06 16:00:00,123620.0
Korea,2025-08-06 17:00:00,2025-08-06 17:00:00,119690.0
Korea,2025-08-06 18:00:00,2025-08-06 18:00:00,119640.0
Korea,2025-08-06 19:00:00,2025-08-06 19:00:00,119640.0
Korea,2025-08-06 20:00:00,2025-08-06 20:00:00,119210.0
Korea,2025-08-06 21:00:00,2025-08-06 21:00:00,119600.0
Korea,2025-08-06 22:00:00,2025-08-06 22:00:00,118270.0
Korea,2025-08-06 23:00:00,2025-08-06 23:00:00,118430.0
Korea,2025-08-07 00:00:00,2025-08-07 00:00:00,114500.0
Korea,2025-08-07 01:00:00,2025-08-07 01:00:00,85470.0
Korea,2025-08-07 02:00:00,2025-08-07 02:00:00,81870.0
Korea,2025-08-07 03:00:00,2025-08-07 03:00:00,81870.0
Korea,2025-08-07 04:00:00,2025-08-07 04:00:00,81870.0
Korea,2025-08-07 05:00:00,2025-08-07 05:00:00,81870.0
Korea,2025-08-07 06:00:00,2025-08-07 06:00:00,114500.0
Korea,2025-08-07 07:00:00,2025-08-07 07:00:00,120010.0
Korea,2025-08-07 08:00:00,2025-08-07 08:00:00,123190.0
Korea,2025-08-07 09:00:00,2025-08-07 09:00:00,121260.0
Korea,2025-08-07 10:00:00,2025-08-07 10:00:00,124250.0
Korea,2025-08-07 11:00:00,2025-08-07 11:00:00,124250.0
Korea,2025-08-07 12:00:00,2025-08-07 12:00:00,120980.0
Korea,2025-08-07 13:00:00,2025-08-07 13:00:00,124250.0
Korea,2025-08-07 14:00:00,2025-08-07 14:00:00,124250.0
Korea,2025-08-07 15:00:00,2025-08-07 15:00:00,124250.0
Korea,2025-08-07 16:00:00,2025-08-07 16:00:00,120980.0
Korea,2025-08-07 17:00:00,2025-08-07 17:00:00,121090.0
Korea,2025-08-07 18:00:00,2025-08-07 18:00:00,121260.0
Korea,2025-08-07 19:00:00,2025-08-07 19:00:00,121320.0
Korea,2025-08-07 20:00:00,2025-08-07 20:00:00,121490.0
Korea,2025-08-07 21:00:00,2025-08-07 21:00:00,121490.0
Korea,2025-08-07 22:00:00,2025-08-07 22:00:00,121660.0
Korea,2025-08-07 23:00:00,2025-08-07 23:00:00,118180.0
Korea,2025-08-08 00:00:00,2025-08-08 00:00:00,115070.0
Korea,2025-08-08 01:00:00,2025-08-08 01:00:00,113240.0
Korea,2025-08-08 02:00:00,2025-08-08 02:00:00,109560.0
Korea,2025-08-08 03:00:00,2025-08-08 03:00:00,84370.0
Korea,2025-08-08 04:00:00,2025-08-08 04:00:00,84370.0
Korea,2025-08-08 05:00:00,2025-08-08 05:00:00,84370.0
Korea,2025-08-08 06:00:00,2025-08-08 06:00:00,109900.0
Korea,2025-08-08 07:00:00,2025-08-08 07:00:00,117540.0
Korea,2025-08-08 08:00:00,2025-08-08 08:00:00,118390.0
Korea,2025-08-08 09:00:00,2025-08-08 09:00:00,118220.0
Korea,2025-08-08 10:00:00,2025-08-08 10:00:00,118160.0
Korea,2025-08-08 11:00:00,2025-08-08 11:00:00,117990.0
Korea,2025-08-08 12:00:00,2025-08-08 12:00:00,117880.0
Korea,2025-08-08 13:00:00,2025-08-08 13:00:00,117880.0
Korea,2025-08-08 14:00:00,2025-08-08 14:00:00,119920.0
Korea,2025-08-08 15:00:00,2025-08-08 15:00:00,120170.0
Korea,2025-08-08 16:00:00,2025-08-08 16:00:00,120170.0
Korea,2025-08-08 17:00:00,2025-08-08 17:00:00,120170.0
Korea,2025-08-08 18:00:00,2025-08-08 18:00:00,120770.0
Korea,2025-08-08 19:00:00,2025-08-08 19:00:00,120790.0
Korea,2025-08-08 20:00:00,2025-08-08 20:00:00,119670.0
Korea,2025-08-08 21:00:00,2025-08-08 21:00:00,118560.0
Korea,2025-08-08 22:00:00,2025-08-08 22:00:00,118560.0
Korea,2025-08-08 23:00:00,2025-08-08 23:00:00,118560.0
Korea,2025-08-09 00:00:00,2025-08-09 00:00:00,117400.0
Korea,2025-08-09 01:00:00,2025-08-09 01:00:00,115990.0
Korea,2025-08-09 02:00:00,2025-08-09 02:00:00,113280.0
Korea,2025-08-09 03:00:00,2025-08-09 03:00:00,78560.0
Korea,2025-08-09 04:00:00,2025-08-09 04:00:00,78560.0
Korea,2025-08-09 05:00:00,2025-08-09 05:00:00,78560.0
Korea,2025-08-09 06:00:00,2025-08-09 06:00:00,78560.0
Korea,2025-08-09 07:00:00,2025-08-09 07:00:00,116560.0
Korea,2025-08-09 08:00:00,2025-08-09 08:00:00,118820.0
Korea,2025-08-09 09:00:00,2025-08-09 09:00:00,121370.0
Korea,2025-08-09 10:00:00,2025-08-09 10:00:00,121240.0
Korea,2025-08-09 11:00:00,2025-08-09 11:00:00,121240.0
Korea,2025-08-09 12:00:00,2025-08-09 12:00:00,121240.0
Korea,2025-08-09 13:00:00,2025-08-09 13:00:00,121240.0
Korea,2025-08-09 14:00:00,2025-08-09 14:00:00,154750.0
Korea,2025-08-09 15:00:00,2025-08-09 15:00:00,121370.0
Korea,2025-08-09 16:00:00,2025-08-09 16:00:00,121500.0
Korea,2025-08-09 17:00:00,2025-08-09 17:00:00,118820.0
Korea,2025-08-09 18:00:00,2025-08-09 18:00:00,121500.0
Korea,2025-08-09 19:00:00,2025-08-09 19:00:00,121550.0
Korea,2025-08-09 20:00:00,2025-08-09 20:00:00,121550.0
Korea,2025-08-09 21:00:00,2025-08-09 21:00:00,118820.0
Korea,2025-08-09 22:00:00,2025-08-09 22:00:00,119500.0
Korea,2025-08-09 23:00:00,2025-08-09 23:00:00,118820.0
Korea,2025-08-10 00:00:00,2025-08-10 00:00:00,119260.0
Korea,2025-08-10 01:00:00,2025-08-10 01:00:00,79570.0
Korea,2025-08-10 02:00:00,2025-08-10 02:00:00,77290.0
Korea,2025-08-10 03:00:00,2025-08-10 03:00:00,76500.0
Korea,2025-08-10 04:00:00,2025-08-10 04:00:00,76500.0
Korea,2025-08-10 05:00:00,2025-08-10 05:00:00,76500.0
Korea,2025-08-10 06:00:00,2025-08-10 06:00:00,76500.0
Korea,2025-08-10 07:00:00,2025-08-10 07:00:00,76500.0
Korea,2025-08-10 08:00:00,2025-08-10 08:00:00,76500.0
Korea,2025-08-10 09:00:00,2025-08-10 09:00:00,119470.0
Korea,2025-08-10 10:00:00,2025-08-10 10:00:00,120890.0
Korea,2025-08-10 11:00:00,2025-08-10 11:00:00,123060.0
Korea,2025-08-10 12:00:00,2025-08-10 12:00:00,122930.0
Korea,2025-08-10 13:00:00,2025-08-10 13:00:00,122930.0
Korea,2025-08-10 14:00:00,2025-08-10 14:00:00,122880.0
Korea,2025-08-10 15:00:00,2025-08-10 15:00:00,122880.0
Korea,2025-08-10 16:00:00,2025-08-10 16:00:00,122930.0
Korea,2025-08-10 17:00:00,2025-08-10 17:00:00,159630.0
Korea,2025-08-10 18:00:00,2025-08-10 18:00:00,123140.0
Korea,2025-08-10 19:00:00,2025-08-10 19:00:00,123320.0
Korea,2025-08-10 20:00:00,2025-08-10 20:00:00,123320.0
Korea,2025-08-10 21:00:00,2025-08-10 21:00:00,121860.0
Korea,2025-08-10 22:00:00,2025-08-10 22:00:00,120890.0
Korea,2025-08-10 23:00:00,2025-08-10 23:00:00,120890.0
Korea,2025-08-11 00:00:00,2025-08-11 00:00:00,117090.0
Korea,2025-08-11 01:00:00,2025-08-11 01:00:00,75190.0
Korea,2025-08-11 02:00:00,2025-08-11 02:00:00,75190.0
Korea,2025-08-11 03:00:00,2025-08-11 03:00:00,75190.0
Korea,2025-08-11 04:00:00,2025-08-11 04:00:00,75190.0
Korea,2025-08-11 05:00:00,2025-08-11 05:00:00,75120.0
Korea,2025-08-11 06:00:00,2025-08-11 06:00:00,75190.0
Korea,2025-08-11 07:00:00,2025-08-11 07:00:00,118500.0
Korea,2025-08-11 08:00:00,2025-08-11 08:00:00,118500.0
Korea,2025-08-11 09:00:00,2025-08-11 09:00:00,120920.0
Korea,2025-08-11 10:00:00,2025-08-11 10:00:00,120920.0
Korea,2025-08-11 11:00:00,2025-08-11 11:00:00,120920.0
Korea,2025-08-11 12:00:00,2025-08-11 12:00:00,120480.0
Korea,2025-08-11 13:00:00,2025-08-11 13:00:00,120480.0
Korea,2025-08-11 14:00:00,2025-08-11 14:00:00,149520.0
Korea,2025-08-11 15:00:00,2025-08-11 15:00:00,120480.0
Korea,2025-08-11 16:00:00,2025-08-11 16:00:00,122040.0
Korea,2025-08-11 17:00:00,2025-08-11 17:00:00,122040.0
Korea,2025-08-11 18:00:00,2025-08-11 18:00:00,122040.0
Korea,2025-08-11 19:00:00,2025-08-11 19:00:00,122040.0
Korea,2025-08-11 20:00:00,2025-08-11 20:00:00,120920.0
Korea,2025-08-11 21:00:00,2025-08-11 21:00:00,120920.0
Korea,2025-08-11 22:00:00,2025-08-11 22:00:00,120920.0
Korea,2025-08-11 23:00:00,2025-08-11 23:00:00,118500.0
Korea,2025-08-12 00:00:00,2025-08-12 00:00:00,118260.0
Korea,2025-08-12 01:00:00,2025-08-12 01:00:00,84350.0
Korea,2025-08-12 02:00:00,2025-08-12 02:00:00,84340.0
Korea,2025-08-12 03:00:00,2025-08-12 03:00:00,84330.0
Korea,2025-08-12 04:00:00,2025-08-12 04:00:00,84340.0
Korea,2025-08-12 05:00:00,2025-08-12 05:00:00,84350.0
Korea,2025-08-12 06:00:00,2025-08-12 06:00:00,95630.0
Korea,2025-08-12 07:00:00,2025-08-12 07:00:00,118330.0
Korea,2025-08-12 08:00:00,2025-08-12 08:00:00,119270.0
Korea,2025-08-12 09:00:00,2025-08-12 09:00:00,125520.0
Korea,2025-08-12 10:00:00,2025-08-12 10:00:00,125590.0
Korea,2025-08-12 11:00:00,2025-08-12 11:00:00,125590.0
Korea,2025-08-12 12:00:00,2025-08-12 12:00:00,125500.0
Korea,2025-08-12 13:00:00,2025-08-12 13:00:00,125510.0
Korea,2025-08-12 14:00:00,2025-08-12 14:00:00,119520.0
Korea,2025-08-12 15:00:00,2025-08-12 15:00:00,128390.0
Korea,2025-08-12 16:00:00,2025-08-12 16:00:00,119560.0
Korea,2025-08-12 17:00:00,2025-08-12 17:00:00,119560.0
Korea,2025-08-12 18:00:00,2025-08-12 18:00:00,120260.0
Korea,2025-08-12 19:00:00,2025-08-12 19:00:00,120280.0
Korea,2025-08-12 20:00:00,2025-08-12 20:00:00,119270.0
Korea,2025-08-12 21:00:00,2025-08-12 21:00:00,119270.0
Korea,2025-08-12 22:00:00,2025-08-12 22:00:00,119400.0
Korea,2025-08-12 23:00:00,2025-08-12 23:00:00,116850.0
Korea,2025-08-13 00:00:00,2025-08-13 00:00:00,109800.0
Korea,2025-08-13 01:00:00,2025-08-13 01:00:00,97860.0
Korea,2025-08-13 02:00:00,2025-08-13 02:00:00,96020.0
Korea,2025-08-13 03:00:00,2025-08-13 03:00:00,90510.0
Korea,2025-08-13 04:00:00,2025-08-13 04:00:00,84240.0
Korea,2025-08-13 05:00:00,2025-08-13 05:00:00,84240.0
Korea,2025-08-13 06:00:00,2025-08-13 06:00:00,109290.0
Korea,2025-08-13 07:00:00,2025-08-13 07:00:00,116930.0
Korea,2025-08-13 08:00:00,2025-08-13 08:00:00,115100.0
Korea,2025-08-13 09:00:00,2025-08-13 09:00:00,131690.0
Korea,2025-08-13 10:00:00,2025-08-13 10:00:00,131690.0
Korea,2025-08-13 11:00:00,2025-08-13 11:00:00,120830.0
Korea,2025-08-13 12:00:00,2025-08-13 12:00:00,120680.0
Korea,2025-08-13 13:00:00,2025-08-13 13:00:00,120680.0
Korea,2025-08-13 14:00:00,2025-08-13 14:00:00,117910.0
Korea,2025-08-13 15:00:00,2025-08-13 15:00:00,117910.0
Korea,2025-08-13 16:00:00,2025-08-13 16:00:00,119400.0
Korea,2025-08-13 17:00:00,2025-08-13 17:00:00,117910.0
Korea,2025-08-13 18:00:00,2025-08-13 18:00:00,117910.0
Korea,2025-08-13 19:00:00,2025-08-13 19:00:00,117910.0
Korea,2025-08-13 20:00:00,2025-08-13 20:00:00,120000.0
Korea,2025-08-13 21:00:00,2025-08-13 21:00:00,116650.0
Korea,2025-08-13 22:00:00,2025-08-13 22:00:00,116430.0
Korea,2025-08-13 23:00:00,2025-08-13 23:00:00,116430.0
Korea,2025-08-14 00:00:00,2025-08-14 00:00:00,115010.0
Korea,2025-08-14 01:00:00,2025-08-14 01:00:00,113170.0
Korea,2025-08-14 02:00:00,2025-08-14 02:00:00,113170.0
Korea,2025-08-14 03:00:00,2025-08-14 03:00:00,113170.0
Korea,2025-08-14 04:00:00,2025-08-14 04:00:00,107660.0
Korea,2025-08-14 05:00:00,2025-08-14 05:00:00,84240.0
Korea,2025-08-14 06:00:00,2025-08-14 06:00:00,119660.0
Korea,2025-08-14 07:00:00,2025-08-14 07:00:00,120160.0
Korea,2025-08-14 08:00:00,2025-08-14 08:00:00,116650.0
Korea,2025-08-14 09:00:00,2025-08-14 09:00:00,118020.0
Korea,2025-08-14 10:00:00,2025-08-14 10:00:00,118950.0
Korea,2025-08-14 11:00:00,2025-08-14 11:00:00,120340.0
Korea,2025-08-14 12:00:00,2025-08-14 12:00:00,120340.0
Korea,2025-08-14 13:00:00,2025-08-14 13:00:00,153990.0
Korea,2025-08-14 14:00:00,2025-08-14 14:00:00,118020.0
Korea,2025-08-14 15:00:00,2025-08-14 15:00:00,118020.0
Korea,2025-08-14 16:00:00,2025-08-14 16:00:00,118950.0
Korea,2025-08-14 17:00:00,2025-08-14 17:00:00,120200.0
Korea,2025-08-14 18:00:00,2025-08-14 18:00:00,120200.0
Korea,2025-08-14 19:00:00,2025-08-14 19:00:00,120340.0
Korea,2025-08-14 20:00:00,2025-08-14 20:00:00,117430.0
Korea,2025-08-14 21:00:00,2025-08-14 21:00:00,116680.0
Korea,2025-08-14 22:00:00,2025-08-14 22:00:00,120160.0
Korea,2025-08-14 23:00:00,2025-08-14 23:00:00,116650.0
Korea,2025-08-15 00:00:00,2025-08-15 00:00:00,114990.0
Korea,2025-08-15 01:00:00,2025-08-15 01:00:00,114990.0
Korea,2025-08-15 02:00:00,2025-08-15 02:00:00,116830.0
Korea,2025-08-15 03:00:00,2025-08-15 03:00:00,111290.0
Korea,2025-08-15 04:00:00,2025-08-15 04:00:00,111290.0
Korea,2025-08-15 05:00:00,2025-08-15 05:00:00,111290.0
Korea,2025-08-15 06:00:00,2025-08-15 06:00:00,114990.0
Korea,2025-08-15 07:00:00,2025-08-15 07:00:00,117350.0
Korea,2025-08-15 08:00:00,2025-08-15 08:00:00,114990.0
Korea,2025-08-15 09:00:00,2025-08-15 09:00:00,118140.0
Korea,2025-08-15 10:00:00,2025-08-15 10:00:00,118090.0
Korea,2025-08-15 11:00:00,2025-08-15 11:00:00,117920.0
Korea,2025-08-15 12:00:00,2025-08-15 12:00:00,117920.0
Korea,2025-08-15 13:00:00,2025-08-15 13:00:00,117820.0
Korea,2025-08-15 14:00:00,2025-08-15 14:00:00,117820.0
Korea,2025-08-15 15:00:00,2025-08-15 15:00:00,117820.0
Korea,2025-08-15 16:00:00,2025-08-15 16:00:00,117800.0
Korea,2025-08-15 17:00:00,2025-08-15 17:00:00,117920.0
Korea,2025-08-15 18:00:00,2025-08-15 18:00:00,125510.0
Korea,2025-08-15 19:00:00,2025-08-15 19:00:00,125880.0
Korea,2025-08-15 20:00:00,2025-08-15 20:00:00,119320.0
Korea,2025-08-15 21:00:00,2025-08-15 21:00:00,119320.0
Korea,2025-08-15 22:00:00,2025-08-15 22:00:00,120100.0
Korea,2025-08-15 23:00:00,2025-08-15 23:00:00,116830.0
Korea,2025-08-16 00:00:00,2025-08-16 00:00:00,115860.0
Korea,2025-08-16 01:00:00,2025-08-16 01:00:00,114020.0
Korea,2025-08-16 02:00:00,2025-08-16 02:00:00,117670.0
Korea,2025-08-16 03:00:00,2025-08-16 03:00:00,110850.0
Korea,2025-08-16 04:00:00,2025-08-16 04:00:00,77240.0
Korea,2025-08-16 05:00:00,2025-08-16 05:00:00,77180.0
Korea,2025-08-16 06:00:00,2025-08-16 06:00:00,77180.0
Korea,2025-08-16 07:00:00,2025-08-16 07:00:00,115860.0
Korea,2025-08-16 08:00:00,2025-08-16 08:00:00,115860.0
Korea,2025-08-16 09:00:00,2025-08-16 09:00:00,118840.0
Korea,2025-08-16 10:00:00,2025-08-16 10:00:00,117700.0
Korea,2025-08-16 11:00:00,2025-08-16 11:00:00,118840.0
Korea,2025-08-16 12:00:00,2025-08-16 12:00:00,118440.0
Korea,2025-08-16 13:00:00,2025-08-16 13:00:00,118440.0
Korea,2025-08-16 14:00:00,2025-08-16 14:00:00,118440.0
Korea,2025-08-16 15:00:00,2025-08-16 15:00:00,118440.0
Korea,2025-08-16 16:00:00,2025-08-16 16:00:00,118440.0
Korea,2025-08-16 17:00:00,2025-08-16 17:00:00,118440.0
Korea,2025-08-16 18:00:00,2025-08-16 18:00:00,118840.0
Korea,2025-08-16 19:00:00,2025-08-16 19:00:00,118840.0
Korea,2025-08-16 20:00:00,2025-08-16 20:00:00,118840.0
Korea,2025-08-16 21:00:00,2025-08-16 21:00:00,117700.0
Korea,2025-08-16 22:00:00,2025-08-16 22:00:00,118840.0
Korea,2025-08-16 23:00:00,2025-08-16 23:00:00,117700.0
Korea,2025-08-17 00:00:00,2025-08-17 00:00:00,117460.0
Korea,2025-08-17 01:00:00,2025-08-17 01:00:00,118980.0
Korea,2025-08-17 02:00:00,2025-08-17 02:00:00,113960.0
Korea,2025-08-17 03:00:00,2025-08-17 03:00:00,77120.0
Korea,2025-08-17 04:00:00,2025-08-17 04:00:00,114220.0
Korea,2025-08-17 05:00:00,2025-08-17 05:00:00,77120.0
Korea,2025-08-17 06:00:00,2025-08-17 06:00:00,76630.0
Korea,2025-08-17 07:00:00,2025-08-17 07:00:00,116060.0
Korea,2025-08-17 08:00:00,2025-08-17 08:00:00,115920.0
Korea,2025-08-17 09:00:00,2025-08-17 09:00:00,121010.0
Korea,2025-08-17 10:00:00,2025-08-17 10:00:00,121010.0
Korea,2025-08-17 11:00:00,2025-08-17 11:00:00,121010.0
Korea,2025-08-17 12:00:00,2025-08-17 12:00:00,120500.0
Korea,2025-08-17 13:00:00,2025-08-17 13:00:00,120500.0
Korea,2025-08-17 14:00:00,2025-08-17 14:00:00,120500.0
Korea,2025-08-17 15:00:00,2025-08-17 15:00:00,120500.0
Korea,2025-08-17 16:00:00,2025-08-17 16:00:00,120500.0
Korea,2025-08-17 17:00:00,2025-08-17 17:00:00,119750.0
Korea,2025-08-17 18:00:00,2025-08-17 18:00:00,121010.0
Korea,2025-08-17 19:00:00,2025-08-17 19:00:00,121010.0
Korea,2025-08-17 20:00:00,2025-08-17 20:00:00,121010.0
Korea,2025-08-17 21:00:00,2025-08-17 21:00:00,121010.0
Korea,2025-08-17 22:00:00,2025-08-17 22:00:00,118430.0
Korea,2025-08-17 23:00:00,2025-08-17 23:00:00,116060.0
Korea,2025-08-18 00:00:00,2025-08-18 00:00:00,115590.0
Korea,2025-08-18 01:00:00,2025-08-18 01:00:00,76450.0
Korea,2025-08-18 02:00:00,2025-08-18 02:00:00,76450.0
Korea,2025-08-18 03:00:00,2025-08-18 03:00:00,76450.0
Korea,2025-08-18 04:00:00,2025-08-18 04:00:00,76450.0
Korea,2025-08-18 05:00:00,2025-08-18 05:00:00,76450.0
Korea,2025-08-18 06:00:00,2025-08-18 06:00:00,76450.0
Korea,2025-08-18 07:00:00,2025-08-18 07:00:00,115590.0
Korea,2025-08-18 08:00:00,2025-08-18 08:00:00,118730.0
Korea,2025-08-18 09:00:00,2025-08-18 09:00:00,118730.0
Korea,2025-08-18 10:00:00,2025-08-18 10:00:00,118730.0
Korea,2025-08-18 11:00:00,2025-08-18 11:00:00,118730.0
Korea,2025-08-18 12:00:00,2025-08-18 12:00:00,118220.0
Korea,2025-08-18 13:00:00,2025-08-18 13:00:00,118220.0
Korea,2025-08-18 14:00:00,2025-08-18 14:00:00,121370.0
Korea,2025-08-18 15:00:00,2025-08-18 15:00:00,135150.0
Korea,2025-08-18 16:00:00,2025-08-18 16:00:00,123690.0
Korea,2025-08-18 17:00:00,2025-08-18 17:00:00,124480.0
Korea,2025-08-18 18:00:00,2025-08-18 18:00:00,124510.0
Korea,2025-08-18 19:00:00,2025-08-18 19:00:00,124130.0
Korea,2025-08-18 20:00:00,2025-08-18 20:00:00,119400.0
Korea,2025-08-18 21:00:00,2025-08-18 21:00:00,118730.0
Korea,2025-08-18 22:00:00,2025-08-18 22:00:00,118730.0
Korea,2025-08-18 23:00:00,2025-08-18 23:00:00,118730.0
Korea,2025-08-19 00:00:00,2025-08-19 00:00:00,130160.0
Korea,2025-08-19 01:00:00,2025-08-19 01:00:00,111480.0
Korea,2025-08-19 02:00:00,2025-08-19 02:00:00,111480.0
Korea,2025-08-19 03:00:00,2025-08-19 03:00:00,110880.0
Korea,2025-08-19 04:00:00,2025-08-19 04:00:00,111480.0
Korea,2025-08-19 05:00:00,2025-08-19 05:00:00,111480.0
Korea,2025-08-19 06:00:00,2025-08-19 06:00:00,117110.0
Korea,2025-08-19 07:00:00,2025-08-19 07:00:00,119310.0
Korea,2025-08-19 08:00:00,2025-08-19 08:00:00,119090.0
Korea,2025-08-19 09:00:00,2025-08-19 09:00:00,120220.0
Korea,2025-08-19 10:00:00,2025-08-19 10:00:00,129200.0
Korea,2025-08-19 11:00:00,2025-08-19 11:00:00,121350.0
Korea,2025-08-19 12:00:00,2025-08-19 12:00:00,121110.0
Korea,2025-08-19 13:00:00,2025-08-19 13:00:00,130490.0
Korea,2025-08-19 14:00:00,2025-08-19 14:00:00,130950.0
Korea,2025-08-19 15:00:00,2025-08-19 15:00:00,130490.0
Korea,2025-08-19 16:00:00,2025-08-19 16:00:00,131850.0
Korea,2025-08-19 17:00:00,2025-08-19 17:00:00,132460.0
Korea,2025-08-19 18:00:00,2025-08-19 18:00:00,131850.0
Korea,2025-08-19 19:00:00,2025-08-19 19:00:00,130240.0
Korea,2025-08-19 20:00:00,2025-08-19 20:00:00,121200.0
Korea,2025-08-19 21:00:00,2025-08-19 21:00:00,121150.0
Korea,2025-08-19 22:00:00,2025-08-19 22:00:00,121090.0
Korea,2025-08-19 23:00:00,2025-08-19 23:00:00,118530.0
Korea,2025-08-20 00:00:00,2025-08-20 00:00:00,110180.0
Korea,2025-08-20 01:00:00,2025-08-20 01:00:00,99910.0
Korea,2025-08-20 02:00:00,2025-08-20 02:00:00,95340.0
Korea,2025-08-20 03:00:00,2025-08-20 03:00:00,90510.0
Korea,2025-08-20 04:00:00,2025-08-20 04:00:00,90510.0
Korea,2025-08-20 05:00:00,2025-08-20 05:00:00,84240.0
Korea,2025-08-20 06:00:00,2025-08-20 06:00:00,114700.0
Korea,2025-08-20 07:00:00,2025-08-20 07:00:00,122680.0
Korea,2025-08-20 08:00:00,2025-08-20 08:00:00,115470.0
Korea,2025-08-20 09:00:00,2025-08-20 09:00:00,118170.0
Korea,2025-08-20 10:00:00,2025-08-20 10:00:00,118260.0
Korea,2025-08-20 11:00:00,2025-08-20 11:00:00,120830.0
Korea,2025-08-20 12:00:00,2025-08-20 12:00:00,118220.0
Korea,2025-08-20 13:00:00,2025-08-20 13:00:00,120680.0
Korea,2025-08-20 14:00:00,2025-08-20 14:00:00,121800.0
Korea,2025-08-20 15:00:00,2025-08-20 15:00:00,125840.0
Korea,2025-08-20 16:00:00,2025-08-20 16:00:00,126360.0
Korea,2025-08-20 17:00:00,2025-08-20 17:00:00,126360.0
Korea,2025-08-20 18:00:00,2025-08-20 18:00:00,126360.0
Korea,2025-08-20 19:00:00,2025-08-20 19:00:00,120760.0
Korea,2025-08-20 20:00:00,2025-08-20 20:00:00,118790.0
Korea,2025-08-20 21:00:00,2025-08-20 21:00:00,118040.0
Korea,2025-08-20 22:00:00,2025-08-20 22:00:00,115870.0
Korea,2025-08-20 23:00:00,2025-08-20 23:00:00,115160.0
Korea,2025-08-21 00:00:00,2025-08-21 00:00:00,110120.0
Korea,2025-08-21 01:00:00,2025-08-21 01:00:00,99890.0
Korea,2025-08-21 02:00:00,2025-08-21 02:00:00,92580.0
Korea,2025-08-21 03:00:00,2025-08-21 03:00:00,90510.0
Korea,2025-08-21 04:00:00,2025-08-21 04:00:00,88270.0
Korea,2025-08-21 05:00:00,2025-08-21 05:00:00,90890.0
Korea,2025-08-21 06:00:00,2025-08-21 06:00:00,114840.0
Korea,2025-08-21 07:00:00,2025-08-21 07:00:00,119410.0
Korea,2025-08-21 08:00:00,2025-08-21 08:00:00,115090.0
Korea,2025-08-21 09:00:00,2025-08-21 09:00:00,119740.0
Korea,2025-08-21 10:00:00,2025-08-21 10:00:00,119780.0
Korea,2025-08-21 11:00:00,2025-08-21 11:00:00,121100.0
Korea,2025-08-21 12:00:00,2025-08-21 12:00:00,119780.0
Korea,2025-08-21 13:00:00,2025-08-21 13:00:00,121600.0
Korea,2025-08-21 14:00:00,2025-08-21 14:00:00,121960.0
Korea,2025-08-21 15:00:00,2025-08-21 15:00:00,121400.0
Korea,2025-08-21 16:00:00,2025-08-21 16:00:00,132450.0
Korea,2025-08-21 17:00:00,2025-08-21 17:00:00,132450.0
Korea,2025-08-21 18:00:00,2025-08-21 18:00:00,132450.0
Korea,2025-08-21 19:00:00,2025-08-21 19:00:00,132450.0
Korea,2025-08-21 20:00:00,2025-08-21 20:00:00,122680.0
Korea,2025-08-21 21:00:00,2025-08-21 21:00:00,121100.0
Korea,2025-08-21 22:00:00,2025-08-21 22:00:00,118940.0
Korea,2025-08-21 23:00:00,2025-08-21 23:00:00,118620.0
Korea,2025-08-22 00:00:00,2025-08-22 00:00:00,124240.0
Korea,2025-08-22 01:00:00,2025-08-22 01:00:00,111990.0
Korea,2025-08-22 02:00:00,2025-08-22 02:00:00,110680.0
Korea,2025-08-22 03:00:00,2025-08-22 03:00:00,108310.0
Korea,2025-08-22 04:00:00,2025-08-22 04:00:00,108420.0
Korea,2025-08-22 05:00:00,2025-08-22 05:00:00,108840.0
Korea,2025-08-22 06:00:00,2025-08-22 06:00:00,111650.0
Korea,2025-08-22 07:00:00,2025-08-22 07:00:00,117450.0
Korea,2025-08-22 08:00:00,2025-08-22 08:00:00,117270.0
Korea,2025-08-22 09:00:00,2025-08-22 09:00:00,119810.0
Korea,2025-08-22 10:00:00,2025-08-22 10:00:00,119850.0
Korea,2025-08-22 11:00:00,2025-08-22 11:00:00,121020.0
Korea,2025-08-22 12:00:00,2025-08-22 12:00:00,120240.0
Korea,2025-08-22 13:00:00,2025-08-22 13:00:00,122260.0
Korea,2025-08-22 14:00:00,2025-08-22 14:00:00,122300.0
Korea,2025-08-22 15:00:00,2025-08-22 15:00:00,128800.0
Korea,2025-08-22 16:00:00,2025-08-22 16:00:00,123000.0
Korea,2025-08-22 17:00:00,2025-08-22 17:00:00,122700.0
Korea,2025-08-22 18:00:00,2025-08-22 18:00:00,140050.0
Korea,2025-08-22 19:00:00,2025-08-22 19:00:00,136870.0
Korea,2025-08-22 20:00:00,2025-08-22 20:00:00,121720.0
Korea,2025-08-22 21:00:00,2025-08-22 21:00:00,119860.0
Korea,2025-08-22 22:00:00,2025-08-22 22:00:00,121650.0
Korea,2025-08-22 23:00:00,2025-08-22 23:00:00,121590.0
Korea,2025-08-23 00:00:00,2025-08-23 00:00:00,117470.0
Korea,2025-08-23 01:00:00,2025-08-23 01:00:00,112320.0
Korea,2025-08-23 02:00:00,2025-08-23 02:00:00,112320.0
Korea,2025-08-23 03:00:00,2025-08-23 03:00:00,84660.0
Korea,2025-08-23 04:00:00,2025-08-23 04:00:00,84660.0
Korea,2025-08-23 05:00:00,2025-08-23 05:00:00,84660.0
Korea,2025-08-23 06:00:00,2025-08-23 06:00:00,84660.0
Korea,2025-08-23 07:00:00,2025-08-23 07:00:00,114160.0
Korea,2025-08-23 08:00:00,2025-08-23 08:00:00,116000.0
Korea,2025-08-23 09:00:00,2025-08-23 09:00:00,116540.0
Korea,2025-08-23 10:00:00,2025-08-23 10:00:00,116800.0
Korea,2025-08-23 11:00:00,2025-08-23 11:00:00,116800.0
Korea,2025-08-23 12:00:00,2025-08-23 12:00:00,117310.0
Korea,2025-08-23 13:00:00,2025-08-23 13:00:00,117310.0
Korea,2025-08-23 14:00:00,2025-08-23 14:00:00,117310.0
Korea,2025-08-23 15:00:00,2025-08-23 15:00:00,117310.0
Korea,2025-08-23 16:00:00,2025-08-23 16:00:00,116800.0
Korea,2025-08-23 17:00:00,2025-08-23 17:00:00,117310.0
Korea,2025-08-23 18:00:00,2025-08-23 18:00:00,134480.0
Korea,2025-08-23 19:00:00,2025-08-23 19:00:00,134480.0
Korea,2025-08-23 20:00:00,2025-08-23 20:00:00,134480.0
Korea,2025-08-23 21:00:00,2025-08-23 21:00:00,121970.0
Korea,2025-08-23 22:00:00,2025-08-23 22:00:00,121970.0
Korea,2025-08-23 23:00:00,2025-08-23 23:00:00,121650.0
Korea,2025-08-24 00:00:00,2025-08-24 00:00:00,115130.0
Korea,2025-08-24 01:00:00,2025-08-24 01:00:00,115130.0
Korea,2025-08-24 02:00:00,2025-08-24 02:00:00,112770.0
Korea,2025-08-24 03:00:00,2025-08-24 03:00:00,115130.0
Korea,2025-08-24 04:00:00,2025-08-24 04:00:00,111440.0
Korea,2025-08-24 05:00:00,2025-08-24 05:00:00,109590.0
Korea,2025-08-24 06:00:00,2025-08-24 06:00:00,113280.0
Korea,2025-08-24 07:00:00,2025-08-24 07:00:00,115130.0
Korea,2025-08-24 08:00:00,2025-08-24 08:00:00,115130.0
Korea,2025-08-24 09:00:00,2025-08-24 09:00:00,117940.0
Korea,2025-08-24 10:00:00,2025-08-24 10:00:00,117770.0
Korea,2025-08-24 11:00:00,2025-08-24 11:00:00,117720.0
Korea,2025-08-24 12:00:00,2025-08-24 12:00:00,117720.0
Korea,2025-08-24 13:00:00,2025-08-24 13:00:00,117720.0
Korea,2025-08-24 14:00:00,2025-08-24 14:00:00,117720.0
Korea,2025-08-24 15:00:00,2025-08-24 15:00:00,117720.0
Korea,2025-08-24 16:00:00,2025-08-24 16:00:00,117720.0
Korea,2025-08-24 17:00:00,2025-08-24 17:00:00,117770.0
Korea,2025-08-24 18:00:00,2025-08-24 18:00:00,127680.0
Korea,2025-08-24 19:00:00,2025-08-24 19:00:00,128780.0
Korea,2025-08-24 20:00:00,2025-08-24 20:00:00,128780.0
Korea,2025-08-24 21:00:00,2025-08-24 21:00:00,123000.0
Korea,2025-08-24 22:00:00,2025-08-24 22:00:00,119970.0
Korea,2025-08-24 23:00:00,2025-08-24 23:00:00,118450.0
Korea,2025-08-25 00:00:00,2025-08-25 00:00:00,114660.0
Korea,2025-08-25 01:00:00,2025-08-25 01:00:00,84240.0
Korea,2025-08-25 02:00:00,2025-08-25 02:00:00,84240.0
Korea,2025-08-25 03:00:00,2025-08-25 03:00:00,84240.0
Korea,2025-08-25 04:00:00,2025-08-25 04:00:00,84240.0
Korea,2025-08-25 05:00:00,2025-08-25 05:00:00,84240.0
Korea,2025-08-25 06:00:00,2025-08-25 06:00:00,85950.0
Korea,2025-08-25 07:00:00,2025-08-25 07:00:00,118930.0
Korea,2025-08-25 08:00:00,2025-08-25 08:00:00,130180.0
Korea,2025-08-25 09:00:00,2025-08-25 09:00:00,130180.0
Korea,2025-08-25 10:00:00,2025-08-25 10:00:00,130180.0
Korea,2025-08-25 11:00:00,2025-08-25 11:00:00,130140.0
Korea,2025-08-25 12:00:00,2025-08-25 12:00:00,122790.0
Korea,2025-08-25 13:00:00,2025-08-25 13:00:00,130030.0
Korea,2025-08-25 14:00:00,2025-08-25 14:00:00,130140.0
Korea,2025-08-25 15:00:00,2025-08-25 15:00:00,130140.0
Korea,2025-08-25 16:00:00,2025-08-25 16:00:00,130140.0
Korea,2025-08-25 17:00:00,2025-08-25 17:00:00,130460.0
Korea,2025-08-25 18:00:00,2025-08-25 18:00:00,131690.0
Korea,2025-08-25 19:00:00,2025-08-25 19:00:00,131690.0
Korea,2025-08-25 20:00:00,2025-08-25 20:00:00,122770.0
Korea,2025-08-25 21:00:00,2025-08-25 21:00:00,120810.0
Korea,2025-08-25 22:00:00,2025-08-25 22:00:00,120770.0
Korea,2025-08-25 23:00:00,2025-08-25 23:00:00,120740.0
Korea,2025-08-26 00:00:00,2025-08-26 00:00:00,130340.0
Korea,2025-08-26 01:00:00,2025-08-26 01:00:00,113960.0
Korea,2025-08-26 02:00:00,2025-08-26 02:00:00,114720.0
Korea,2025-08-26 03:00:00,2025-08-26 03:00:00,114720.0
Korea,2025-08-26 04:00:00,2025-08-26 04:00:00,114720.0
Korea,2025-08-26 05:00:00,2025-08-26 05:00:00,114720.0
Korea,2025-08-26 06:00:00,2025-08-26 06:00:00,114720.0
Korea,2025-08-26 07:00:00,2025-08-26 07:00:00,116560.0
Korea,2025-08-26 08:00:00,2025-08-26 08:00:00,125480.0
Korea,2025-08-26 09:00:00,2025-08-26 09:00:00,120580.0
Korea,2025-08-26 10:00:00,2025-08-26 10:00:00,141830.0
Korea,2025-08-26 11:00:00,2025-08-26 11:00:00,141820.0
Korea,2025-08-26 12:00:00,2025-08-26 12:00:00,126610.0
Korea,2025-08-26 13:00:00,2025-08-26 13:00:00,141830.0
Korea,2025-08-26 14:00:00,2025-08-26 14:00:00,141830.0
Korea,2025-08-26 15:00:00,2025-08-26 15:00:00,158620.0
Korea,2025-08-26 16:00:00,2025-08-26 16:00:00,141830.0
Korea,2025-08-26 17:00:00,2025-08-26 17:00:00,130300.0
Korea,2025-08-26 18:00:00,2025-08-26 18:00:00,130300.0
Korea,2025-08-26 19:00:00,2025-08-26 19:00:00,130300.0
Korea,2025-08-26 20:00:00,2025-08-26 20:00:00,129230.0
Korea,2025-08-26 21:00:00,2025-08-26 21:00:00,119510.0
Korea,2025-08-26 22:00:00,2025-08-26 22:00:00,119510.0
Korea,2025-08-26 23:00:00,2025-08-26 23:00:00,120140.0
Korea,2025-08-27 00:00:00,2025-08-27 00:00:00,124210.0
Korea,2025-08-27 01:00:00,2025-08-27 01:00:00,110520.0
Korea,2025-08-27 02:00:00,2025-08-27 02:00:00,108680.0
Korea,2025-08-27 03:00:00,2025-08-27 03:00:00,90920.0
Korea,2025-08-27 04:00:00,2025-08-27 04:00:00,90940.0
Korea,2025-08-27 05:00:00,2025-08-27 05:00:00,108680.0
Korea,2025-08-27 06:00:00,2025-08-27 06:00:00,112360.0
Korea,2025-08-27 07:00:00,2025-08-27 07:00:00,116780.0
Korea,2025-08-27 08:00:00,2025-08-27 08:00:00,119350.0
Korea,2025-08-27 09:00:00,2025-08-27 09:00:00,119470.0
Korea,2025-08-27 10:00:00,2025-08-27 10:00:00,117530.0
Korea,2025-08-27 11:00:00,2025-08-27 11:00:00,119470.0
Korea,2025-08-27 12:00:00,2025-08-27 12:00:00,117030.0
Korea,2025-08-27 13:00:00,2025-08-27 13:00:00,120290.0
Korea,2025-08-27 14:00:00,2025-08-27 14:00:00,120090.0
Korea,2025-08-27 15:00:00,2025-08-27 15:00:00,120290.0
Korea,2025-08-27 16:00:00,2025-08-27 16:00:00,130730.0
Korea,2025-08-27 17:00:00,2025-08-27 17:00:00,130730.0
Korea,2025-08-27 18:00:00,2025-08-27 18:00:00,130730.0
Korea,2025-08-27 19:00:00,2025-08-27 19:00:00,129990.0
Korea,2025-08-27 20:00:00,2025-08-27 20:00:00,122910.0
Korea,2025-08-27 21:00:00,2025-08-27 21:00:00,122890.0
Korea,2025-08-27 22:00:00,2025-08-27 22:00:00,120800.0
Korea,2025-08-27 23:00:00,2025-08-27 23:00:00,120800.0
Korea,2025-08-28 00:00:00,2025-08-28 00:00:00,124400.0
Korea,2025-08-28 01:00:00,2025-08-28 01:00:00,111330.0
Korea,2025-08-28 02:00:00,2025-08-28 02:00:00,109490.0
Korea,2025-08-28 03:00:00,2025-08-28 03:00:00,109490.0
Korea,2025-08-28 04:00:00,2025-08-28 04:00:00,109490.0
Korea,2025-08-28 05:00:00,2025-08-28 05:00:00,109490.0
Korea,2025-08-28 06:00:00,2025-08-28 06:00:00,113170.0
Korea,2025-08-28 07:00:00,2025-08-28 07:00:00,115000.0
Korea,2025-08-28 08:00:00,2025-08-28 08:00:00,118800.0
Korea,2025-08-28 09:00:00,2025-08-28 09:00:00,121390.0
Korea,2025-08-28 10:00:00,2025-08-28 10:00:00,121390.0
Korea,2025-08-28 11:00:00,2025-08-28 11:00:00,119010.0
Korea,2025-08-28 12:00:00,2025-08-28 12:00:00,125170.0
Korea,2025-08-28 13:00:00,2025-08-28 13:00:00,120810.0
Korea,2025-08-28 14:00:00,2025-08-28 14:00:00,121390.0
Korea,2025-08-28 15:00:00,2025-08-28 15:00:00,130570.0
Korea,2025-08-28 16:00:00,2025-08-28 16:00:00,130590.0
Korea,2025-08-28 17:00:00,2025-08-28 17:00:00,130590.0
Korea,2025-08-28 18:00:00,2025-08-28 18:00:00,130930.0
Korea,2025-08-28 19:00:00,2025-08-28 19:00:00,130930.0
Korea,2025-08-28 20:00:00,2025-08-28 20:00:00,124160.0
Korea,2025-08-28 21:00:00,2025-08-28 21:00:00,119020.0
Korea,2025-08-28 22:00:00,2025-08-28 22:00:00,118900.0
Korea,2025-08-28 23:00:00,2025-08-28 23:00:00,118700.0
Korea,2025-08-29 00:00:00,2025-08-29 00:00:00,125680.0
Korea,2025-08-29 01:00:00,2025-08-29 01:00:00,110500.0
Korea,2025-08-29 02:00:00,2025-08-29 02:00:00,108810.0
Korea,2025-08-29 03:00:00,2025-08-29 03:00:00,108810.0
Korea,2025-08-29 04:00:00,2025-08-29 04:00:00,108810.0
Korea,2025-08-29 05:00:00,2025-08-29 05:00:00,108810.0
Korea,2025-08-29 06:00:00,2025-08-29 06:00:00,112340.0
Korea,2025-08-29 07:00:00,2025-08-29 07:00:00,117490.0
Korea,2025-08-29 08:00:00,2025-08-29 08:00:00,118200.0
Korea,2025-08-29 09:00:00,2025-08-29 09:00:00,122770.0
Korea,2025-08-29 10:00:00,2025-08-29 10:00:00,122190.0
Korea,2025-08-29 11:00:00,2025-08-29 11:00:00,125720.0
Korea,2025-08-29 12:00:00,2025-08-29 12:00:00,125720.0
Korea,2025-08-29 13:00:00,2025-08-29 13:00:00,125720.0
Korea,2025-08-29 14:00:00,2025-08-29 14:00:00,149800.0
Korea,2025-08-29 15:00:00,2025-08-29 15:00:00,154080.0
Korea,2025-08-29 16:00:00,2025-08-29 16:00:00,131370.0
Korea,2025-08-29 17:00:00,2025-08-29 17:00:00,121230.0
Korea,2025-08-29 18:00:00,2025-08-29 18:00:00,129700.0
Korea,2025-08-29 19:00:00,2025-08-29 19:00:00,129700.0
Korea,2025-08-29 20:00:00,2025-08-29 20:00:00,121270.0
Korea,2025-08-29 21:00:00,2025-08-29 21:00:00,120380.0
Korea,2025-08-29 22:00:00,2025-08-29 22:00:00,120270.0
Korea,2025-08-29 23:00:00,2025-08-29 23:00:00,120270.0
Korea,2025-08-30 00:00:00,2025-08-30 00:00:00,123260.0
Korea,2025-08-30 01:00:00,2025-08-30 01:00:00,123160.0
Korea,2025-08-30 02:00:00,2025-08-30 02:00:00,104240.0
Korea,2025-08-30 03:00:00,2025-08-30 03:00:00,100350.0
Korea,2025-08-30 04:00:00,2025-08-30 04:00:00,88520.0
Korea,2025-08-30 05:00:00,2025-08-30 05:00:00,88520.0
Korea,2025-08-30 06:00:00,2025-08-30 06:00:00,100350.0
Korea,2025-08-30 07:00:00,2025-08-30 07:00:00,100720.0
Korea,2025-08-30 08:00:00,2025-08-30 08:00:00,101230.0
Korea,2025-08-30 09:00:00,2025-08-30 09:00:00,105410.0
Korea,2025-08-30 10:00:00,2025-08-30 10:00:00,116900.0
Korea,2025-08-30 11:00:00,2025-08-30 11:00:00,116910.0
Korea,2025-08-30 12:00:00,2025-08-30 12:00:00,116910.0
Korea,2025-08-30 13:00:00,2025-08-30 13:00:00,116910.0
Korea,2025-08-30 14:00:00,2025-08-30 14:00:00,116900.0
Korea,2025-08-30 15:00:00,2025-08-30 15:00:00,113290.0
Korea,2025-08-30 16:00:00,2025-08-30 16:00:00,133800.0
Korea,2025-08-30 17:00:00,2025-08-30 17:00:00,134130.0
Korea,2025-08-30 18:00:00,2025-08-30 18:00:00,134130.0
Korea,2025-08-30 19:00:00,2025-08-30 19:00:00,134130.0
Korea,2025-08-30 20:00:00,2025-08-30 20:00:00,151150.0
Korea,2025-08-30 21:00:00,2025-08-30 21:00:00,123300.0
Korea,2025-08-30 22:00:00,2025-08-30 22:00:00,121110.0
Korea,2025-08-30 23:00:00,2025-08-30 23:00:00,120790.0
Korea,2025-08-31 00:00:00,2025-08-31 00:00:00,117640.0
Korea,2025-08-31 01:00:00,2025-08-31 01:00:00,116550.0
Korea,2025-08-31 02:00:00,2025-08-31 02:00:00,84790.0
Korea,2025-08-31 03:00:00,2025-08-31 03:00:00,84790.0
Korea,2025-08-31 04:00:00,2025-08-31 04:00:00,84790.0
Korea,2025-08-31 05:00:00,2025-08-31 05:00:00,84790.0
Korea,2025-08-31 06:00:00,2025-08-31 06:00:00,84790.0
Korea,2025-08-31 07:00:00,2025-08-31 07:00:00,84790.0
Korea,2025-08-31 08:00:00,2025-08-31 08:00:00,117640.0
Korea,2025-08-31 09:00:00,2025-08-31 09:00:00,120740.0
Korea,2025-08-31 10:00:00,2025-08-31 10:00:00,119480.0
Korea,2025-08-31 11:00:00,2025-08-31 11:00:00,120450.0
Korea,2025-08-31 12:00:00,2025-08-31 12:00:00,120450.0
Korea,2025-08-31 13:00:00,2025-08-31 13:00:00,120280.0
Korea,2025-08-31 14:00:00,2025-08-31 14:00:00,120230.0
Korea,2025-08-31 15:00:00,2025-08-31 15:00:00,120280.0
Korea,2025-08-31 16:00:00,2025-08-31 16:00:00,120280.0
Korea,2025-08-31 17:00:00,2025-08-31 17:00:00,120450.0
Korea,2025-08-31 18:00:00,2025-08-31 18:00:00,121860.0
Korea,2025-08-31 19:00:00,2025-08-31 19:00:00,122130.0
Korea,2025-08-31 20:00:00,2025-08-31 20:00:00,122130.0
Korea,2025-08-31 21:00:00,2025-08-31 21:00:00,121800.0
Korea,2025-08-31 22:00:00,2025-08-31 22:00:00,120960.0
Korea,2025-08-31 23:00:00,2025-08-31 23:00:00,117640.0
Korea,2025-09-01 00:00:00,2025-09-01 00:00:00,119830.0
Korea,2025-09-01 01:00:00,2025-09-01 01:00:00,74990.0
Korea,2025-09-01 02:00:00,2025-09-01 02:00:00,74990.0
Korea,2025-09-01 03:00:00,2025-09-01 03:00:00,74990.0
Korea,2025-09-01 04:00:00,2025-09-01 04:00:00,74990.0
Korea,2025-09-01 05:00:00,2025-09-01 05:00:00,74990.0
Korea,2025-09-01 06:00:00,2025-09-01 06:00:00,91740.0
Korea,2025-09-01 07:00:00,2025-09-01 07:00:00,121780.0
Korea,2025-09-01 08:00:00,2025-09-01 08:00:00,128980.0
Korea,2025-09-01 09:00:00,2025-09-01 09:00:00,128980.0
Korea,2025-09-01 10:00:00,2025-09-01 10:00:00,128980.0
Korea,2025-09-01 11:00:00,2025-09-01 11:00:00,128980.0
Korea,2025-09-01 12:00:00,2025-09-01 12:00:00,128500.0
Korea,2025-09-01 13:00:00,2025-09-01 13:00:00,128500.0
Korea,2025-09-01 14:00:00,2025-09-01 14:00:00,128500.0
Korea,2025-09-01 15:00:00,2025-09-01 15:00:00,137900.0
Korea,2025-09-01 16:00:00,2025-09-01 16:00:00,150740.0
Korea,2025-09-01 17:00:00,2025-09-01 17:00:00,150740.0
Korea,2025-09-01 18:00:00,2025-09-01 18:00:00,152400.0
Korea,2025-09-01 19:00:00,2025-09-01 19:00:00,152400.0
Korea,2025-09-01 20:00:00,2025-09-01 20:00:00,129600.0
Korea,2025-09-01 21:00:00,2025-09-01 21:00:00,129510.0
Korea,2025-09-01 22:00:00,2025-09-01 22:00:00,128980.0
Korea,2025-09-01 23:00:00,2025-09-01 23:00:00,128980.0
Korea,2025-09-02 00:00:00,2025-09-02 00:00:00,120560.0
Korea,2025-09-02 01:00:00,2025-09-02 01:00:00,91500.0
Korea,2025-09-02 02:00:00,2025-09-02 02:00:00,91500.0
Korea,2025-09-02 03:00:00,2025-09-02 03:00:00,91500.0
Korea,2025-09-02 04:00:00,2025-09-02 04:00:00,91500.0
Korea,2025-09-02 05:00:00,2025-09-02 05:00:00,91500.0
Korea,2025-09-02 06:00:00,2025-09-02 06:00:00,91850.0
Korea,2025-09-02 07:00:00,2025-09-02 07:00:00,122510.0
Korea,2025-09-02 08:00:00,2025-09-02 08:00:00,129950.0
Korea,2025-09-02 09:00:00,2025-09-02 09:00:00,129770.0
Korea,2025-09-02 10:00:00,2025-09-02 10:00:00,129710.0
Korea,2025-09-02 11:00:00,2025-09-02 11:00:00,129530.0
Korea,2025-09-02 12:00:00,2025-09-02 12:00:00,129410.0
Korea,2025-09-02 13:00:00,2025-09-02 13:00:00,129230.0
Korea,2025-09-02 14:00:00,2025-09-02 14:00:00,129230.0
Korea,2025-09-02 15:00:00,2025-09-02 15:00:00,129230.0
Korea,2025-09-02 16:00:00,2025-09-02 16:00:00,138590.0
Korea,2025-09-02 17:00:00,2025-09-02 17:00:00,130320.0
Korea,2025-09-02 18:00:00,2025-09-02 18:00:00,138610.0
Korea,2025-09-02 19:00:00,2025-09-02 19:00:00,137430.0
Korea,2025-09-02 20:00:00,2025-09-02 20:00:00,129950.0
Korea,2025-09-02 21:00:00,2025-09-02 21:00:00,129950.0
Korea,2025-09-02 22:00:00,2025-09-02 22:00:00,130130.0
Korea,2025-09-02 23:00:00,2025-09-02 23:00:00,127420.0
Korea,2025-09-03 00:00:00,2025-09-03 00:00:00,120780.0
Korea,2025-09-03 01:00:00,2025-09-03 01:00:00,94020.0
Korea,2025-09-03 02:00:00,2025-09-03 02:00:00,94020.0
Korea,2025-09-03 03:00:00,2025-09-03 03:00:00,94020.0
Korea,2025-09-03 04:00:00,2025-09-03 04:00:00,94020.0
Korea,2025-09-03 05:00:00,2025-09-03 05:00:00,94020.0
Korea,2025-09-03 06:00:00,2025-09-03 06:00:00,94020.0
Korea,2025-09-03 07:00:00,2025-09-03 07:00:00,120780.0
Korea,2025-09-03 08:00:00,2025-09-03 08:00:00,128210.0
Korea,2025-09-03 09:00:00,2025-09-03 09:00:00,127970.0
Korea,2025-09-03 10:00:00,2025-09-03 10:00:00,127790.0
Korea,2025-09-03 11:00:00,2025-09-03 11:00:00,127670.0
Korea,2025-09-03 12:00:00,2025-09-03 12:00:00,127490.0
Korea,2025-09-03 13:00:00,2025-09-03 13:00:00,127490.0
Korea,2025-09-03 14:00:00,2025-09-03 14:00:00,128590.0
Korea,2025-09-03 15:00:00,2025-09-03 15:00:00,137560.0
Korea,2025-09-03 16:00:00,2025-09-03 16:00:00,136070.0
Korea,2025-09-03 17:00:00,2025-09-03 17:00:00,136910.0
Korea,2025-09-03 18:00:00,2025-09-03 18:00:00,149140.0
Korea,2025-09-03 19:00:00,2025-09-03 19:00:00,157480.0
Korea,2025-09-03 20:00:00,2025-09-03 20:00:00,134140.0
Korea,2025-09-03 21:00:00,2025-09-03 21:00:00,129550.0
Korea,2025-09-03 22:00:00,2025-09-03 22:00:00,128390.0
Korea,2025-09-03 23:00:00,2025-09-03 23:00:00,128390.0
Korea,2025-09-04 00:00:00,2025-09-04 00:00:00,123710.0
Korea,2025-09-04 01:00:00,2025-09-04 01:00:00,92210.0
Korea,2025-09-04 02:00:00,2025-09-04 02:00:00,87430.0
Korea,2025-09-04 03:00:00,2025-09-04 03:00:00,88090.0
Korea,2025-09-04 04:00:00,2025-09-04 04:00:00,88090.0
Korea,2025-09-04 05:00:00,2025-09-04 05:00:00,88090.0
Korea,2025-09-04 06:00:00,2025-09-04 06:00:00,121750.0
Korea,2025-09-04 07:00:00,2025-09-04 07:00:00,121750.0
Korea,2025-09-04 08:00:00,2025-09-04 08:00:00,131380.0
Korea,2025-09-04 09:00:00,2025-09-04 09:00:00,131320.0
Korea,2025-09-04 10:00:00,2025-09-04 10:00:00,131320.0
Korea,2025-09-04 11:00:00,2025-09-04 11:00:00,131140.0
Korea,2025-09-04 12:00:00,2025-09-04 12:00:00,130960.0
Korea,2025-09-04 13:00:00,2025-09-04 13:00:00,130960.0
Korea,2025-09-04 14:00:00,2025-09-04 14:00:00,130960.0
Korea,2025-09-04 15:00:00,2025-09-04 15:00:00,130900.0
Korea,2025-09-04 16:00:00,2025-09-04 16:00:00,137730.0
Korea,2025-09-04 17:00:00,2025-09-04 17:00:00,130900.0
Korea,2025-09-04 18:00:00,2025-09-04 18:00:00,137730.0
Korea,2025-09-04 19:00:00,2025-09-04 19:00:00,137320.0
Korea,2025-09-04 20:00:00,2025-09-04 20:00:00,136150.0
Korea,2025-09-04 21:00:00,2025-09-04 21:00:00,131320.0
Korea,2025-09-04 22:00:00,2025-09-04 22:00:00,131170.0
Korea,2025-09-04 23:00:00,2025-09-04 23:00:00,127240.0
Korea,2025-09-05 00:00:00,2025-09-05 00:00:00,122410.0
Korea,2025-09-05 01:00:00,2025-09-05 01:00:00,91560.0
Korea,2025-09-05 02:00:00,2025-09-05 02:00:00,91500.0
Korea,2025-09-05 03:00:00,2025-09-05 03:00:00,91500.0
Korea,2025-09-05 04:00:00,2025-09-05 04:00:00,91500.0
Korea,2025-09-05 05:00:00,2025-09-05 05:00:00,121150.0
Korea,2025-09-05 06:00:00,2025-09-05 06:00:00,121150.0
Korea,2025-09-05 07:00:00,2025-09-05 07:00:00,122280.0
Korea,2025-09-05 08:00:00,2025-09-05 08:00:00,130540.0
Korea,2025-09-05 09:00:00,2025-09-05 09:00:00,130300.0
Korea,2025-09-05 10:00:00,2025-09-05 10:00:00,130120.0
Korea,2025-09-05 11:00:00,2025-09-05 11:00:00,130000.0
Korea,2025-09-05 12:00:00,2025-09-05 12:00:00,133160.0
Korea,2025-09-05 13:00:00,2025-09-05 13:00:00,139280.0
Korea,2025-09-05 14:00:00,2025-09-05 14:00:00,139380.0
Korea,2025-09-05 15:00:00,2025-09-05 15:00:00,139260.0
Korea,2025-09-05 16:00:00,2025-09-05 16:00:00,139280.0
Korea,2025-09-05 17:00:00,2025-09-05 17:00:00,130240.0
Korea,2025-09-05 18:00:00,2025-09-05 18:00:00,138380.0
Korea,2025-09-05 19:00:00,2025-09-05 19:00:00,136790.0
Korea,2025-09-05 20:00:00,2025-09-05 20:00:00,130300.0
Korea,2025-09-05 21:00:00,2025-09-05 21:00:00,130360.0
Korea,2025-09-05 22:00:00,2025-09-05 22:00:00,130540.0
Korea,2025-09-05 23:00:00,2025-09-05 23:00:00,126620.0
Korea,2025-09-06 00:00:00,2025-09-06 00:00:00,130180.0
Korea,2025-09-06 01:00:00,2025-09-06 01:00:00,98870.0
Korea,2025-09-06 02:00:00,2025-09-06 02:00:00,91810.0
Korea,2025-09-06 03:00:00,2025-09-06 03:00:00,91810.0
Korea,2025-09-06 04:00:00,2025-09-06 04:00:00,91810.0
Korea,2025-09-06 05:00:00,2025-09-06 05:00:00,91810.0
Korea,2025-09-06 06:00:00,2025-09-06 06:00:00,91810.0
Korea,2025-09-06 07:00:00,2025-09-06 07:00:00,91950.0
Korea,2025-09-06 08:00:00,2025-09-06 08:00:00,125100.0
Korea,2025-09-06 09:00:00,2025-09-06 09:00:00,134960.0
Korea,2025-09-06 10:00:00,2025-09-06 10:00:00,131620.0
Korea,2025-09-06 11:00:00,2025-09-06 11:00:00,134900.0
Korea,2025-09-06 12:00:00,2025-09-06 12:00:00,134720.0
Korea,2025-09-06 13:00:00,2025-09-06 13:00:00,134720.0
Korea,2025-09-06 14:00:00,2025-09-06 14:00:00,133390.0
Korea,2025-09-06 15:00:00,2025-09-06 15:00:00,129670.0
Korea,2025-09-06 16:00:00,2025-09-06 16:00:00,140390.0
Korea,2025-09-06 17:00:00,2025-09-06 17:00:00,134900.0
Korea,2025-09-06 18:00:00,2025-09-06 18:00:00,134900.0
Korea,2025-09-06 19:00:00,2025-09-06 19:00:00,135100.0
Korea,2025-09-06 20:00:00,2025-09-06 20:00:00,135140.0
Korea,2025-09-06 21:00:00,2025-09-06 21:00:00,135140.0
Korea,2025-09-06 22:00:00,2025-09-06 22:00:00,127720.0
Korea,2025-09-06 23:00:00,2025-09-06 23:00:00,123990.0
Korea,2025-09-07 00:00:00,2025-09-07 00:00:00,131380.0
Korea,2025-09-07 01:00:00,2025-09-07 01:00:00,76060.0
Korea,2025-09-07 02:00:00,2025-09-07 02:00:00,74640.0
Korea,2025-09-07 03:00:00,2025-09-07 03:00:00,74780.0
Korea,2025-09-07 04:00:00,2025-09-07 04:00:00,74510.0
Korea,2025-09-07 05:00:00,2025-09-07 05:00:00,73920.0
Korea,2025-09-07 06:00:00,2025-09-07 06:00:00,73920.0
Korea,2025-09-07 07:00:00,2025-09-07 07:00:00,73920.0
Korea,2025-09-07 08:00:00,2025-09-07 08:00:00,74730.0
Korea,2025-09-07 09:00:00,2025-09-07 09:00:00,136930.0
Korea,2025-09-07 10:00:00,2025-09-07 10:00:00,94130.0
Korea,2025-09-07 11:00:00,2025-09-07 11:00:00,137090.0
Korea,2025-09-07 12:00:00,2025-09-07 12:00:00,138890.0
Korea,2025-09-07 13:00:00,2025-09-07 13:00:00,138890.0
Korea,2025-09-07 14:00:00,2025-09-07 14:00:00,138890.0
Korea,2025-09-07 15:00:00,2025-09-07 15:00:00,138890.0
Korea,2025-09-07 16:00:00,2025-09-07 16:00:00,138890.0
Korea,2025-09-07 17:00:00,2025-09-07 17:00:00,138890.0
Korea,2025-09-07 18:00:00,2025-09-07 18:00:00,138890.0
Korea,2025-09-07 19:00:00,2025-09-07 19:00:00,138890.0
Korea,2025-09-07 20:00:00,2025-09-07 20:00:00,138890.0
Korea,2025-09-07 21:00:00,2025-09-07 21:00:00,138890.0
Korea,2025-09-07 22:00:00,2025-09-07 22:00:00,136930.0
Korea,2025-09-07 23:00:00,2025-09-07 23:00:00,93540.0
Korea,2025-09-08 00:00:00,2025-09-08 00:00:00,71600.0
Korea,2025-09-08 01:00:00,2025-09-08 01:00:00,71280.0
Korea,2025-09-08 02:00:00,2025-09-08 02:00:00,71310.0
Korea,2025-09-08 03:00:00,2025-09-08 03:00:00,71280.0
Korea,2025-09-08 04:00:00,2025-09-08 04:00:00,71280.0
Korea,2025-09-08 05:00:00,2025-09-08 05:00:00,71280.0
Korea,2025-09-08 06:00:00,2025-09-08 06:00:00,71600.0
Korea,2025-09-08 07:00:00,2025-09-08 07:00:00,123680.0
Korea,2025-09-08 08:00:00,2025-09-08 08:00:00,129550.0
Korea,2025-09-08 09:00:00,2025-09-08 09:00:00,133130.0
Korea,2025-09-08 10:00:00,2025-09-08 10:00:00,133130.0
Korea,2025-09-08 11:00:00,2025-09-08 11:00:00,133130.0
Korea,2025-09-08 12:00:00,2025-09-08 12:00:00,132350.0
Korea,2025-09-08 13:00:00,2025-09-08 13:00:00,132350.0
Korea,2025-09-08 14:00:00,2025-09-08 14:00:00,132350.0
Korea,2025-09-08 15:00:00,2025-09-08 15:00:00,145870.0
Korea,2025-09-08 16:00:00,2025-09-08 16:00:00,138220.0
Korea,2025-09-08 17:00:00,2025-09-08 17:00:00,132350.0
Korea,2025-09-08 18:00:00,2025-09-08 18:00:00,136890.0
Korea,2025-09-08 19:00:00,2025-09-08 19:00:00,138220.0
Korea,2025-09-08 20:00:00,2025-09-08 20:00:00,133130.0
Korea,2025-09-08 21:00:00,2025-09-08 21:00:00,133130.0
Korea,2025-09-08 22:00:00,2025-09-08 22:00:00,133130.0
Korea,2025-09-08 23:00:00,2025-09-08 23:00:00,123680.0
Korea,2025-09-09 00:00:00,2025-09-09 00:00:00,93490.0
Korea,2025-09-09 01:00:00,2025-09-09 01:00:00,75570.0
Korea,2025-09-09 02:00:00,2025-09-09 02:00:00,75220.0
Korea,2025-09-09 03:00:00,2025-09-09 03:00:00,75570.0
Korea,2025-09-09 04:00:00,2025-09-09 04:00:00,74910.0
Korea,2025-09-09 05:00:00,2025-09-09 05:00:00,74910.0
Korea,2025-09-09 06:00:00,2025-09-09 06:00:00,92360.0
Korea,2025-09-09 07:00:00,2025-09-09 07:00:00,125210.0
Korea,2025-09-09 08:00:00,2025-09-09 08:00:00,131080.0
Korea,2025-09-09 09:00:00,2025-09-09 09:00:00,139930.0
Korea,2025-09-09 10:00:00,2025-09-09 10:00:00,139930.0
Korea,2025-09-09 11:00:00,2025-09-09 11:00:00,132400.0
Korea,2025-09-09 12:00:00,2025-09-09 12:00:00,132220.0
Korea,2025-09-09 13:00:00,2025-09-09 13:00:00,132220.0
Korea,2025-09-09 14:00:00,2025-09-09 14:00:00,132220.0
Korea,2025-09-09 15:00:00,2025-09-09 15:00:00,132220.0
Korea,2025-09-09 16:00:00,2025-09-09 16:00:00,138460.0
Korea,2025-09-09 17:00:00,2025-09-09 17:00:00,138460.0
Korea,2025-09-09 18:00:00,2025-09-09 18:00:00,132640.0
Korea,2025-09-09 19:00:00,2025-09-09 19:00:00,132880.0
Korea,2025-09-09 20:00:00,2025-09-09 20:00:00,132880.0
Korea,2025-09-09 21:00:00,2025-09-09 21:00:00,133060.0
Korea,2025-09-09 22:00:00,2025-09-09 22:00:00,132110.0
Korea,2025-09-09 23:00:00,2025-09-09 23:00:00,123260.0
Korea,2025-09-10 00:00:00,2025-09-10 00:00:00,120490.0
Korea,2025-09-10 01:00:00,2025-09-10 01:00:00,74760.0
Korea,2025-09-10 02:00:00,2025-09-10 02:00:00,74040.0
Korea,2025-09-10 03:00:00,2025-09-10 03:00:00,74040.0
Korea,2025-09-10 04:00:00,2025-09-10 04:00:00,74040.0
Korea,2025-09-10 05:00:00,2025-09-10 05:00:00,74040.0
Korea,2025-09-10 06:00:00,2025-09-10 06:00:00,91660.0
Korea,2025-09-10 07:00:00,2025-09-10 07:00:00,120490.0
Korea,2025-09-10 08:00:00,2025-09-10 08:00:00,122440.0
Korea,2025-09-10 09:00:00,2025-09-10 09:00:00,129880.0
Korea,2025-09-10 10:00:00,2025-09-10 10:00:00,129690.0
Korea,2025-09-10 11:00:00,2025-09-10 11:00:00,129630.0
Korea,2025-09-10 12:00:00,2025-09-10 12:00:00,129450.0
Korea,2025-09-10 13:00:00,2025-09-10 13:00:00,129330.0
Korea,2025-09-10 14:00:00,2025-09-10 14:00:00,129330.0
Korea,2025-09-10 15:00:00,2025-09-10 15:00:00,129330.0
Korea,2025-09-10 16:00:00,2025-09-10 16:00:00,129820.0
Korea,2025-09-10 17:00:00,2025-09-10 17:00:00,129850.0
Korea,2025-09-10 18:00:00,2025-09-10 18:00:00,131910.0
Korea,2025-09-10 19:00:00,2025-09-10 19:00:00,131910.0
Korea,2025-09-10 20:00:00,2025-09-10 20:00:00,130120.0
Korea,2025-09-10 21:00:00,2025-09-10 21:00:00,130300.0
Korea,2025-09-10 22:00:00,2025-09-10 22:00:00,123970.0
Korea,2025-09-10 23:00:00,2025-09-10 23:00:00,93690.0
Korea,2025-09-11 00:00:00,2025-09-11 00:00:00,93670.0
Korea,2025-09-11 01:00:00,2025-09-11 01:00:00,75610.0
Korea,2025-09-11 02:00:00,2025-09-11 02:00:00,74190.0
Korea,2025-09-11 03:00:00,2025-09-11 03:00:00,74190.0
Korea,2025-09-11 04:00:00,2025-09-11 04:00:00,74190.0
Korea,2025-09-11 05:00:00,2025-09-11 05:00:00,74190.0
Korea,2025-09-11 06:00:00,2025-09-11 06:00:00,76980.0
Korea,2025-09-11 07:00:00,2025-09-11 07:00:00,125320.0
Korea,2025-09-11 08:00:00,2025-09-11 08:00:00,127270.0
Korea,2025-09-11 09:00:00,2025-09-11 09:00:00,127270.0
Korea,2025-09-11 10:00:00,2025-09-11 10:00:00,132480.0
Korea,2025-09-11 11:00:00,2025-09-11 11:00:00,125320.0
Korea,2025-09-11 12:00:00,2025-09-11 12:00:00,125320.0
Korea,2025-09-11 13:00:00,2025-09-11 13:00:00,134160.0
Korea,2025-09-11 14:00:00,2025-09-11 14:00:00,133980.0
Korea,2025-09-11 15:00:00,2025-09-11 15:00:00,134160.0
Korea,2025-09-11 16:00:00,2025-09-11 16:00:00,127280.0
Korea,2025-09-11 17:00:00,2025-09-11 17:00:00,134280.0
Korea,2025-09-11 18:00:00,2025-09-11 18:00:00,134520.0
Korea,2025-09-11 19:00:00,2025-09-11 19:00:00,134710.0
Korea,2025-09-11 20:00:00,2025-09-11 20:00:00,134890.0
Korea,2025-09-11 21:00:00,2025-09-11 21:00:00,127270.0
Korea,2025-09-11 22:00:00,2025-09-11 22:00:00,125320.0
Korea,2025-09-11 23:00:00,2025-09-11 23:00:00,115530.0
Korea,2025-09-12 00:00:00,2025-09-12 00:00:00,92400.0
Korea,2025-09-12 01:00:00,2025-09-12 01:00:00,74490.0
Korea,2025-09-12 02:00:00,2025-09-12 02:00:00,74490.0
Korea,2025-09-12 03:00:00,2025-09-12 03:00:00,74490.0
Korea,2025-09-12 04:00:00,2025-09-12 04:00:00,74490.0
Korea,2025-09-12 05:00:00,2025-09-12 05:00:00,74490.0
Korea,2025-09-12 06:00:00,2025-09-12 06:00:00,75200.0
Korea,2025-09-12 07:00:00,2025-09-12 07:00:00,126120.0
Korea,2025-09-12 08:00:00,2025-09-12 08:00:00,126120.0
Korea,2025-09-12 09:00:00,2025-09-12 09:00:00,133790.0
Korea,2025-09-12 10:00:00,2025-09-12 10:00:00,133730.0
Korea,2025-09-12 11:00:00,2025-09-12 11:00:00,133550.0
Korea,2025-09-12 12:00:00,2025-09-12 12:00:00,133550.0
Korea,2025-09-12 13:00:00,2025-09-12 13:00:00,133370.0
Korea,2025-09-12 14:00:00,2025-09-12 14:00:00,141510.0
Korea,2025-09-12 15:00:00,2025-09-12 15:00:00,154680.0
Korea,2025-09-12 16:00:00,2025-09-12 16:00:00,143650.0
Korea,2025-09-12 17:00:00,2025-09-12 17:00:00,133790.0
Korea,2025-09-12 18:00:00,2025-09-12 18:00:00,133790.0
Korea,2025-09-12 19:00:00,2025-09-12 19:00:00,133970.0
Korea,2025-09-12 20:00:00,2025-09-12 20:00:00,134090.0
Korea,2025-09-12 21:00:00,2025-09-12 21:00:00,131540.0
Korea,2025-09-12 22:00:00,2025-09-12 22:00:00,126120.0
Korea,2025-09-12 23:00:00,2025-09-12 23:00:00,124080.0
Korea,2025-09-13 00:00:00,2025-09-13 00:00:00,90890.0
Korea,2025-09-13 01:00:00,2025-09-13 01:00:00,74540.0
Korea,2025-09-13 02:00:00,2025-09-13 02:00:00,71630.0
Korea,2025-09-13 03:00:00,2025-09-13 03:00:00,71630.0
Korea,2025-09-13 04:00:00,2025-09-13 04:00:00,71630.0
Korea,2025-09-13 05:00:00,2025-09-13 05:00:00,71630.0
Korea,2025-09-13 06:00:00,2025-09-13 06:00:00,71630.0
Korea,2025-09-13 07:00:00,2025-09-13 07:00:00,71630.0
Korea,2025-09-13 08:00:00,2025-09-13 08:00:00,77080.0
Korea,2025-09-13 09:00:00,2025-09-13 09:00:00,137590.0
Korea,2025-09-13 10:00:00,2025-09-13 10:00:00,139000.0
Korea,2025-09-13 11:00:00,2025-09-13 11:00:00,163420.0
Korea,2025-09-13 12:00:00,2025-09-13 12:00:00,102820.0
Korea,2025-09-13 13:00:00,2025-09-13 13:00:00,137230.0
Korea,2025-09-13 14:00:00,2025-09-13 14:00:00,139000.0
Korea,2025-09-13 15:00:00,2025-09-13 15:00:00,139000.0
Korea,2025-09-13 16:00:00,2025-09-13 16:00:00,139000.0
Korea,2025-09-13 17:00:00,2025-09-13 17:00:00,139000.0
Korea,2025-09-13 18:00:00,2025-09-13 18:00:00,139000.0
Korea,2025-09-13 19:00:00,2025-09-13 19:00:00,139000.0
Korea,2025-09-13 20:00:00,2025-09-13 20:00:00,139000.0
Korea,2025-09-13 21:00:00,2025-09-13 21:00:00,125690.0
Korea,2025-09-13 22:00:00,2025-09-13 22:00:00,89870.0
Korea,2025-09-13 23:00:00,2025-09-13 23:00:00,84230.0
Korea,2025-09-14 00:00:00,2025-09-14 00:00:00,77230.0
Korea,2025-09-14 01:00:00,2025-09-14 01:00:00,75680.0
Korea,2025-09-14 02:00:00,2025-09-14 02:00:00,71860.0
Korea,2025-09-14 03:00:00,2025-09-14 03:00:00,70760.0
Korea,2025-09-14 04:00:00,2025-09-14 04:00:00,70760.0
Korea,2025-09-14 05:00:00,2025-09-14 05:00:00,70760.0
Korea,2025-09-14 06:00:00,2025-09-14 06:00:00,71860.0
Korea,2025-09-14 07:00:00,2025-09-14 07:00:00,71860.0
Korea,2025-09-14 08:00:00,2025-09-14 08:00:00,70760.0
Korea,2025-09-14 09:00:00,2025-09-14 09:00:00,93590.0
Korea,2025-09-14 10:00:00,2025-09-14 10:00:00,101140.0
Korea,2025-09-14 11:00:00,2025-09-14 11:00:00,101120.0
Korea,2025-09-14 12:00:00,2025-09-14 12:00:00,101120.0
Korea,2025-09-14 13:00:00,2025-09-14 13:00:00,101120.0
Korea,2025-09-14 14:00:00,2025-09-14 14:00:00,101110.0
Korea,2025-09-14 15:00:00,2025-09-14 15:00:00,101120.0
Korea,2025-09-14 16:00:00,2025-09-14 16:00:00,101130.0
Korea,2025-09-14 17:00:00,2025-09-14 17:00:00,101140.0
Korea,2025-09-14 18:00:00,2025-09-14 18:00:00,101150.0
Korea,2025-09-14 19:00:00,2025-09-14 19:00:00,101150.0
Korea,2025-09-14 20:00:00,2025-09-14 20:00:00,100820.0
Korea,2025-09-14 21:00:00,2025-09-14 21:00:00,96080.0
Korea,2025-09-14 22:00:00,2025-09-14 22:00:00,93190.0
Korea,2025-09-14 23:00:00,2025-09-14 23:00:00,85510.0
Korea,2025-09-15 00:00:00,2025-09-15 00:00:00,71800.0
Korea,2025-09-15 01:00:00,2025-09-15 01:00:00,71320.0
Korea,2025-09-15 02:00:00,2025-09-15 02:00:00,71320.0
Korea,2025-09-15 03:00:00,2025-09-15 03:00:00,71320.0
Korea,2025-09-15 04:00:00,2025-09-15 04:00:00,71320.0
Korea,2025-09-15 05:00:00,2025-09-15 05:00:00,71320.0
Korea,2025-09-15 06:00:00,2025-09-15 06:00:00,72080.0
Korea,2025-09-15 07:00:00,2025-09-15 07:00:00,127090.0
Korea,2025-09-15 08:00:00,2025-09-15 08:00:00,127090.0
Korea,2025-09-15 09:00:00,2025-09-15 09:00:00,134590.0
Korea,2025-09-15 10:00:00,2025-09-15 10:00:00,134590.0
Korea,2025-09-15 11:00:00,2025-09-15 11:00:00,134590.0
Korea,2025-09-15 12:00:00,2025-09-15 12:00:00,133990.0
Korea,2025-09-15 13:00:00,2025-09-15 13:00:00,133990.0
Korea,2025-09-15 14:00:00,2025-09-15 14:00:00,133990.0
Korea,2025-09-15 15:00:00,2025-09-15 15:00:00,133990.0
Korea,2025-09-15 16:00:00,2025-09-15 16:00:00,133990.0
Korea,2025-09-15 17:00:00,2025-09-15 17:00:00,133990.0
Korea,2025-09-15 18:00:00,2025-09-15 18:00:00,134590.0
Korea,2025-09-15 19:00:00,2025-09-15 19:00:00,134590.0
Korea,2025-09-15 20:00:00,2025-09-15 20:00:00,134590.0
Korea,2025-09-15 21:00:00,2025-09-15 21:00:00,130630.0
Korea,2025-09-15 22:00:00,2025-09-15 22:00:00,127090.0
Korea,2025-09-15 23:00:00,2025-09-15 23:00:00,92600.0
Korea,2025-09-16 00:00:00,2025-09-16 00:00:00,123910.0
Korea,2025-09-16 01:00:00,2025-09-16 01:00:00,73710.0
Korea,2025-09-16 02:00:00,2025-09-16 02:00:00,73710.0
Korea,2025-09-16 03:00:00,2025-09-16 03:00:00,73710.0
Korea,2025-09-16 04:00:00,2025-09-16 04:00:00,73710.0
Korea,2025-09-16 05:00:00,2025-09-16 05:00:00,73710.0
Korea,2025-09-16 06:00:00,2025-09-16 06:00:00,91810.0
Korea,2025-09-16 07:00:00,2025-09-16 07:00:00,92740.0
Korea,2025-09-16 08:00:00,2025-09-16 08:00:00,125860.0
Korea,2025-09-16 09:00:00,2025-09-16 09:00:00,139520.0
Korea,2025-09-16 10:00:00,2025-09-16 10:00:00,139500.0
Korea,2025-09-16 11:00:00,2025-09-16 11:00:00,133120.0
Korea,2025-09-16 12:00:00,2025-09-16 12:00:00,133120.0
Korea,2025-09-16 13:00:00,2025-09-16 13:00:00,133120.0
Korea,2025-09-16 14:00:00,2025-09-16 14:00:00,140350.0
Korea,2025-09-16 15:00:00,2025-09-16 15:00:00,140940.0
Korea,2025-09-16 16:00:00,2025-09-16 16:00:00,140350.0
Korea,2025-09-16 17:00:00,2025-09-16 17:00:00,133480.0
Korea,2025-09-16 18:00:00,2025-09-16 18:00:00,133480.0
Korea,2025-09-16 19:00:00,2025-09-16 19:00:00,133540.0
Korea,2025-09-16 20:00:00,2025-09-16 20:00:00,133540.0
Korea,2025-09-16 21:00:00,2025-09-16 21:00:00,133540.0
Korea,2025-09-16 22:00:00,2025-09-16 22:00:00,125860.0
Korea,2025-09-16 23:00:00,2025-09-16 23:00:00,123910.0
Korea,2025-09-17 00:00:00,2025-09-17 00:00:00,93490.0
Korea,2025-09-17 01:00:00,2025-09-17 01:00:00,75100.0
Korea,2025-09-17 02:00:00,2025-09-17 02:00:00,74920.0
Korea,2025-09-17 03:00:00,2025-09-17 03:00:00,75580.0
Korea,2025-09-17 04:00:00,2025-09-17 04:00:00,74920.0
Korea,2025-09-17 05:00:00,2025-09-17 05:00:00,75580.0
Korea,2025-09-17 06:00:00,2025-09-17 06:00:00,91740.0
Korea,2025-09-17 07:00:00,2025-09-17 07:00:00,123870.0
Korea,2025-09-17 08:00:00,2025-09-17 08:00:00,133680.0
Korea,2025-09-17 09:00:00,2025-09-17 09:00:00,163830.0
Korea,2025-09-17 10:00:00,2025-09-17 10:00:00,142350.0
Korea,2025-09-17 11:00:00,2025-09-17 11:00:00,133500.0
Korea,2025-09-17 12:00:00,2025-09-17 12:00:00,133500.0
Korea,2025-09-17 13:00:00,2025-09-17 13:00:00,133500.0
Korea,2025-09-17 14:00:00,2025-09-17 14:00:00,133500.0
Korea,2025-09-17 15:00:00,2025-09-17 15:00:00,143710.0
Korea,2025-09-17 16:00:00,2025-09-17 16:00:00,133500.0
Korea,2025-09-17 17:00:00,2025-09-17 17:00:00,133500.0
Korea,2025-09-17 18:00:00,2025-09-17 18:00:00,133680.0
Korea,2025-09-17 19:00:00,2025-09-17 19:00:00,133800.0
Korea,2025-09-17 20:00:00,2025-09-17 20:00:00,133800.0
Korea,2025-09-17 21:00:00,2025-09-17 21:00:00,129610.0
Korea,2025-09-17 22:00:00,2025-09-17 22:00:00,125830.0
Korea,2025-09-17 23:00:00,2025-09-17 23:00:00,93840.0
Korea,2025-09-18 00:00:00,2025-09-18 00:00:00,76770.0
Korea,2025-09-18 01:00:00,2025-09-18 01:00:00,73740.0
Korea,2025-09-18 02:00:00,2025-09-18 02:00:00,71520.0
Korea,2025-09-18 03:00:00,2025-09-18 03:00:00,71520.0
Korea,2025-09-18 04:00:00,2025-09-18 04:00:00,71520.0
Korea,2025-09-18 05:00:00,2025-09-18 05:00:00,71520.0
Korea,2025-09-18 06:00:00,2025-09-18 06:00:00,74270.0
Korea,2025-09-18 07:00:00,2025-09-18 07:00:00,93930.0
Korea,2025-09-18 08:00:00,2025-09-18 08:00:00,122940.0
Korea,2025-09-18 09:00:00,2025-09-18 09:00:00,129800.0
Korea,2025-09-18 10:00:00,2025-09-18 10:00:00,129620.0
Korea,2025-09-18 11:00:00,2025-09-18 11:00:00,193740.0
Korea,2025-09-18 12:00:00,2025-09-18 12:00:00,129560.0
Korea,2025-09-18 13:00:00,2025-09-18 13:00:00,129560.0
Korea,2025-09-18 14:00:00,2025-09-18 14:00:00,129560.0
Korea,2025-09-18 15:00:00,2025-09-18 15:00:00,129560.0
Korea,2025-09-18 16:00:00,2025-09-18 16:00:00,129620.0
Korea,2025-09-18 17:00:00,2025-09-18 17:00:00,129800.0
Korea,2025-09-18 18:00:00,2025-09-18 18:00:00,129920.0
Korea,2025-09-18 19:00:00,2025-09-18 19:00:00,129920.0
Korea,2025-09-18 20:00:00,2025-09-18 20:00:00,130450.0
Korea,2025-09-18 21:00:00,2025-09-18 21:00:00,123000.0
Korea,2025-09-18 22:00:00,2025-09-18 22:00:00,123000.0
Korea,2025-09-18 23:00:00,2025-09-18 23:00:00,113060.0
Korea,2025-09-19 00:00:00,2025-09-19 00:00:00,78180.0
Korea,2025-09-19 01:00:00,2025-09-19 01:00:00,74400.0
Korea,2025-09-19 02:00:00,2025-09-19 02:00:00,74400.0
Korea,2025-09-19 03:00:00,2025-09-19 03:00:00,74400.0
Korea,2025-09-19 04:00:00,2025-09-19 04:00:00,74400.0
Korea,2025-09-19 05:00:00,2025-09-19 05:00:00,74400.0
Korea,2025-09-19 06:00:00,2025-09-19 06:00:00,91970.0
Korea,2025-09-19 07:00:00,2025-09-19 07:00:00,117630.0
Korea,2025-09-19 08:00:00,2025-09-19 08:00:00,121430.0
Korea,2025-09-19 09:00:00,2025-09-19 09:00:00,130890.0
Korea,2025-09-19 10:00:00,2025-09-19 10:00:00,131230.0
Korea,2025-09-19 11:00:00,2025-09-19 11:00:00,130520.0
Korea,2025-09-19 12:00:00,2025-09-19 12:00:00,130020.0
Korea,2025-09-19 13:00:00,2025-09-19 13:00:00,128240.0
Korea,2025-09-19 14:00:00,2025-09-19 14:00:00,162720.0
Korea,2025-09-19 15:00:00,2025-09-19 15:00:00,128240.0
Korea,2025-09-19 16:00:00,2025-09-19 16:00:00,125980.0
Korea,2025-09-19 17:00:00,2025-09-19 17:00:00,125980.0
Korea,2025-09-19 18:00:00,2025-09-19 18:00:00,125980.0
Korea,2025-09-19 19:00:00,2025-09-19 19:00:00,125980.0
Korea,2025-09-19 20:00:00,2025-09-19 20:00:00,121430.0
Korea,2025-09-19 21:00:00,2025-09-19 21:00:00,109520.0
Korea,2025-09-19 22:00:00,2025-09-19 22:00:00,109520.0
Korea,2025-09-19 23:00:00,2025-09-19 23:00:00,117580.0
Korea,2025-09-20 00:00:00,2025-09-20 00:00:00,77310.0
Korea,2025-09-20 01:00:00,2025-09-20 01:00:00,74290.0
Korea,2025-09-20 02:00:00,2025-09-20 02:00:00,74290.0
Korea,2025-09-20 03:00:00,2025-09-20 03:00:00,74290.0
Korea,2025-09-20 04:00:00,2025-09-20 04:00:00,74290.0
Korea,2025-09-20 05:00:00,2025-09-20 05:00:00,74290.0
Korea,2025-09-20 06:00:00,2025-09-20 06:00:00,74290.0
Korea,2025-09-20 07:00:00,2025-09-20 07:00:00,74290.0
Korea,2025-09-20 08:00:00,2025-09-20 08:00:00,74290.0
Korea,2025-09-20 09:00:00,2025-09-20 09:00:00,120950.0
Korea,2025-09-20 10:00:00,2025-09-20 10:00:00,120950.0
Korea,2025-09-20 11:00:00,2025-09-20 11:00:00,163820.0
Korea,2025-09-20 12:00:00,2025-09-20 12:00:00,139190.0
Korea,2025-09-20 13:00:00,2025-09-20 13:00:00,71630.0
Korea,2025-09-20 14:00:00,2025-09-20 14:00:00,71630.0
Korea,2025-09-20 15:00:00,2025-09-20 15:00:00,74290.0
Korea,2025-09-20 16:00:00,2025-09-20 16:00:00,74290.0
Korea,2025-09-20 17:00:00,2025-09-20 17:00:00,74620.0
Korea,2025-09-20 18:00:00,2025-09-20 18:00:00,110440.0
Korea,2025-09-20 19:00:00,2025-09-20 19:00:00,110430.0
Korea,2025-09-20 20:00:00,2025-09-20 20:00:00,85660.0
Korea,2025-09-20 21:00:00,2025-09-20 21:00:00,85660.0
Korea,2025-09-20 22:00:00,2025-09-20 22:00:00,85660.0
Korea,2025-09-20 23:00:00,2025-09-20 23:00:00,85660.0
Korea,2025-09-21 00:00:00,2025-09-21 00:00:00,74600.0
Korea,2025-09-21 01:00:00,2025-09-21 01:00:00,71030.0
Korea,2025-09-21 02:00:00,2025-09-21 02:00:00,70240.0
Korea,2025-09-21 03:00:00,2025-09-21 03:00:00,70240.0
Korea,2025-09-21 04:00:00,2025-09-21 04:00:00,70240.0
Korea,2025-09-21 05:00:00,2025-09-21 05:00:00,71030.0
Korea,2025-09-21 06:00:00,2025-09-21 06:00:00,71030.0
Korea,2025-09-21 07:00:00,2025-09-21 07:00:00,71030.0
Korea,2025-09-21 08:00:00,2025-09-21 08:00:00,69730.0
Korea,2025-09-21 09:00:00,2025-09-21 09:00:00,67630.0
Korea,2025-09-21 10:00:00,2025-09-21 10:00:00,119410.0
Korea,2025-09-21 11:00:00,2025-09-21 11:00:00,119410.0
Korea,2025-09-21 12:00:00,2025-09-21 12:00:00,93770.0
Korea,2025-09-21 13:00:00,2025-09-21 13:00:00,117450.0
Korea,2025-09-21 14:00:00,2025-09-21 14:00:00,117450.0
Korea,2025-09-21 15:00:00,2025-09-21 15:00:00,117450.0
Korea,2025-09-21 16:00:00,2025-09-21 16:00:00,93830.0
Korea,2025-09-21 17:00:00,2025-09-21 17:00:00,115890.0
Korea,2025-09-21 18:00:00,2025-09-21 18:00:00,105910.0
Korea,2025-09-21 19:00:00,2025-09-21 19:00:00,105870.0
Korea,2025-09-21 20:00:00,2025-09-21 20:00:00,117450.0
Korea,2025-09-21 21:00:00,2025-09-21 21:00:00,93840.0
Korea,2025-09-21 22:00:00,2025-09-21 22:00:00,93400.0
Korea,2025-09-21 23:00:00,2025-09-21 23:00:00,84890.0
Korea,2025-09-22 00:00:00,2025-09-22 00:00:00,75770.0
Korea,2025-09-22 01:00:00,2025-09-22 01:00:00,71680.0
Korea,2025-09-22 02:00:00,2025-09-22 02:00:00,71680.0
Korea,2025-09-22 03:00:00,2025-09-22 03:00:00,71680.0
Korea,2025-09-22 04:00:00,2025-09-22 04:00:00,71680.0
Korea,2025-09-22 05:00:00,2025-09-22 05:00:00,71680.0
Korea,2025-09-22 06:00:00,2025-09-22 06:00:00,71920.0
Korea,2025-09-22 07:00:00,2025-09-22 07:00:00,75790.0
Korea,2025-09-22 08:00:00,2025-09-22 08:00:00,120650.0
Korea,2025-09-22 09:00:00,2025-09-22 09:00:00,121550.0
Korea,2025-09-22 10:00:00,2025-09-22 10:00:00,132380.0
Korea,2025-09-22 11:00:00,2025-09-22 11:00:00,120650.0
Korea,2025-09-22 12:00:00,2025-09-22 12:00:00,126590.0
Korea,2025-09-22 13:00:00,2025-09-22 13:00:00,130160.0
Korea,2025-09-22 14:00:00,2025-09-22 14:00:00,120650.0
Korea,2025-09-22 15:00:00,2025-09-22 15:00:00,124190.0
Korea,2025-09-22 16:00:00,2025-09-22 16:00:00,120650.0
Korea,2025-09-22 17:00:00,2025-09-22 17:00:00,122610.0
Korea,2025-09-22 18:00:00,2025-09-22 18:00:00,126130.0
Korea,2025-09-22 19:00:00,2025-09-22 19:00:00,126130.0
Korea,2025-09-22 20:00:00,2025-09-22 20:00:00,126130.0
Korea,2025-09-22 21:00:00,2025-09-22 21:00:00,120650.0
Korea,2025-09-22 22:00:00,2025-09-22 22:00:00,118700.0
Korea,2025-09-22 23:00:00,2025-09-22 23:00:00,92710.0
Korea,2025-09-23 00:00:00,2025-09-23 00:00:00,78410.0
Korea,2025-09-23 01:00:00,2025-09-23 01:00:00,75030.0
Korea,2025-09-23 02:00:00,2025-09-23 02:00:00,71570.0
Korea,2025-09-23 03:00:00,2025-09-23 03:00:00,71570.0
Korea,2025-09-23 04:00:00,2025-09-23 04:00:00,71570.0
Korea,2025-09-23 05:00:00,2025-09-23 05:00:00,71570.0
Korea,2025-09-23 06:00:00,2025-09-23 06:00:00,77680.0
Korea,2025-09-23 07:00:00,2025-09-23 07:00:00,91740.0
Korea,2025-09-23 08:00:00,2025-09-23 08:00:00,123100.0
Korea,2025-09-23 09:00:00,2025-09-23 09:00:00,125050.0
Korea,2025-09-23 10:00:00,2025-09-23 10:00:00,128960.0
Korea,2025-09-23 11:00:00,2025-09-23 11:00:00,125050.0
Korea,2025-09-23 12:00:00,2025-09-23 12:00:00,125050.0
Korea,2025-09-23 13:00:00,2025-09-23 13:00:00,132670.0
Korea,2025-09-23 14:00:00,2025-09-23 14:00:00,132670.0
Korea,2025-09-23 15:00:00,2025-09-23 15:00:00,132670.0
Korea,2025-09-23 16:00:00,2025-09-23 16:00:00,133310.0
Korea,2025-09-23 17:00:00,2025-09-23 17:00:00,133160.0
Korea,2025-09-23 18:00:00,2025-09-23 18:00:00,126540.0
Korea,2025-09-23 19:00:00,2025-09-23 19:00:00,126540.0
Korea,2025-09-23 20:00:00,2025-09-23 20:00:00,125050.0
Korea,2025-09-23 21:00:00,2025-09-23 21:00:00,123100.0
Korea,2025-09-23 22:00:00,2025-09-23 22:00:00,123100.0
Korea,2025-09-23 23:00:00,2025-09-23 23:00:00,122910.0
Korea,2025-09-24 00:00:00,2025-09-24 00:00:00,89900.0
Korea,2025-09-24 01:00:00,2025-09-24 01:00:00,76320.0
Korea,2025-09-24 02:00:00,2025-09-24 02:00:00,76320.0
Korea,2025-09-24 03:00:00,2025-09-24 03:00:00,76760.0
Korea,2025-09-24 04:00:00,2025-09-24 04:00:00,76760.0
Korea,2025-09-24 05:00:00,2025-09-24 05:00:00,76320.0
Korea,2025-09-24 06:00:00,2025-09-24 06:00:00,76410.0
Korea,2025-09-24 07:00:00,2025-09-24 07:00:00,92810.0
Korea,2025-09-24 08:00:00,2025-09-24 08:00:00,100090.0
Korea,2025-09-24 09:00:00,2025-09-24 09:00:00,175540.0
Korea,2025-09-24 10:00:00,2025-09-24 10:00:00,131420.0
Korea,2025-09-24 11:00:00,2025-09-24 11:00:00,131450.0
Korea,2025-09-24 12:00:00,2025-09-24 12:00:00,100850.0
Korea,2025-09-24 13:00:00,2025-09-24 13:00:00,100850.0
Korea,2025-09-24 14:00:00,2025-09-24 14:00:00,131340.0
Korea,2025-09-24 15:00:00,2025-09-24 15:00:00,144520.0
Korea,2025-09-24 16:00:00,2025-09-24 16:00:00,120780.0
Korea,2025-09-24 17:00:00,2025-09-24 17:00:00,100850.0
Korea,2025-09-24 18:00:00,2025-09-24 18:00:00,125760.0
Korea,2025-09-24 19:00:00,2025-09-24 19:00:00,125760.0
Korea,2025-09-24 20:00:00,2025-09-24 20:00:00,131400.0
Korea,2025-09-24 21:00:00,2025-09-24 21:00:00,125760.0
Korea,2025-09-24 22:00:00,2025-09-24 22:00:00,96280.0
Korea,2025-09-24 23:00:00,2025-09-24 23:00:00,92860.0
Korea,2025-09-25 00:00:00,2025-09-25 00:00:00,106150.0
Korea,2025-09-25 01:00:00,2025-09-25 01:00:00,106150.0
Korea,2025-09-25 02:00:00,2025-09-25 02:00:00,106150.0
Korea,2025-09-25 03:00:00,2025-09-25 03:00:00,106150.0
Korea,2025-09-25 04:00:00,2025-09-25 04:00:00,106240.0
Korea,2025-09-25 05:00:00,2025-09-25 05:00:00,106240.0
Korea,2025-09-25 06:00:00,2025-09-25 06:00:00,106240.0
Korea,2025-09-25 07:00:00,2025-09-25 07:00:00,106240.0
Korea,2025-09-25 08:00:00,2025-09-25 08:00:00,106150.0
Korea,2025-09-25 09:00:00,2025-09-25 09:00:00,140020.0
Korea,2025-09-25 10:00:00,2025-09-25 10:00:00,175380.0
Korea,2025-09-25 11:00:00,2025-09-25 11:00:00,117920.0
Korea,2025-09-25 12:00:00,2025-09-25 12:00:00,105780.0
Korea,2025-09-25 13:00:00,2025-09-25 13:00:00,117490.0
Korea,2025-09-25 14:00:00,2025-09-25 14:00:00,117540.0
Korea,2025-09-25 15:00:00,2025-09-25 15:00:00,137380.0
Korea,2025-09-25 16:00:00,2025-09-25 16:00:00,124460.0
Korea,2025-09-25 17:00:00,2025-09-25 17:00:00,124350.0
Korea,2025-09-25 18:00:00,2025-09-25 18:00:00,126560.0
Korea,2025-09-25 19:00:00,2025-09-25 19:00:00,126560.0
Korea,2025-09-25 20:00:00,2025-09-25 20:00:00,126560.0
Korea,2025-09-25 21:00:00,2025-09-25 21:00:00,118330.0
Korea,2025-09-25 22:00:00,2025-09-25 22:00:00,106340.0
Korea,2025-09-25 23:00:00,2025-09-25 23:00:00,79220.0
Korea,2025-09-26 00:00:00,2025-09-26 00:00:00,78160.0
Korea,2025-09-26 01:00:00,2025-09-26 01:00:00,73010.0
Korea,2025-09-26 02:00:00,2025-09-26 02:00:00,73010.0
Korea,2025-09-26 03:00:00,2025-09-26 03:00:00,73010.0
Korea,2025-09-26 04:00:00,2025-09-26 04:00:00,71520.0
Korea,2025-09-26 05:00:00,2025-09-26 05:00:00,72610.0
Korea,2025-09-26 06:00:00,2025-09-26 06:00:00,75820.0
Korea,2025-09-26 07:00:00,2025-09-26 07:00:00,93440.0
Korea,2025-09-26 08:00:00,2025-09-26 08:00:00,128580.0
Korea,2025-09-26 09:00:00,2025-09-26 09:00:00,128160.0
Korea,2025-09-26 10:00:00,2025-09-26 10:00:00,128040.0
Korea,2025-09-26 11:00:00,2025-09-26 11:00:00,127860.0
Korea,2025-09-26 12:00:00,2025-09-26 12:00:00,127800.0
Korea,2025-09-26 13:00:00,2025-09-26 13:00:00,127620.0
Korea,2025-09-26 14:00:00,2025-09-26 14:00:00,127620.0
Korea,2025-09-26 15:00:00,2025-09-26 15:00:00,127620.0
Korea,2025-09-26 16:00:00,2025-09-26 16:00:00,127800.0
Korea,2025-09-26 17:00:00,2025-09-26 17:00:00,127860.0
Korea,2025-09-26 18:00:00,2025-09-26 18:00:00,121330.0
Korea,2025-09-26 19:00:00,2025-09-26 19:00:00,121330.0
Korea,2025-09-26 20:00:00,2025-09-26 20:00:00,121340.0
Korea,2025-09-26 21:00:00,2025-09-26 21:00:00,118250.0
Korea,2025-09-26 22:00:00,2025-09-26 22:00:00,100050.0
Korea,2025-09-26 23:00:00,2025-09-26 23:00:00,92740.0
Korea,2025-09-27 00:00:00,2025-09-27 00:00:00,77250.0
Korea,2025-09-27 01:00:00,2025-09-27 01:00:00,71920.0
Korea,2025-09-27 02:00:00,2025-09-27 02:00:00,71630.0
Korea,2025-09-27 03:00:00,2025-09-27 03:00:00,71630.0
Korea,2025-09-27 04:00:00,2025-09-27 04:00:00,71630.0
Korea,2025-09-27 05:00:00,2025-09-27 05:00:00,71630.0
Korea,2025-09-27 06:00:00,2025-09-27 06:00:00,71920.0
Korea,2025-09-27 07:00:00,2025-09-27 07:00:00,74990.0
Korea,2025-09-27 08:00:00,2025-09-27 08:00:00,71630.0
Korea,2025-09-27 09:00:00,2025-09-27 09:00:00,121980.0
Korea,2025-09-27 10:00:00,2025-09-27 10:00:00,93090.0
Korea,2025-09-27 11:00:00,2025-09-27 11:00:00,93130.0
Korea,2025-09-27 12:00:00,2025-09-27 12:00:00,92860.0
Korea,2025-09-27 13:00:00,2025-09-27 13:00:00,121980.0
Korea,2025-09-27 14:00:00,2025-09-27 14:00:00,123930.0
Korea,2025-09-27 15:00:00,2025-09-27 15:00:00,126930.0
Korea,2025-09-27 16:00:00,2025-09-27 16:00:00,123930.0
Korea,2025-09-27 17:00:00,2025-09-27 17:00:00,123100.0
Korea,2025-09-27 18:00:00,2025-09-27 18:00:00,111990.0
Korea,2025-09-27 19:00:00,2025-09-27 19:00:00,112050.0
Korea,2025-09-27 20:00:00,2025-09-27 20:00:00,103120.0
Korea,2025-09-27 21:00:00,2025-09-27 21:00:00,93180.0
Korea,2025-09-27 22:00:00,2025-09-27 22:00:00,92830.0
Korea,2025-09-27 23:00:00,2025-09-27 23:00:00,83260.0
Korea,2025-09-28 00:00:00,2025-09-28 00:00:00,72050.0
Korea,2025-09-28 01:00:00,2025-09-28 01:00:00,71650.0
Korea,2025-09-28 02:00:00,2025-09-28 02:00:00,71650.0
Korea,2025-09-28 03:00:00,2025-09-28 03:00:00,71650.0
Korea,2025-09-28 04:00:00,2025-09-28 04:00:00,71650.0
Korea,2025-09-28 05:00:00,2025-09-28 05:00:00,71650.0
Korea,2025-09-28 06:00:00,2025-09-28 06:00:00,71650.0
Korea,2025-09-28 07:00:00,2025-09-28 07:00:00,71650.0
Korea,2025-09-28 08:00:00,2025-09-28 08:00:00,71650.0
Korea,2025-09-28 09:00:00,2025-09-28 09:00:00,76700.0
Korea,2025-09-28 10:00:00,2025-09-28 10:00:00,128430.0
Korea,2025-09-28 11:00:00,2025-09-28 11:00:00,128430.0
Korea,2025-09-28 12:00:00,2025-09-28 12:00:00,128430.0
Korea,2025-09-28 13:00:00,2025-09-28 13:00:00,130380.0
Korea,2025-09-28 14:00:00,2025-09-28 14:00:00,96620.0
Korea,2025-09-28 15:00:00,2025-09-28 15:00:00,95630.0
Korea,2025-09-28 16:00:00,2025-09-28 16:00:00,78250.0
Korea,2025-09-28 17:00:00,2025-09-28 17:00:00,95970.0
Korea,2025-09-28 18:00:00,2025-09-28 18:00:00,95940.0
Korea,2025-09-28 19:00:00,2025-09-28 19:00:00,96180.0
Korea,2025-09-28 20:00:00,2025-09-28 20:00:00,91160.0
Korea,2025-09-28 21:00:00,2025-09-28 21:00:00,91160.0
Korea,2025-09-28 22:00:00,2025-09-28 22:00:00,91160.0
Korea,2025-09-28 23:00:00,2025-09-28 23:00:00,80740.0
Korea,2025-09-29 00:00:00,2025-09-29 00:00:00,72390.0
Korea,2025-09-29 01:00:00,2025-09-29 01:00:00,69840.0
Korea,2025-09-29 02:00:00,2025-09-29 02:00:00,69220.0
Korea,2025-09-29 03:00:00,2025-09-29 03:00:00,69840.0
Korea,2025-09-29 04:00:00,2025-09-29 04:00:00,69200.0
Korea,2025-09-29 05:00:00,2025-09-29 05:00:00,69840.0
Korea,2025-09-29 06:00:00,2025-09-29 06:00:00,72710.0
Korea,2025-09-29 07:00:00,2025-09-29 07:00:00,78820.0
Korea,2025-09-29 08:00:00,2025-09-29 08:00:00,78820.0
Korea,2025-09-29 09:00:00,2025-09-29 09:00:00,126880.0
Korea,2025-09-29 10:00:00,2025-09-29 10:00:00,126880.0
Korea,2025-09-29 11:00:00,2025-09-29 11:00:00,72710.0
Korea,2025-09-29 12:00:00,2025-09-29 12:00:00,72710.0
Korea,2025-09-29 13:00:00,2025-09-29 13:00:00,72710.0
Korea,2025-09-29 14:00:00,2025-09-29 14:00:00,86720.0
Korea,2025-09-29 15:00:00,2025-09-29 15:00:00,91520.0
Korea,2025-09-29 16:00:00,2025-09-29 16:00:00,91290.0
Korea,2025-09-29 17:00:00,2025-09-29 17:00:00,126870.0
Korea,2025-09-29 18:00:00,2025-09-29 18:00:00,137680.0
Korea,2025-09-29 19:00:00,2025-09-29 19:00:00,137680.0
Korea,2025-09-29 20:00:00,2025-09-29 20:00:00,129450.0
Korea,2025-09-29 21:00:00,2025-09-29 21:00:00,129450.0
Korea,2025-09-29 22:00:00,2025-09-29 22:00:00,88550.0
Korea,2025-09-29 23:00:00,2025-09-29 23:00:00,88550.0
Korea,2025-09-30 00:00:00,2025-09-30 00:00:00,77320.0
Korea,2025-09-30 01:00:00,2025-09-30 01:00:00,76150.0
Korea,2025-09-30 02:00:00,2025-09-30 02:00:00,75490.0
Korea,2025-09-30 03:00:00,2025-09-30 03:00:00,74770.0
Korea,2025-09-30 04:00:00,2025-09-30 04:00:00,75040.0
Korea,2025-09-30 05:00:00,2025-09-30 05:00:00,75490.0
Korea,2025-09-30 06:00:00,2025-09-30 06:00:00,75960.0
Korea,2025-09-30 07:00:00,2025-09-30 07:00:00,76150.0
Korea,2025-09-30 08:00:00,2025-09-30 08:00:00,91520.0
Korea,2025-09-30 09:00:00,2025-09-30 09:00:00,93140.0
Korea,2025-09-30 10:00:00,2025-09-30 10:00:00,136010.0
Korea,2025-09-30 11:00:00,2025-09-30 11:00:00,93370.0
Korea,2025-09-30 12:00:00,2025-09-30 12:00:00,92890.0
Korea,2025-09-30 13:00:00,2025-09-30 13:00:00,93370.0
Korea,2025-09-30 14:00:00,2025-09-30 14:00:00,93360.0
Korea,2025-09-30 15:00:00,2025-09-30 15:00:00,92780.0
Korea,2025-09-30 16:00:00,2025-09-30 16:00:00,93380.0
Korea,2025-09-30 17:00:00,2025-09-30 17:00:00,93380.0
Korea,2025-09-30 18:00:00,2025-09-30 18:00:00,129580.0
Korea,2025-09-30 19:00:00,2025-09-30 19:00:00,129580.0
Korea,2025-09-30 20:00:00,2025-09-30 20:00:00,129580.0
Korea,2025-09-30 21:00:00,2025-09-30 21:00:00,96440.0
Korea,2025-09-30 22:00:00,2025-09-30 22:00:00,96440.0
Korea,2025-09-30 23:00:00,2025-09-30 23:00:00,92420.0
Korea,2025-10-01 00:00:00,2025-10-01 00:00:00,98630.0
Korea,2025-10-01 01:00:00,2025-10-01 01:00:00,73280.0
Korea,2025-10-01 02:00:00,2025-10-01 02:00:00,71640.0
Korea,2025-10-01 03:00:00,2025-10-01 03:00:00,70820.0
Korea,2025-10-01 04:00:00,2025-10-01 04:00:00,69260.0
Korea,2025-10-01 05:00:00,2025-10-01 05:00:00,71640.0
Korea,2025-10-01 06:00:00,2025-10-01 06:00:00,76650.0
Korea,2025-10-01 07:00:00,2025-10-01 07:00:00,91140.0
Korea,2025-10-01 08:00:00,2025-10-01 08:00:00,91140.0
Korea,2025-10-01 09:00:00,2025-10-01 09:00:00,114920.0
Korea,2025-10-01 10:00:00,2025-10-01 10:00:00,114920.0
Korea,2025-10-01 11:00:00,2025-10-01 11:00:00,114910.0
Korea,2025-10-01 12:00:00,2025-10-01 12:00:00,91110.0
Korea,2025-10-01 13:00:00,2025-10-01 13:00:00,103710.0
Korea,2025-10-01 14:00:00,2025-10-01 14:00:00,103700.0
Korea,2025-10-01 15:00:00,2025-10-01 15:00:00,117570.0
Korea,2025-10-01 16:00:00,2025-10-01 16:00:00,130500.0
Korea,2025-10-01 17:00:00,2025-10-01 17:00:00,116210.0
Korea,2025-10-01 18:00:00,2025-10-01 18:00:00,119420.0
Korea,2025-10-01 19:00:00,2025-10-01 19:00:00,137490.0
Korea,2025-10-01 20:00:00,2025-10-01 20:00:00,117170.0
Korea,2025-10-01 21:00:00,2025-10-01 21:00:00,103400.0
Korea,2025-10-01 22:00:00,2025-10-01 22:00:00,103120.0
Korea,2025-10-01 23:00:00,2025-10-01 23:00:00,96910.0
Korea,2025-10-02 00:00:00,2025-10-02 00:00:00,74180.0
Korea,2025-10-02 01:00:00,2025-10-02 01:00:00,73960.0
Korea,2025-10-02 02:00:00,2025-10-02 02:00:00,73960.0
Korea,2025-10-02 03:00:00,2025-10-02 03:00:00,73960.0
Korea,2025-10-02 04:00:00,2025-10-02 04:00:00,73960.0
Korea,2025-10-02 05:00:00,2025-10-02 05:00:00,73960.0
Korea,2025-10-02 06:00:00,2025-10-02 06:00:00,73960.0
Korea,2025-10-02 07:00:00,2025-10-02 07:00:00,91050.0
Korea,2025-10-02 08:00:00,2025-10-02 08:00:00,118300.0
Korea,2025-10-02 09:00:00,2025-10-02 09:00:00,119720.0
Korea,2025-10-02 10:00:00,2025-10-02 10:00:00,124020.0
Korea,2025-10-02 11:00:00,2025-10-02 11:00:00,126720.0
Korea,2025-10-02 12:00:00,2025-10-02 12:00:00,124020.0
Korea,2025-10-02 13:00:00,2025-10-02 13:00:00,126150.0
Korea,2025-10-02 14:00:00,2025-10-02 14:00:00,124020.0
Korea,2025-10-02 15:00:00,2025-10-02 15:00:00,172280.0
Korea,2025-10-02 16:00:00,2025-10-02 16:00:00,121870.0
Korea,2025-10-02 17:00:00,2025-10-02 17:00:00,118390.0
Korea,2025-10-02 18:00:00,2025-10-02 18:00:00,119720.0
Korea,2025-10-02 19:00:00,2025-10-02 19:00:00,117580.0
Korea,2025-10-02 20:00:00,2025-10-02 20:00:00,119720.0
Korea,2025-10-02 21:00:00,2025-10-02 21:00:00,91950.0
Korea,2025-10-02 22:00:00,2025-10-02 22:00:00,91780.0
Korea,2025-10-02 23:00:00,2025-10-02 23:00:00,115950.0
Korea,2025-10-03 00:00:00,2025-10-03 00:00:00,102210.0
Korea,2025-10-03 01:00:00,2025-10-03 01:00:00,90460.0
Korea,2025-10-03 02:00:00,2025-10-03 02:00:00,74970.0
Korea,2025-10-03 03:00:00,2025-10-03 03:00:00,73510.0
Korea,2025-10-03 04:00:00,2025-10-03 04:00:00,73510.0
Korea,2025-10-03 05:00:00,2025-10-03 05:00:00,73950.0
Korea,2025-10-03 06:00:00,2025-10-03 06:00:00,91130.0
Korea,2025-10-03 07:00:00,2025-10-03 07:00:00,91910.0
Korea,2025-10-03 08:00:00,2025-10-03 08:00:00,115500.0
Korea,2025-10-03 09:00:00,2025-10-03 09:00:00,118370.0
Korea,2025-10-03 10:00:00,2025-10-03 10:00:00,118370.0
Korea,2025-10-03 11:00:00,2025-10-03 11:00:00,118370.0
Korea,2025-10-03 12:00:00,2025-10-03 12:00:00,115500.0
Korea,2025-10-03 13:00:00,2025-10-03 13:00:00,115500.0
Korea,2025-10-03 14:00:00,2025-10-03 14:00:00,115500.0
Korea,2025-10-03 15:00:00,2025-10-03 15:00:00,111190.0
Korea,2025-10-03 16:00:00,2025-10-03 16:00:00,111190.0
Korea,2025-10-03 17:00:00,2025-10-03 17:00:00,115500.0
Korea,2025-10-03 18:00:00,2025-10-03 18:00:00,115500.0
Korea,2025-10-03 19:00:00,2025-10-03 19:00:00,115500.0
Korea,2025-10-03 20:00:00,2025-10-03 20:00:00,115500.0
Korea,2025-10-03 21:00:00,2025-10-03 21:00:00,115500.0
Korea,2025-10-03 22:00:00,2025-10-03 22:00:00,115500.0
Korea,2025-10-03 23:00:00,2025-10-03 23:00:00,111410.0
Korea,2025-10-04 00:00:00,2025-10-04 00:00:00,73280.0
Korea,2025-10-04 01:00:00,2025-10-04 01:00:00,72920.0
Korea,2025-10-04 02:00:00,2025-10-04 02:00:00,72510.0
Korea,2025-10-04 03:00:00,2025-10-04 03:00:00,71690.0
Korea,2025-10-04 04:00:00,2025-10-04 04:00:00,71360.0
Korea,2025-10-04 05:00:00,2025-10-04 05:00:00,72510.0
Korea,2025-10-04 06:00:00,2025-10-04 06:00:00,72920.0
Korea,2025-10-04 07:00:00,2025-10-04 07:00:00,72510.0
Korea,2025-10-04 08:00:00,2025-10-04 08:00:00,72510.0
Korea,2025-10-04 09:00:00,2025-10-04 09:00:00,68690.0
Korea,2025-10-04 10:00:00,2025-10-04 10:00:00,139900.0
Korea,2025-10-04 11:00:00,2025-10-04 11:00:00,133460.0
Korea,2025-10-04 12:00:00,2025-10-04 12:00:00,68690.0
Korea,2025-10-04 13:00:00,2025-10-04 13:00:00,68690.0
Korea,2025-10-04 14:00:00,2025-10-04 14:00:00,68690.0
Korea,2025-10-04 15:00:00,2025-10-04 15:00:00,70870.0
Korea,2025-10-04 16:00:00,2025-10-04 16:00:00,72920.0
Korea,2025-10-04 17:00:00,2025-10-04 17:00:00,72920.0
Korea,2025-10-04 18:00:00,2025-10-04 18:00:00,72920.0
Korea,2025-10-04 19:00:00,2025-10-04 19:00:00,73820.0
Korea,2025-10-04 20:00:00,2025-10-04 20:00:00,73820.0
Korea,2025-10-04 21:00:00,2025-10-04 21:00:00,73820.0
Korea,2025-10-04 22:00:00,2025-10-04 22:00:00,73820.0
Korea,2025-10-04 23:00:00,2025-10-04 23:00:00,73820.0
Korea,2025-10-05 00:00:00,2025-10-05 00:00:00,72320.0
Korea,2025-10-05 01:00:00,2025-10-05 01:00:00,70690.0
Korea,2025-10-05 02:00:00,2025-10-05 02:00:00,70690.0
Korea,2025-10-05 03:00:00,2025-10-05 03:00:00,69080.0
Korea,2025-10-05 04:00:00,2025-10-05 04:00:00,69080.0
Korea,2025-10-05 05:00:00,2025-10-05 05:00:00,70090.0
Korea,2025-10-05 06:00:00,2025-10-05 06:00:00,70690.0
Korea,2025-10-05 07:00:00,2025-10-05 07:00:00,69080.0
Korea,2025-10-05 08:00:00,2025-10-05 08:00:00,67070.0
Korea,2025-10-05 09:00:00,2025-10-05 09:00:00,67070.0
Korea,2025-10-05 10:00:00,2025-10-05 10:00:00,67070.0
Korea,2025-10-05 11:00:00,2025-10-05 11:00:00,67070.0
Korea,2025-10-05 12:00:00,2025-10-05 12:00:00,66230.0
Korea,2025-10-05 13:00:00,2025-10-05 13:00:00,67070.0
Korea,2025-10-05 14:00:00,2025-10-05 14:00:00,67070.0
Korea,2025-10-05 15:00:00,2025-10-05 15:00:00,67070.0
Korea,2025-10-05 16:00:00,2025-10-05 16:00:00,69080.0
Korea,2025-10-05 17:00:00,2025-10-05 17:00:00,71780.0
Korea,2025-10-05 18:00:00,2025-10-05 18:00:00,71780.0
Korea,2025-10-05 19:00:00,2025-10-05 19:00:00,74030.0
Korea,2025-10-05 20:00:00,2025-10-05 20:00:00,74030.0
Korea,2025-10-05 21:00:00,2025-10-05 21:00:00,74030.0
Korea,2025-10-05 22:00:00,2025-10-05 22:00:00,74030.0
Korea,2025-10-05 23:00:00,2025-10-05 23:00:00,74030.0
Korea,2025-10-06 00:00:00,2025-10-06 00:00:00,69190.0
Korea,2025-10-06 01:00:00,2025-10-06 01:00:00,67260.0
Korea,2025-10-06 02:00:00,2025-10-06 02:00:00,67020.0
Korea,2025-10-06 03:00:00,2025-10-06 03:00:00,67020.0
Korea,2025-10-06 04:00:00,2025-10-06 04:00:00,67020.0
Korea,2025-10-06 05:00:00,2025-10-06 05:00:00,67630.0
Korea,2025-10-06 06:00:00,2025-10-06 06:00:00,69080.0
Korea,2025-10-06 07:00:00,2025-10-06 07:00:00,69080.0
Korea,2025-10-06 08:00:00,2025-10-06 08:00:00,66920.0
Korea,2025-10-06 09:00:00,2025-10-06 09:00:00,66730.0
Korea,2025-10-06 10:00:00,2025-10-06 10:00:00,67020.0
Korea,2025-10-06 11:00:00,2025-10-06 11:00:00,67020.0
Korea,2025-10-06 12:00:00,2025-10-06 12:00:00,67020.0
Korea,2025-10-06 13:00:00,2025-10-06 13:00:00,67020.0
Korea,2025-10-06 14:00:00,2025-10-06 14:00:00,66590.0
Korea,2025-10-06 15:00:00,2025-10-06 15:00:00,67020.0
Korea,2025-10-06 16:00:00,2025-10-06 16:00:00,67020.0
Korea,2025-10-06 17:00:00,2025-10-06 17:00:00,69080.0
Korea,2025-10-06 18:00:00,2025-10-06 18:00:00,69080.0
Korea,2025-10-06 19:00:00,2025-10-06 19:00:00,74030.0
Korea,2025-10-06 20:00:00,2025-10-06 20:00:00,74030.0
Korea,2025-10-06 21:00:00,2025-10-06 21:00:00,74030.0
Korea,2025-10-06 22:00:00,2025-10-06 22:00:00,74030.0
Korea,2025-10-06 23:00:00,2025-10-06 23:00:00,74030.0
Korea,2025-10-07 00:00:00,2025-10-07 00:00:00,69310.0
Korea,2025-10-07 01:00:00,2025-10-07 01:00:00,68190.0
Korea,2025-10-07 02:00:00,2025-10-07 02:00:00,67640.0
Korea,2025-10-07 03:00:00,2025-10-07 03:00:00,67360.0
Korea,2025-10-07 04:00:00,2025-10-07 04:00:00,67360.0
Korea,2025-10-07 05:00:00,2025-10-07 05:00:00,67360.0
Korea,2025-10-07 06:00:00,2025-10-07 06:00:00,67640.0
Korea,2025-10-07 07:00:00,2025-10-07 07:00:00,67360.0
Korea,2025-10-07 08:00:00,2025-10-07 08:00:00,65560.0
Korea,2025-10-07 09:00:00,2025-10-07 09:00:00,66740.0
Korea,2025-10-07 10:00:00,2025-10-07 10:00:00,67360.0
Korea,2025-10-07 11:00:00,2025-10-07 11:00:00,67360.0
Korea,2025-10-07 12:00:00,2025-10-07 12:00:00,67260.0
Korea,2025-10-07 13:00:00,2025-10-07 13:00:00,66550.0
Korea,2025-10-07 14:00:00,2025-10-07 14:00:00,64930.0
Korea,2025-10-07 15:00:00,2025-10-07 15:00:00,65440.0
Korea,2025-10-07 16:00:00,2025-10-07 16:00:00,67360.0
Korea,2025-10-07 17:00:00,2025-10-07 17:00:00,72500.0
Korea,2025-10-07 18:00:00,2025-10-07 18:00:00,72500.0
Korea,2025-10-07 19:00:00,2025-10-07 19:00:00,75190.0
Korea,2025-10-07 20:00:00,2025-10-07 20:00:00,75190.0
Korea,2025-10-07 21:00:00,2025-10-07 21:00:00,75190.0
Korea,2025-10-07 22:00:00,2025-10-07 22:00:00,75190.0
Korea,2025-10-07 23:00:00,2025-10-07 23:00:00,75190.0
Korea,2025-10-08 00:00:00,2025-10-08 00:00:00,67310.0
Korea,2025-10-08 01:00:00,2025-10-08 01:00:00,67310.0
Korea,2025-10-08 02:00:00,2025-10-08 02:00:00,67310.0
Korea,2025-10-08 03:00:00,2025-10-08 03:00:00,67310.0
Korea,2025-10-08 04:00:00,2025-10-08 04:00:00,67310.0
Korea,2025-10-08 05:00:00,2025-10-08 05:00:00,67310.0
Korea,2025-10-08 06:00:00,2025-10-08 06:00:00,67310.0
Korea,2025-10-08 07:00:00,2025-10-08 07:00:00,67310.0
Korea,2025-10-08 08:00:00,2025-10-08 08:00:00,67310.0
Korea,2025-10-08 09:00:00,2025-10-08 09:00:00,65700.0
Korea,2025-10-08 10:00:00,2025-10-08 10:00:00,66060.0
Korea,2025-10-08 11:00:00,2025-10-08 11:00:00,65970.0
Korea,2025-10-08 12:00:00,2025-10-08 12:00:00,0.0
Korea,2025-10-08 13:00:00,2025-10-08 13:00:00,67310.0
Korea,2025-10-08 14:00:00,2025-10-08 14:00:00,66170.0
Korea,2025-10-08 15:00:00,2025-10-08 15:00:00,67310.0
Korea,2025-10-08 16:00:00,2025-10-08 16:00:00,67310.0
Korea,2025-10-08 17:00:00,2025-10-08 17:00:00,135840.0
Korea,2025-10-08 18:00:00,2025-10-08 18:00:00,136520.0
Korea,2025-10-08 19:00:00,2025-10-08 19:00:00,140830.0
Korea,2025-10-08 20:00:00,2025-10-08 20:00:00,80420.0
Korea,2025-10-08 21:00:00,2025-10-08 21:00:00,80420.0
Korea,2025-10-08 22:00:00,2025-10-08 22:00:00,80420.0
Korea,2025-10-08 23:00:00,2025-10-08 23:00:00,80420.0
Korea,2025-10-09 00:00:00,2025-10-09 00:00:00,69130.0
Korea,2025-10-09 01:00:00,2025-10-09 01:00:00,69130.0
Korea,2025-10-09 02:00:00,2025-10-09 02:00:00,68080.0
Korea,2025-10-09 03:00:00,2025-10-09 03:00:00,67040.0
Korea,2025-10-09 04:00:00,2025-10-09 04:00:00,68080.0
Korea,2025-10-09 05:00:00,2025-10-09 05:00:00,69130.0
Korea,2025-10-09 06:00:00,2025-10-09 06:00:00,69130.0
Korea,2025-10-09 07:00:00,2025-10-09 07:00:00,69130.0
Korea,2025-10-09 08:00:00,2025-10-09 08:00:00,65590.0
Korea,2025-10-09 09:00:00,2025-10-09 09:00:00,65590.0
Korea,2025-10-09 10:00:00,2025-10-09 10:00:00,71740.0
Korea,2025-10-09 11:00:00,2025-10-09 11:00:00,62940.0
Korea,2025-10-09 12:00:00,2025-10-09 12:00:00,6640.0
Korea,2025-10-09 13:00:00,2025-10-09 13:00:00,136730.0
Korea,2025-10-09 14:00:00,2025-10-09 14:00:00,71750.0
Korea,2025-10-09 15:00:00,2025-10-09 15:00:00,134610.0
Korea,2025-10-09 16:00:00,2025-10-09 16:00:00,92860.0
Korea,2025-10-09 17:00:00,2025-10-09 17:00:00,93000.0
Korea,2025-10-09 18:00:00,2025-10-09 18:00:00,92920.0
Korea,2025-10-09 19:00:00,2025-10-09 19:00:00,93020.0
Korea,2025-10-09 20:00:00,2025-10-09 20:00:00,93030.0
Korea,2025-10-09 21:00:00,2025-10-09 21:00:00,92870.0
Korea,2025-10-09 22:00:00,2025-10-09 22:00:00,92600.0
Korea,2025-10-09 23:00:00,2025-10-09 23:00:00,78540.0
Korea,2025-10-10 00:00:00,2025-10-10 00:00:00,102410.0
Korea,2025-10-10 01:00:00,2025-10-10 01:00:00,69960.0
Korea,2025-10-10 02:00:00,2025-10-10 02:00:00,68450.0
Korea,2025-10-10 03:00:00,2025-10-10 03:00:00,68450.0
Korea,2025-10-10 04:00:00,2025-10-10 04:00:00,68260.0
Korea,2025-10-10 05:00:00,2025-10-10 05:00:00,68450.0
Korea,2025-10-10 06:00:00,2025-10-10 06:00:00,90070.0
Korea,2025-10-10 07:00:00,2025-10-10 07:00:00,90490.0
Korea,2025-10-10 08:00:00,2025-10-10 08:00:00,108800.0
Korea,2025-10-10 09:00:00,2025-10-10 09:00:00,115250.0
Korea,2025-10-10 10:00:00,2025-10-10 10:00:00,118120.0
Korea,2025-10-10 11:00:00,2025-10-10 11:00:00,115250.0
Korea,2025-10-10 12:00:00,2025-10-10 12:00:00,114710.0
Korea,2025-10-10 13:00:00,2025-10-10 13:00:00,117610.0
Korea,2025-10-10 14:00:00,2025-10-10 14:00:00,115250.0
Korea,2025-10-10 15:00:00,2025-10-10 15:00:00,116800.0
Korea,2025-10-10 16:00:00,2025-10-10 16:00:00,115250.0
Korea,2025-10-10 17:00:00,2025-10-10 17:00:00,117610.0
Korea,2025-10-10 18:00:00,2025-10-10 18:00:00,129200.0
Korea,2025-10-10 19:00:00,2025-10-10 19:00:00,129200.0
Korea,2025-10-10 20:00:00,2025-10-10 20:00:00,129200.0
Korea,2025-10-10 21:00:00,2025-10-10 21:00:00,128820.0
Korea,2025-10-10 22:00:00,2025-10-10 22:00:00,113100.0
Korea,2025-10-10 23:00:00,2025-10-10 23:00:00,112630.0
Korea,2025-10-11 00:00:00,2025-10-11 00:00:00,94910.0
Korea,2025-10-11 01:00:00,2025-10-11 01:00:00,71930.0
Korea,2025-10-11 02:00:00,2025-10-11 02:00:00,71350.0
Korea,2025-10-11 03:00:00,2025-10-11 03:00:00,70430.0
Korea,2025-10-11 04:00:00,2025-10-11 04:00:00,71350.0
Korea,2025-10-11 05:00:00,2025-10-11 05:00:00,92170.0
Korea,2025-10-11 06:00:00,2025-10-11 06:00:00,92390.0
Korea,2025-10-11 07:00:00,2025-10-11 07:00:00,92230.0
Korea,2025-10-11 08:00:00,2025-10-11 08:00:00,69280.0
Korea,2025-10-11 09:00:00,2025-10-11 09:00:00,92830.0
Korea,2025-10-11 10:00:00,2025-10-11 10:00:00,93090.0
Korea,2025-10-11 11:00:00,2025-10-11 11:00:00,93090.0
Korea,2025-10-11 12:00:00,2025-10-11 12:00:00,0.0
Korea,2025-10-11 13:00:00,2025-10-11 13:00:00,92040.0
Korea,2025-10-11 14:00:00,2025-10-11 14:00:00,93080.0
Korea,2025-10-11 15:00:00,2025-10-11 15:00:00,93090.0
Korea,2025-10-11 16:00:00,2025-10-11 16:00:00,93090.0
Korea,2025-10-11 17:00:00,2025-10-11 17:00:00,117730.0
Korea,2025-10-11 18:00:00,2025-10-11 18:00:00,117660.0
Korea,2025-10-11 19:00:00,2025-10-11 19:00:00,117580.0
Korea,2025-10-11 20:00:00,2025-10-11 20:00:00,93430.0
Korea,2025-10-11 21:00:00,2025-10-11 21:00:00,93100.0
Korea,2025-10-11 22:00:00,2025-10-11 22:00:00,93030.0
Korea,2025-10-11 23:00:00,2025-10-11 23:00:00,92230.0
Korea,2025-10-12 00:00:00,2025-10-12 00:00:00,72990.0
Korea,2025-10-12 01:00:00,2025-10-12 01:00:00,70990.0
Korea,2025-10-12 02:00:00,2025-10-12 02:00:00,69800.0
Korea,2025-10-12 03:00:00,2025-10-12 03:00:00,68610.0
Korea,2025-10-12 04:00:00,2025-10-12 04:00:00,68610.0
Korea,2025-10-12 05:00:00,2025-10-12 05:00:00,68610.0
Korea,2025-10-12 06:00:00,2025-10-12 06:00:00,70340.0
Korea,2025-10-12 07:00:00,2025-10-12 07:00:00,68610.0
Korea,2025-10-12 08:00:00,2025-10-12 08:00:00,68000.0
Korea,2025-10-12 09:00:00,2025-10-12 09:00:00,67690.0
Korea,2025-10-12 10:00:00,2025-10-12 10:00:00,67690.0
Korea,2025-10-12 11:00:00,2025-10-12 11:00:00,67690.0
Korea,2025-10-12 12:00:00,2025-10-12 12:00:00,67690.0
Korea,2025-10-12 13:00:00,2025-10-12 13:00:00,67690.0
Korea,2025-10-12 14:00:00,2025-10-12 14:00:00,68000.0
Korea,2025-10-12 15:00:00,2025-10-12 15:00:00,68610.0
Korea,2025-10-12 16:00:00,2025-10-12 16:00:00,92950.0
Korea,2025-10-12 17:00:00,2025-10-12 17:00:00,93030.0
Korea,2025-10-12 18:00:00,2025-10-12 18:00:00,93700.0
Korea,2025-10-12 19:00:00,2025-10-12 19:00:00,93040.0
Korea,2025-10-12 20:00:00,2025-10-12 20:00:00,93040.0
Korea,2025-10-12 21:00:00,2025-10-12 21:00:00,93040.0
Korea,2025-10-12 22:00:00,2025-10-12 22:00:00,93900.0
Korea,2025-10-12 23:00:00,2025-10-12 23:00:00,91510.0
Korea,2025-10-13 00:00:00,2025-10-13 00:00:00,68710.0
Korea,2025-10-13 01:00:00,2025-10-13 01:00:00,68110.0
Korea,2025-10-13 02:00:00,2025-10-13 02:00:00,68110.0
Korea,2025-10-13 03:00:00,2025-10-13 03:00:00,68110.0
Korea,2025-10-13 04:00:00,2025-10-13 04:00:00,68110.0
Korea,2025-10-13 05:00:00,2025-10-13 05:00:00,68110.0
Korea,2025-10-13 06:00:00,2025-10-13 06:00:00,71970.0
Korea,2025-10-13 07:00:00,2025-10-13 07:00:00,119690.0
Korea,2025-10-13 08:00:00,2025-10-13 08:00:00,126690.0
Korea,2025-10-13 09:00:00,2025-10-13 09:00:00,141570.0
Korea,2025-10-13 10:00:00,2025-10-13 10:00:00,129660.0
Korea,2025-10-13 11:00:00,2025-10-13 11:00:00,147440.0
Korea,2025-10-13 12:00:00,2025-10-13 12:00:00,126460.0
Korea,2025-10-13 13:00:00,2025-10-13 13:00:00,126460.0
Korea,2025-10-13 14:00:00,2025-10-13 14:00:00,126460.0
Korea,2025-10-13 15:00:00,2025-10-13 15:00:00,152690.0
Korea,2025-10-13 16:00:00,2025-10-13 16:00:00,124740.0
Korea,2025-10-13 17:00:00,2025-10-13 17:00:00,126460.0
Korea,2025-10-13 18:00:00,2025-10-13 18:00:00,129350.0
Korea,2025-10-13 19:00:00,2025-10-13 19:00:00,129160.0
Korea,2025-10-13 20:00:00,2025-10-13 20:00:00,129020.0
Korea,2025-10-13 21:00:00,2025-10-13 21:00:00,128990.0
Korea,2025-10-13 22:00:00,2025-10-13 22:00:00,118610.0
Korea,2025-10-13 23:00:00,2025-10-13 23:00:00,91970.0
Korea,2025-10-14 00:00:00,2025-10-14 00:00:00,96100.0
Korea,2025-10-14 01:00:00,2025-10-14 01:00:00,73960.0
Korea,2025-10-14 02:00:00,2025-10-14 02:00:00,73960.0
Korea,2025-10-14 03:00:00,2025-10-14 03:00:00,73960.0
Korea,2025-10-14 04:00:00,2025-10-14 04:00:00,73960.0
Korea,2025-10-14 05:00:00,2025-10-14 05:00:00,90000.0
Korea,2025-10-14 06:00:00,2025-10-14 06:00:00,102960.0
Korea,2025-10-14 07:00:00,2025-10-14 07:00:00,112090.0
Korea,2025-10-14 08:00:00,2025-10-14 08:00:00,122260.0
Korea,2025-10-14 09:00:00,2025-10-14 09:00:00,161070.0
Korea,2025-10-14 10:00:00,2025-10-14 10:00:00,137520.0
Korea,2025-10-14 11:00:00,2025-10-14 11:00:00,122400.0
Korea,2025-10-14 12:00:00,2025-10-14 12:00:00,121810.0
Korea,2025-10-14 13:00:00,2025-10-14 13:00:00,121910.0
Korea,2025-10-14 14:00:00,2025-10-14 14:00:00,137480.0
Korea,2025-10-14 15:00:00,2025-10-14 15:00:00,172990.0
Korea,2025-10-14 16:00:00,2025-10-14 16:00:00,133260.0
Korea,2025-10-14 17:00:00,2025-10-14 17:00:00,133290.0
Korea,2025-10-14 18:00:00,2025-10-14 18:00:00,122320.0
Korea,2025-10-14 19:00:00,2025-10-14 19:00:00,122320.0
Korea,2025-10-14 20:00:00,2025-10-14 20:00:00,122330.0
Korea,2025-10-14 21:00:00,2025-10-14 21:00:00,112090.0
Korea,2025-10-14 22:00:00,2025-10-14 22:00:00,109870.0
Korea,2025-10-14 23:00:00,2025-10-14 23:00:00,117060.0
Korea,2025-10-15 00:00:00,2025-10-15 00:00:00,106060.0
Korea,2025-10-15 01:00:00,2025-10-15 01:00:00,90690.0
Korea,2025-10-15 02:00:00,2025-10-15 02:00:00,90570.0
Korea,2025-10-15 03:00:00,2025-10-15 03:00:00,83730.0
Korea,2025-10-15 04:00:00,2025-10-15 04:00:00,83730.0
Korea,2025-10-15 05:00:00,2025-10-15 05:00:00,90890.0
Korea,2025-10-15 06:00:00,2025-10-15 06:00:00,109960.0
Korea,2025-10-15 07:00:00,2025-10-15 07:00:00,109260.0
Korea,2025-10-15 08:00:00,2025-10-15 08:00:00,117240.0
Korea,2025-10-15 09:00:00,2025-10-15 09:00:00,119120.0
Korea,2025-10-15 10:00:00,2025-10-15 10:00:00,137400.0
Korea,2025-10-15 11:00:00,2025-10-15 11:00:00,123160.0
Korea,2025-10-15 12:00:00,2025-10-15 12:00:00,119040.0
Korea,2025-10-15 13:00:00,2025-10-15 13:00:00,145470.0
Korea,2025-10-15 14:00:00,2025-10-15 14:00:00,123150.0
Korea,2025-10-15 15:00:00,2025-10-15 15:00:00,123150.0
Korea,2025-10-15 16:00:00,2025-10-15 16:00:00,136820.0
Korea,2025-10-15 17:00:00,2025-10-15 17:00:00,118350.0
Korea,2025-10-15 18:00:00,2025-10-15 18:00:00,129750.0
Korea,2025-10-15 19:00:00,2025-10-15 19:00:00,129350.0
Korea,2025-10-15 20:00:00,2025-10-15 20:00:00,129700.0
Korea,2025-10-15 21:00:00,2025-10-15 21:00:00,115710.0
Korea,2025-10-15 22:00:00,2025-10-15 22:00:00,109260.0
Korea,2025-10-15 23:00:00,2025-10-15 23:00:00,91370.0
Korea,2025-10-16 00:00:00,2025-10-16 00:00:00,102410.0
Korea,2025-10-16 01:00:00,2025-10-16 01:00:00,92850.0
Korea,2025-10-16 02:00:00,2025-10-16 02:00:00,92850.0
Korea,2025-10-16 03:00:00,2025-10-16 03:00:00,92950.0
Korea,2025-10-16 04:00:00,2025-10-16 04:00:00,92850.0
Korea,2025-10-16 05:00:00,2025-10-16 05:00:00,92850.0
Korea,2025-10-16 06:00:00,2025-10-16 06:00:00,102800.0
Korea,2025-10-16 07:00:00,2025-10-16 07:00:00,113620.0
Korea,2025-10-16 08:00:00,2025-10-16 08:00:00,116720.0
Korea,2025-10-16 09:00:00,2025-10-16 09:00:00,145010.0
Korea,2025-10-16 10:00:00,2025-10-16 10:00:00,144990.0
Korea,2025-10-16 11:00:00,2025-10-16 11:00:00,118610.0
Korea,2025-10-16 12:00:00,2025-10-16 12:00:00,117020.0
Korea,2025-10-16 13:00:00,2025-10-16 13:00:00,127010.0
Korea,2025-10-16 14:00:00,2025-10-16 14:00:00,127010.0
Korea,2025-10-16 15:00:00,2025-10-16 15:00:00,162120.0
Korea,2025-10-16 16:00:00,2025-10-16 16:00:00,128120.0
Korea,2025-10-16 17:00:00,2025-10-16 17:00:00,128200.0
Korea,2025-10-16 18:00:00,2025-10-16 18:00:00,128260.0
Korea,2025-10-16 19:00:00,2025-10-16 19:00:00,118700.0
Korea,2025-10-16 20:00:00,2025-10-16 20:00:00,117090.0
Korea,2025-10-16 21:00:00,2025-10-16 21:00:00,113620.0
Korea,2025-10-16 22:00:00,2025-10-16 22:00:00,113620.0
Korea,2025-10-16 23:00:00,2025-10-16 23:00:00,117060.0
Korea,2025-10-17 00:00:00,2025-10-17 00:00:00,107150.0
Korea,2025-10-17 01:00:00,2025-10-17 01:00:00,84560.0
Korea,2025-10-17 02:00:00,2025-10-17 02:00:00,73050.0
Korea,2025-10-17 03:00:00,2025-10-17 03:00:00,73050.0
Korea,2025-10-17 04:00:00,2025-10-17 04:00:00,73050.0
Korea,2025-10-17 05:00:00,2025-10-17 05:00:00,90020.0
Korea,2025-10-17 06:00:00,2025-10-17 06:00:00,102330.0
Korea,2025-10-17 07:00:00,2025-10-17 07:00:00,114320.0
Korea,2025-10-17 08:00:00,2025-10-17 08:00:00,117240.0
Korea,2025-10-17 09:00:00,2025-10-17 09:00:00,117140.0
Korea,2025-10-17 10:00:00,2025-10-17 10:00:00,125720.0
Korea,2025-10-17 11:00:00,2025-10-17 11:00:00,120470.0
Korea,2025-10-17 12:00:00,2025-10-17 12:00:00,114740.0
Korea,2025-10-17 13:00:00,2025-10-17 13:00:00,120460.0
Korea,2025-10-17 14:00:00,2025-10-17 14:00:00,120460.0
Korea,2025-10-17 15:00:00,2025-10-17 15:00:00,135880.0
Korea,2025-10-17 16:00:00,2025-10-17 16:00:00,135880.0
Korea,2025-10-17 17:00:00,2025-10-17 17:00:00,122580.0
Korea,2025-10-17 18:00:00,2025-10-17 18:00:00,128420.0
Korea,2025-10-17 19:00:00,2025-10-17 19:00:00,128410.0
Korea,2025-10-17 20:00:00,2025-10-17 20:00:00,129610.0
Korea,2025-10-17 21:00:00,2025-10-17 21:00:00,129610.0
Korea,2025-10-17 22:00:00,2025-10-17 22:00:00,128110.0
Korea,2025-10-17 23:00:00,2025-10-17 23:00:00,127950.0
Korea,2025-10-18 00:00:00,2025-10-18 00:00:00,92310.0
Korea,2025-10-18 01:00:00,2025-10-18 01:00:00,87080.0
Korea,2025-10-18 02:00:00,2025-10-18 02:00:00,72220.0
Korea,2025-10-18 03:00:00,2025-10-18 03:00:00,72200.0
Korea,2025-10-18 04:00:00,2025-10-18 04:00:00,72250.0
Korea,2025-10-18 05:00:00,2025-10-18 05:00:00,72280.0
Korea,2025-10-18 06:00:00,2025-10-18 06:00:00,72280.0
Korea,2025-10-18 07:00:00,2025-10-18 07:00:00,85050.0
Korea,2025-10-18 08:00:00,2025-10-18 08:00:00,91550.0
Korea,2025-10-18 09:00:00,2025-10-18 09:00:00,130550.0
Korea,2025-10-18 10:00:00,2025-10-18 10:00:00,130410.0
Korea,2025-10-18 11:00:00,2025-10-18 11:00:00,122710.0
Korea,2025-10-18 12:00:00,2025-10-18 12:00:00,93430.0
Korea,2025-10-18 13:00:00,2025-10-18 13:00:00,92190.0
Korea,2025-10-18 14:00:00,2025-10-18 14:00:00,93430.0
Korea,2025-10-18 15:00:00,2025-10-18 15:00:00,158790.0
Korea,2025-10-18 16:00:00,2025-10-18 16:00:00,93430.0
Korea,2025-10-18 17:00:00,2025-10-18 17:00:00,130770.0
Korea,2025-10-18 18:00:00,2025-10-18 18:00:00,130950.0
Korea,2025-10-18 19:00:00,2025-10-18 19:00:00,93430.0
Korea,2025-10-18 20:00:00,2025-10-18 20:00:00,92230.0
Korea,2025-10-18 21:00:00,2025-10-18 21:00:00,92190.0
Korea,2025-10-18 22:00:00,2025-10-18 22:00:00,92130.0
Korea,2025-10-18 23:00:00,2025-10-18 23:00:00,91400.0
Korea,2025-10-19 00:00:00,2025-10-19 00:00:00,72610.0
Korea,2025-10-19 01:00:00,2025-10-19 01:00:00,71280.0
Korea,2025-10-19 02:00:00,2025-10-19 02:00:00,68970.0
Korea,2025-10-19 03:00:00,2025-10-19 03:00:00,68200.0
Korea,2025-10-19 04:00:00,2025-10-19 04:00:00,68200.0
Korea,2025-10-19 05:00:00,2025-10-19 05:00:00,68970.0
Korea,2025-10-19 06:00:00,2025-10-19 06:00:00,69740.0
Korea,2025-10-19 07:00:00,2025-10-19 07:00:00,69170.0
Korea,2025-10-19 08:00:00,2025-10-19 08:00:00,66970.0
Korea,2025-10-19 09:00:00,2025-10-19 09:00:00,91980.0
Korea,2025-10-19 10:00:00,2025-10-19 10:00:00,91980.0
Korea,2025-10-19 11:00:00,2025-10-19 11:00:00,91980.0
Korea,2025-10-19 12:00:00,2025-10-19 12:00:00,91980.0
Korea,2025-10-19 13:00:00,2025-10-19 13:00:00,91980.0
Korea,2025-10-19 14:00:00,2025-10-19 14:00:00,91980.0
Korea,2025-10-19 15:00:00,2025-10-19 15:00:00,91660.0
Korea,2025-10-19 16:00:00,2025-10-19 16:00:00,91800.0
Korea,2025-10-19 17:00:00,2025-10-19 17:00:00,92500.0
Korea,2025-10-19 18:00:00,2025-10-19 18:00:00,92500.0
Korea,2025-10-19 19:00:00,2025-10-19 19:00:00,92500.0
Korea,2025-10-19 20:00:00,2025-10-19 20:00:00,92500.0
Korea,2025-10-19 21:00:00,2025-10-19 21:00:00,91980.0
Korea,2025-10-19 22:00:00,2025-10-19 22:00:00,91550.0
Korea,2025-10-19 23:00:00,2025-10-19 23:00:00,77830.0
Korea,2025-10-20 00:00:00,2025-10-20 00:00:00,71890.0
Korea,2025-10-20 01:00:00,2025-10-20 01:00:00,68270.0
Korea,2025-10-20 02:00:00,2025-10-20 02:00:00,67230.0
Korea,2025-10-20 03:00:00,2025-10-20 03:00:00,67230.0
Korea,2025-10-20 04:00:00,2025-10-20 04:00:00,67230.0
Korea,2025-10-20 05:00:00,2025-10-20 05:00:00,68270.0
Korea,2025-10-20 06:00:00,2025-10-20 06:00:00,74730.0
Korea,2025-10-20 07:00:00,2025-10-20 07:00:00,97260.0
Korea,2025-10-20 08:00:00,2025-10-20 08:00:00,143350.0
Korea,2025-10-20 09:00:00,2025-10-20 09:00:00,125780.0
Korea,2025-10-20 10:00:00,2025-10-20 10:00:00,125530.0
Korea,2025-10-20 11:00:00,2025-10-20 11:00:00,118870.0
Korea,2025-10-20 12:00:00,2025-10-20 12:00:00,110740.0
Korea,2025-10-20 13:00:00,2025-10-20 13:00:00,118880.0
Korea,2025-10-20 14:00:00,2025-10-20 14:00:00,118870.0
Korea,2025-10-20 15:00:00,2025-10-20 15:00:00,118880.0
Korea,2025-10-20 16:00:00,2025-10-20 16:00:00,118820.0
Korea,2025-10-20 17:00:00,2025-10-20 17:00:00,118870.0
Korea,2025-10-20 18:00:00,2025-10-20 18:00:00,129510.0
Korea,2025-10-20 19:00:00,2025-10-20 19:00:00,129370.0
Korea,2025-10-20 20:00:00,2025-10-20 20:00:00,118810.0
Korea,2025-10-20 21:00:00,2025-10-20 21:00:00,118240.0
Korea,2025-10-20 22:00:00,2025-10-20 22:00:00,129070.0
Korea,2025-10-20 23:00:00,2025-10-20 23:00:00,102150.0
Korea,2025-10-21 00:00:00,2025-10-21 00:00:00,111610.0
Korea,2025-10-21 01:00:00,2025-10-21 01:00:00,83720.0
Korea,2025-10-21 02:00:00,2025-10-21 02:00:00,82470.0
Korea,2025-10-21 03:00:00,2025-10-21 03:00:00,82610.0
Korea,2025-10-21 04:00:00,2025-10-21 04:00:00,84440.0
Korea,2025-10-21 05:00:00,2025-10-21 05:00:00,90410.0
Korea,2025-10-21 06:00:00,2025-10-21 06:00:00,97310.0
Korea,2025-10-21 07:00:00,2025-10-21 07:00:00,97660.0
Korea,2025-10-21 08:00:00,2025-10-21 08:00:00,126570.0
Korea,2025-10-21 09:00:00,2025-10-21 09:00:00,112730.0
Korea,2025-10-21 10:00:00,2025-10-21 10:00:00,112610.0
Korea,2025-10-21 11:00:00,2025-10-21 11:00:00,112370.0
Korea,2025-10-21 12:00:00,2025-10-21 12:00:00,112280.0
Korea,2025-10-21 13:00:00,2025-10-21 13:00:00,112240.0
Korea,2025-10-21 14:00:00,2025-10-21 14:00:00,112240.0
Korea,2025-10-21 15:00:00,2025-10-21 15:00:00,112240.0
Korea,2025-10-21 16:00:00,2025-10-21 16:00:00,130120.0
Korea,2025-10-21 17:00:00,2025-10-21 17:00:00,118320.0
Korea,2025-10-21 18:00:00,2025-10-21 18:00:00,126400.0
Korea,2025-10-21 19:00:00,2025-10-21 19:00:00,126770.0
Korea,2025-10-21 20:00:00,2025-10-21 20:00:00,118320.0
Korea,2025-10-21 21:00:00,2025-10-21 21:00:00,98510.0
Korea,2025-10-21 22:00:00,2025-10-21 22:00:00,98480.0
Korea,2025-10-21 23:00:00,2025-10-21 23:00:00,98580.0
Korea,2025-10-22 00:00:00,2025-10-22 00:00:00,106660.0
Korea,2025-10-22 01:00:00,2025-10-22 01:00:00,89720.0
Korea,2025-10-22 02:00:00,2025-10-22 02:00:00,89760.0
Korea,2025-10-22 03:00:00,2025-10-22 03:00:00,89780.0
Korea,2025-10-22 04:00:00,2025-10-22 04:00:00,89670.0
Korea,2025-10-22 05:00:00,2025-10-22 05:00:00,115090.0
Korea,2025-10-22 06:00:00,2025-10-22 06:00:00,97300.0
Korea,2025-10-22 07:00:00,2025-10-22 07:00:00,134090.0
Korea,2025-10-22 08:00:00,2025-10-22 08:00:00,120560.0
Korea,2025-10-22 09:00:00,2025-10-22 09:00:00,120550.0
Korea,2025-10-22 10:00:00,2025-10-22 10:00:00,120550.0
Korea,2025-10-22 11:00:00,2025-10-22 11:00:00,118530.0
Korea,2025-10-22 12:00:00,2025-10-22 12:00:00,118530.0
Korea,2025-10-22 13:00:00,2025-10-22 13:00:00,118530.0
Korea,2025-10-22 14:00:00,2025-10-22 14:00:00,118530.0
Korea,2025-10-22 15:00:00,2025-10-22 15:00:00,118530.0
Korea,2025-10-22 16:00:00,2025-10-22 16:00:00,118530.0
Korea,2025-10-22 17:00:00,2025-10-22 17:00:00,118530.0
Korea,2025-10-22 18:00:00,2025-10-22 18:00:00,118520.0
Korea,2025-10-22 19:00:00,2025-10-22 19:00:00,118510.0
Korea,2025-10-22 20:00:00,2025-10-22 20:00:00,114100.0
Korea,2025-10-22 21:00:00,2025-10-22 21:00:00,111440.0
Korea,2025-10-22 22:00:00,2025-10-22 22:00:00,111610.0
Korea,2025-10-22 23:00:00,2025-10-22 23:00:00,107650.0
Korea,2025-10-23 00:00:00,2025-10-23 00:00:00,105770.0
Korea,2025-10-23 01:00:00,2025-10-23 01:00:00,89830.0
Korea,2025-10-23 02:00:00,2025-10-23 02:00:00,74940.0
Korea,2025-10-23 03:00:00,2025-10-23 03:00:00,72260.0
Korea,2025-10-23 04:00:00,2025-10-23 04:00:00,72940.0
Korea,2025-10-23 05:00:00,2025-10-23 05:00:00,103080.0
Korea,2025-10-23 06:00:00,2025-10-23 06:00:00,103340.0
Korea,2025-10-23 07:00:00,2025-10-23 07:00:00,111810.0
Korea,2025-10-23 08:00:00,2025-10-23 08:00:00,117510.0
Korea,2025-10-23 09:00:00,2025-10-23 09:00:00,117400.0
Korea,2025-10-23 10:00:00,2025-10-23 10:00:00,117170.0
Korea,2025-10-23 11:00:00,2025-10-23 11:00:00,117060.0
Korea,2025-10-23 12:00:00,2025-10-23 12:00:00,113960.0
Korea,2025-10-23 13:00:00,2025-10-23 13:00:00,116830.0
Korea,2025-10-23 14:00:00,2025-10-23 14:00:00,116830.0
Korea,2025-10-23 15:00:00,2025-10-23 15:00:00,116830.0
Korea,2025-10-23 16:00:00,2025-10-23 16:00:00,113960.0
Korea,2025-10-23 17:00:00,2025-10-23 17:00:00,116110.0
Korea,2025-10-23 18:00:00,2025-10-23 18:00:00,125020.0
Korea,2025-10-23 19:00:00,2025-10-23 19:00:00,125060.0
Korea,2025-10-23 20:00:00,2025-10-23 20:00:00,125040.0
Korea,2025-10-23 21:00:00,2025-10-23 21:00:00,113960.0
Korea,2025-10-23 22:00:00,2025-10-23 22:00:00,113960.0
Korea,2025-10-23 23:00:00,2025-10-23 23:00:00,109660.0
Korea,2025-10-24 00:00:00,2025-10-24 00:00:00,109130.0
Korea,2025-10-24 01:00:00,2025-10-24 01:00:00,71520.0
Korea,2025-10-24 02:00:00,2025-10-24 02:00:00,70450.0
Korea,2025-10-24 03:00:00,2025-10-24 03:00:00,68920.0
Korea,2025-10-24 04:00:00,2025-10-24 04:00:00,69680.0
Korea,2025-10-24 05:00:00,2025-10-24 05:00:00,90000.0
Korea,2025-10-24 06:00:00,2025-10-24 06:00:00,102670.0
Korea,2025-10-24 07:00:00,2025-10-24 07:00:00,116580.0
Korea,2025-10-24 08:00:00,2025-10-24 08:00:00,119130.0
Korea,2025-10-24 09:00:00,2025-10-24 09:00:00,119130.0
Korea,2025-10-24 10:00:00,2025-10-24 10:00:00,119130.0
Korea,2025-10-24 11:00:00,2025-10-24 11:00:00,119130.0
Korea,2025-10-24 12:00:00,2025-10-24 12:00:00,119130.0
Korea,2025-10-24 13:00:00,2025-10-24 13:00:00,119130.0
Korea,2025-10-24 14:00:00,2025-10-24 14:00:00,119130.0
Korea,2025-10-24 15:00:00,2025-10-24 15:00:00,119130.0
Korea,2025-10-24 16:00:00,2025-10-24 16:00:00,116430.0
Korea,2025-10-24 17:00:00,2025-10-24 17:00:00,117720.0
Korea,2025-10-24 18:00:00,2025-10-24 18:00:00,117830.0
Korea,2025-10-24 19:00:00,2025-10-24 19:00:00,114510.0
Korea,2025-10-24 20:00:00,2025-10-24 20:00:00,114510.0
Korea,2025-10-24 21:00:00,2025-10-24 21:00:00,112360.0
Korea,2025-10-24 22:00:00,2025-10-24 22:00:00,112360.0
Korea,2025-10-24 23:00:00,2025-10-24 23:00:00,108060.0
Korea,2025-10-25 00:00:00,2025-10-25 00:00:00,91130.0
Korea,2025-10-25 01:00:00,2025-10-25 01:00:00,90350.0
Korea,2025-10-25 02:00:00,2025-10-25 02:00:00,74320.0
Korea,2025-10-25 03:00:00,2025-10-25 03:00:00,73130.0
Korea,2025-10-25 04:00:00,2025-10-25 04:00:00,73130.0
Korea,2025-10-25 05:00:00,2025-10-25 05:00:00,73190.0
Korea,2025-10-25 06:00:00,2025-10-25 06:00:00,90310.0
Korea,2025-10-25 07:00:00,2025-10-25 07:00:00,109260.0
Korea,2025-10-25 08:00:00,2025-10-25 08:00:00,90100.0
Korea,2025-10-25 09:00:00,2025-10-25 09:00:00,116310.0
Korea,2025-10-25 10:00:00,2025-10-25 10:00:00,118450.0
Korea,2025-10-25 11:00:00,2025-10-25 11:00:00,118450.0
Korea,2025-10-25 12:00:00,2025-10-25 12:00:00,118450.0
Korea,2025-10-25 13:00:00,2025-10-25 13:00:00,118450.0
Korea,2025-10-25 14:00:00,2025-10-25 14:00:00,116310.0
Korea,2025-10-25 15:00:00,2025-10-25 15:00:00,116310.0
Korea,2025-10-25 16:00:00,2025-10-25 16:00:00,109870.0
Korea,2025-10-25 17:00:00,2025-10-25 17:00:00,114460.0
Korea,2025-10-25 18:00:00,2025-10-25 18:00:00,116310.0
Korea,2025-10-25 19:00:00,2025-10-25 19:00:00,116310.0
Korea,2025-10-25 20:00:00,2025-10-25 20:00:00,116310.0
Korea,2025-10-25 21:00:00,2025-10-25 21:00:00,116310.0
Korea,2025-10-25 22:00:00,2025-10-25 22:00:00,116310.0
Korea,2025-10-25 23:00:00,2025-10-25 23:00:00,111150.0
Korea,2025-10-26 00:00:00,2025-10-26 00:00:00,77200.0
Korea,2025-10-26 01:00:00,2025-10-26 01:00:00,73440.0
Korea,2025-10-26 02:00:00,2025-10-26 02:00:00,71420.0
Korea,2025-10-26 03:00:00,2025-10-26 03:00:00,68350.0
Korea,2025-10-26 04:00:00,2025-10-26 04:00:00,68500.0
Korea,2025-10-26 05:00:00,2025-10-26 05:00:00,69120.0
Korea,2025-10-26 06:00:00,2025-10-26 06:00:00,72630.0
Korea,2025-10-26 07:00:00,2025-10-26 07:00:00,73440.0
Korea,2025-10-26 08:00:00,2025-10-26 08:00:00,71710.0
Korea,2025-10-26 09:00:00,2025-10-26 09:00:00,67270.0
Korea,2025-10-26 10:00:00,2025-10-26 10:00:00,67270.0
Korea,2025-10-26 11:00:00,2025-10-26 11:00:00,67270.0
Korea,2025-10-26 12:00:00,2025-10-26 12:00:00,63120.0
Korea,2025-10-26 13:00:00,2025-10-26 13:00:00,65410.0
Korea,2025-10-26 14:00:00,2025-10-26 14:00:00,65490.0
Korea,2025-10-26 15:00:00,2025-10-26 15:00:00,90780.0
Korea,2025-10-26 16:00:00,2025-10-26 16:00:00,90780.0
Korea,2025-10-26 17:00:00,2025-10-26 17:00:00,93900.0
Korea,2025-10-26 18:00:00,2025-10-26 18:00:00,93900.0
Korea,2025-10-26 19:00:00,2025-10-26 19:00:00,93900.0
Korea,2025-10-26 20:00:00,2025-10-26 20:00:00,93900.0
Korea,2025-10-26 21:00:00,2025-10-26 21:00:00,93460.0
Korea,2025-10-26 22:00:00,2025-10-26 22:00:00,90780.0
Korea,2025-10-26 23:00:00,2025-10-26 23:00:00,89880.0
Korea,2025-10-27 00:00:00,2025-10-27 00:00:00,75470.0
Korea,2025-10-27 01:00:00,2025-10-27 01:00:00,73190.0
Korea,2025-10-27 02:00:00,2025-10-27 02:00:00,73190.0
Korea,2025-10-27 03:00:00,2025-10-27 03:00:00,73190.0
Korea,2025-10-27 04:00:00,2025-10-27 04:00:00,73190.0
Korea,2025-10-27 05:00:00,2025-10-27 05:00:00,73190.0
Korea,2025-10-27 06:00:00,2025-10-27 06:00:00,102310.0
Korea,2025-10-27 07:00:00,2025-10-27 07:00:00,115290.0
Korea,2025-10-27 08:00:00,2025-10-27 08:00:00,132750.0
Korea,2025-10-27 09:00:00,2025-10-27 09:00:00,124210.0
Korea,2025-10-27 10:00:00,2025-10-27 10:00:00,125660.0
Korea,2025-10-27 11:00:00,2025-10-27 11:00:00,124650.0
Korea,2025-10-27 12:00:00,2025-10-27 12:00:00,112360.0
Korea,2025-10-27 13:00:00,2025-10-27 13:00:00,116200.0
Korea,2025-10-27 14:00:00,2025-10-27 14:00:00,112360.0
Korea,2025-10-27 15:00:00,2025-10-27 15:00:00,116200.0
Korea,2025-10-27 16:00:00,2025-10-27 16:00:00,118960.0
Korea,2025-10-27 17:00:00,2025-10-27 17:00:00,128700.0
Korea,2025-10-27 18:00:00,2025-10-27 18:00:00,128730.0
Korea,2025-10-27 19:00:00,2025-10-27 19:00:00,128620.0
Korea,2025-10-27 20:00:00,2025-10-27 20:00:00,126610.0
Korea,2025-10-27 21:00:00,2025-10-27 21:00:00,128730.0
Korea,2025-10-27 22:00:00,2025-10-27 22:00:00,125930.0
Korea,2025-10-27 23:00:00,2025-10-27 23:00:00,126460.0
Korea,2025-10-28 00:00:00,2025-10-28 00:00:00,115980.0
Korea,2025-10-28 01:00:00,2025-10-28 01:00:00,89920.0
Korea,2025-10-28 02:00:00,2025-10-28 02:00:00,90010.0
Korea,2025-10-28 03:00:00,2025-10-28 03:00:00,89690.0
Korea,2025-10-28 04:00:00,2025-10-28 04:00:00,89990.0
Korea,2025-10-28 05:00:00,2025-10-28 05:00:00,97200.0
Korea,2025-10-28 06:00:00,2025-10-28 06:00:00,119730.0
Korea,2025-10-28 07:00:00,2025-10-28 07:00:00,120070.0
Korea,2025-10-28 08:00:00,2025-10-28 08:00:00,120090.0
Korea,2025-10-28 09:00:00,2025-10-28 09:00:00,120370.0
Korea,2025-10-28 10:00:00,2025-10-28 10:00:00,126720.0
Korea,2025-10-28 11:00:00,2025-10-28 11:00:00,112170.0
Korea,2025-10-28 12:00:00,2025-10-28 12:00:00,112160.0
Korea,2025-10-28 13:00:00,2025-10-28 13:00:00,112160.0
Korea,2025-10-28 14:00:00,2025-10-28 14:00:00,118960.0
Korea,2025-10-28 15:00:00,2025-10-28 15:00:00,120300.0
Korea,2025-10-28 16:00:00,2025-10-28 16:00:00,130550.0
Korea,2025-10-28 17:00:00,2025-10-28 17:00:00,133240.0
Korea,2025-10-28 18:00:00,2025-10-28 18:00:00,130760.0
Korea,2025-10-28 19:00:00,2025-10-28 19:00:00,120050.0
Korea,2025-10-28 20:00:00,2025-10-28 20:00:00,117850.0
Korea,2025-10-28 21:00:00,2025-10-28 21:00:00,112170.0
Korea,2025-10-28 22:00:00,2025-10-28 22:00:00,99930.0
Korea,2025-10-28 23:00:00,2025-10-28 23:00:00,107230.0
Korea,2025-10-29 00:00:00,2025-10-29 00:00:00,117210.0
Korea,2025-10-29 01:00:00,2025-10-29 01:00:00,90300.0
Korea,2025-10-29 02:00:00,2025-10-29 02:00:00,89790.0
Korea,2025-10-29 03:00:00,2025-10-29 03:00:00,83900.0
Korea,2025-10-29 04:00:00,2025-10-29 04:00:00,89670.0
Korea,2025-10-29 05:00:00,2025-10-29 05:00:00,90180.0
Korea,2025-10-29 06:00:00,2025-10-29 06:00:00,111180.0
Korea,2025-10-29 07:00:00,2025-10-29 07:00:00,111180.0
Korea,2025-10-29 08:00:00,2025-10-29 08:00:00,119630.0
Korea,2025-10-29 09:00:00,2025-10-29 09:00:00,125310.0
Korea,2025-10-29 10:00:00,2025-10-29 10:00:00,120790.0
Korea,2025-10-29 11:00:00,2025-10-29 11:00:00,112050.0
Korea,2025-10-29 12:00:00,2025-10-29 12:00:00,111970.0
Korea,2025-10-29 13:00:00,2025-10-29 13:00:00,111810.0
Korea,2025-10-29 14:00:00,2025-10-29 14:00:00,117130.0
Korea,2025-10-29 15:00:00,2025-10-29 15:00:00,117130.0
Korea,2025-10-29 16:00:00,2025-10-29 16:00:00,124110.0
Korea,2025-10-29 17:00:00,2025-10-29 17:00:00,124230.0
Korea,2025-10-29 18:00:00,2025-10-29 18:00:00,130090.0
Korea,2025-10-29 19:00:00,2025-10-29 19:00:00,124240.0
Korea,2025-10-29 20:00:00,2025-10-29 20:00:00,112830.0
Korea,2025-10-29 21:00:00,2025-10-29 21:00:00,109690.0
Korea,2025-10-29 22:00:00,2025-10-29 22:00:00,109860.0
Korea,2025-10-29 23:00:00,2025-10-29 23:00:00,107070.0
Korea,2025-10-30 00:00:00,2025-10-30 00:00:00,118070.0
Korea,2025-10-30 01:00:00,2025-10-30 01:00:00,113610.0
Korea,2025-10-30 02:00:00,2025-10-30 02:00:00,89720.0
Korea,2025-10-30 03:00:00,2025-10-30 03:00:00,89720.0
Korea,2025-10-30 04:00:00,2025-10-30 04:00:00,89620.0
Korea,2025-10-30 05:00:00,2025-10-30 05:00:00,113840.0
Korea,2025-10-30 06:00:00,2025-10-30 06:00:00,118070.0
Korea,2025-10-30 07:00:00,2025-10-30 07:00:00,120550.0
Korea,2025-10-30 08:00:00,2025-10-30 08:00:00,125180.0
Korea,2025-10-30 09:00:00,2025-10-30 09:00:00,123770.0
Korea,2025-10-30 10:00:00,2025-10-30 10:00:00,130820.0
Korea,2025-10-30 11:00:00,2025-10-30 11:00:00,123430.0
Korea,2025-10-30 12:00:00,2025-10-30 12:00:00,120220.0
Korea,2025-10-30 13:00:00,2025-10-30 13:00:00,122370.0
Korea,2025-10-30 14:00:00,2025-10-30 14:00:00,122370.0
Korea,2025-10-30 15:00:00,2025-10-30 15:00:00,123320.0
Korea,2025-10-30 16:00:00,2025-10-30 16:00:00,123000.0
Korea,2025-10-30 17:00:00,2025-10-30 17:00:00,123280.0
Korea,2025-10-30 18:00:00,2025-10-30 18:00:00,128820.0
Korea,2025-10-30 19:00:00,2025-10-30 19:00:00,129230.0
Korea,2025-10-30 20:00:00,2025-10-30 20:00:00,123280.0
Korea,2025-10-30 21:00:00,2025-10-30 21:00:00,128820.0
Korea,2025-10-30 22:00:00,2025-10-30 22:00:00,129250.0
Korea,2025-10-30 23:00:00,2025-10-30 23:00:00,113770.0
Korea,2025-10-31 00:00:00,2025-10-31 00:00:00,116720.0
Korea,2025-10-31 01:00:00,2025-10-31 01:00:00,89770.0
Korea,2025-10-31 02:00:00,2025-10-31 02:00:00,90190.0
Korea,2025-10-31 03:00:00,2025-10-31 03:00:00,89690.0
Korea,2025-10-31 04:00:00,2025-10-31 04:00:00,89560.0
Korea,2025-10-31 05:00:00,2025-10-31 05:00:00,105570.0
Korea,2025-10-31 06:00:00,2025-10-31 06:00:00,117220.0
Korea,2025-10-31 07:00:00,2025-10-31 07:00:00,123670.0
Korea,2025-10-31 08:00:00,2025-10-31 08:00:00,127220.0
Korea,2025-10-31 09:00:00,2025-10-31 09:00:00,127110.0
Korea,2025-10-31 10:00:00,2025-10-31 10:00:00,126880.0
Korea,2025-10-31 11:00:00,2025-10-31 11:00:00,126590.0
Korea,2025-10-31 12:00:00,2025-10-31 12:00:00,123670.0
Korea,2025-10-31 13:00:00,2025-10-31 13:00:00,126540.0
Korea,2025-10-31 14:00:00,2025-10-31 14:00:00,123670.0
Korea,2025-10-31 15:00:00,2025-10-31 15:00:00,123670.0
Korea,2025-10-31 16:00:00,2025-10-31 16:00:00,123670.0
Korea,2025-10-31 17:00:00,2025-10-31 17:00:00,126880.0
Korea,2025-10-31 18:00:00,2025-10-31 18:00:00,123670.0
Korea,2025-10-31 19:00:00,2025-10-31 19:00:00,123670.0
Korea,2025-10-31 20:00:00,2025-10-31 20:00:00,123670.0
Korea,2025-10-31 21:00:00,2025-10-31 21:00:00,123670.0
Korea,2025-10-31 22:00:00,2025-10-31 22:00:00,122980.0
Korea,2025-10-31 23:00:00,2025-10-31 23:00:00,117220.0
Korea,2025-11-01 00:00:00,2025-11-01 00:00:00,108250.0
Korea,2025-11-01 01:00:00,2025-11-01 01:00:00,106600.0
Korea,2025-11-01 02:00:00,2025-11-01 02:00:00,100350.0
Korea,2025-11-01 03:00:00,2025-11-01 03:00:00,100350.0
Korea,2025-11-01 04:00:00,2025-11-01 04:00:00,100350.0
Korea,2025-11-01 05:00:00,2025-11-01 05:00:00,100350.0
Korea,2025-11-01 06:00:00,2025-11-01 06:00:00,111740.0
Korea,2025-11-01 07:00:00,2025-11-01 07:00:00,111900.0
Korea,2025-11-01 08:00:00,2025-11-01 08:00:00,111900.0
Korea,2025-11-01 09:00:00,2025-11-01 09:00:00,111930.0
Korea,2025-11-01 10:00:00,2025-11-01 10:00:00,115450.0
Korea,2025-11-01 11:00:00,2025-11-01 11:00:00,109550.0
Korea,2025-11-01 12:00:00,2025-11-01 12:00:00,102320.0
Korea,2025-11-01 13:00:00,2025-11-01 13:00:00,104300.0
Korea,2025-11-01 14:00:00,2025-11-01 14:00:00,102320.0
Korea,2025-11-01 15:00:00,2025-11-01 15:00:00,106280.0
Korea,2025-11-01 16:00:00,2025-11-01 16:00:00,114190.0
Korea,2025-11-01 17:00:00,2025-11-01 17:00:00,116050.0
Korea,2025-11-01 18:00:00,2025-11-01 18:00:00,115700.0
Korea,2025-11-01 19:00:00,2025-11-01 19:00:00,114200.0
Korea,2025-11-01 20:00:00,2025-11-01 20:00:00,114200.0
Korea,2025-11-01 21:00:00,2025-11-01 21:00:00,114210.0
Korea,2025-11-01 22:00:00,2025-11-01 22:00:00,108250.0
Korea,2025-11-01 23:00:00,2025-11-01 23:00:00,108250.0
Korea,2025-11-02 00:00:00,2025-11-02 00:00:00,109070.0
Korea,2025-11-02 01:00:00,2025-11-02 01:00:00,103100.0
Korea,2025-11-02 02:00:00,2025-11-02 02:00:00,103100.0
Korea,2025-11-02 03:00:00,2025-11-02 03:00:00,102960.0
Korea,2025-11-02 04:00:00,2025-11-02 04:00:00,103100.0
Korea,2025-11-02 05:00:00,2025-11-02 05:00:00,103160.0
Korea,2025-11-02 06:00:00,2025-11-02 06:00:00,103990.0
Korea,2025-11-02 07:00:00,2025-11-02 07:00:00,106860.0
Korea,2025-11-02 08:00:00,2025-11-02 08:00:00,106890.0
Korea,2025-11-02 09:00:00,2025-11-02 09:00:00,113070.0
Korea,2025-11-02 10:00:00,2025-11-02 10:00:00,109060.0
Korea,2025-11-02 11:00:00,2025-11-02 11:00:00,105090.0
Korea,2025-11-02 12:00:00,2025-11-02 12:00:00,103100.0
Korea,2025-11-02 13:00:00,2025-11-02 13:00:00,103100.0
Korea,2025-11-02 14:00:00,2025-11-02 14:00:00,112860.0
Korea,2025-11-02 15:00:00,2025-11-02 15:00:00,111040.0
Korea,2025-11-02 16:00:00,2025-11-02 16:00:00,109060.0
Korea,2025-11-02 17:00:00,2025-11-02 17:00:00,113070.0
Korea,2025-11-02 18:00:00,2025-11-02 18:00:00,113170.0
Korea,2025-11-02 19:00:00,2025-11-02 19:00:00,113280.0
Korea,2025-11-02 20:00:00,2025-11-02 20:00:00,113380.0
Korea,2025-11-02 21:00:00,2025-11-02 21:00:00,113380.0
Korea,2025-11-02 22:00:00,2025-11-02 22:00:00,113440.0
Korea,2025-11-02 23:00:00,2025-11-02 23:00:00,110770.0
Korea,2025-11-03 00:00:00,2025-11-03 00:00:00,85470.0
Korea,2025-11-03 01:00:00,2025-11-03 01:00:00,72470.0
Korea,2025-11-03 02:00:00,2025-11-03 02:00:00,72470.0
Korea,2025-11-03 03:00:00,2025-11-03 03:00:00,72470.0
Korea,2025-11-03 04:00:00,2025-11-03 04:00:00,72470.0
Korea,2025-11-03 05:00:00,2025-11-03 05:00:00,72470.0
Korea,2025-11-03 06:00:00,2025-11-03 06:00:00,89740.0
Korea,2025-11-03 07:00:00,2025-11-03 07:00:00,104070.0
Korea,2025-11-03 08:00:00,2025-11-03 08:00:00,122290.0
Korea,2025-11-03 09:00:00,2025-11-03 09:00:00,114320.0
Korea,2025-11-03 10:00:00,2025-11-03 10:00:00,116030.0
Korea,2025-11-03 11:00:00,2025-11-03 11:00:00,108850.0
Korea,2025-11-03 12:00:00,2025-11-03 12:00:00,108190.0
Korea,2025-11-03 13:00:00,2025-11-03 13:00:00,108390.0
Korea,2025-11-03 14:00:00,2025-11-03 14:00:00,108610.0
Korea,2025-11-03 15:00:00,2025-11-03 15:00:00,111740.0
Korea,2025-11-03 16:00:00,2025-11-03 16:00:00,108700.0
Korea,2025-11-03 17:00:00,2025-11-03 17:00:00,108760.0
Korea,2025-11-03 18:00:00,2025-11-03 18:00:00,118770.0
Korea,2025-11-03 19:00:00,2025-11-03 19:00:00,118770.0
Korea,2025-11-03 20:00:00,2025-11-03 20:00:00,108480.0
Korea,2025-11-03 21:00:00,2025-11-03 21:00:00,108480.0
Korea,2025-11-03 22:00:00,2025-11-03 22:00:00,108480.0
Korea,2025-11-03 23:00:00,2025-11-03 23:00:00,108480.0
Korea,2025-11-04 00:00:00,2025-11-04 00:00:00,96890.0
Korea,2025-11-04 01:00:00,2025-11-04 01:00:00,92880.0
Korea,2025-11-04 02:00:00,2025-11-04 02:00:00,92880.0
Korea,2025-11-04 03:00:00,2025-11-04 03:00:00,92880.0
Korea,2025-11-04 04:00:00,2025-11-04 04:00:00,92880.0
Korea,2025-11-04 05:00:00,2025-11-04 05:00:00,92880.0
Korea,2025-11-04 06:00:00,2025-11-04 06:00:00,94500.0
Korea,2025-11-04 07:00:00,2025-11-04 07:00:00,103070.0
Korea,2025-11-04 08:00:00,2025-11-04 08:00:00,103000.0
Korea,2025-11-04 09:00:00,2025-11-04 09:00:00,107500.0
Korea,2025-11-04 10:00:00,2025-11-04 10:00:00,118680.0
Korea,2025-11-04 11:00:00,2025-11-04 11:00:00,108020.0
Korea,2025-11-04 12:00:00,2025-11-04 12:00:00,105550.0
Korea,2025-11-04 13:00:00,2025-11-04 13:00:00,108230.0
Korea,2025-11-04 14:00:00,2025-11-04 14:00:00,108280.0
Korea,2025-11-04 15:00:00,2025-11-04 15:00:00,115750.0
Korea,2025-11-04 16:00:00,2025-11-04 16:00:00,108230.0
Korea,2025-11-04 17:00:00,2025-11-04 17:00:00,108310.0
Korea,2025-11-04 18:00:00,2025-11-04 18:00:00,108240.0
Korea,2025-11-04 19:00:00,2025-11-04 19:00:00,108250.0
Korea,2025-11-04 20:00:00,2025-11-04 20:00:00,108250.0
Korea,2025-11-04 21:00:00,2025-11-04 21:00:00,108050.0
Korea,2025-11-04 22:00:00,2025-11-04 22:00:00,107730.0
Korea,2025-11-04 23:00:00,2025-11-04 23:00:00,103510.0
Korea,2025-11-05 00:00:00,2025-11-05 00:00:00,116130.0
Korea,2025-11-05 01:00:00,2025-11-05 01:00:00,88340.0
Korea,2025-11-05 02:00:00,2025-11-05 02:00:00,84030.0
Korea,2025-11-05 03:00:00,2025-11-05 03:00:00,82120.0
Korea,2025-11-05 04:00:00,2025-11-05 04:00:00,83270.0
Korea,2025-11-05 05:00:00,2025-11-05 05:00:00,88510.0
Korea,2025-11-05 06:00:00,2025-11-05 06:00:00,107090.0
Korea,2025-11-05 07:00:00,2025-11-05 07:00:00,107380.0
Korea,2025-11-05 08:00:00,2025-11-05 08:00:00,109180.0
Korea,2025-11-05 09:00:00,2025-11-05 09:00:00,107970.0
Korea,2025-11-05 10:00:00,2025-11-05 10:00:00,113480.0
Korea,2025-11-05 11:00:00,2025-11-05 11:00:00,107620.0
Korea,2025-11-05 12:00:00,2025-11-05 12:00:00,107390.0
Korea,2025-11-05 13:00:00,2025-11-05 13:00:00,107800.0
Korea,2025-11-05 14:00:00,2025-11-05 14:00:00,108080.0
Korea,2025-11-05 15:00:00,2025-11-05 15:00:00,116500.0
Korea,2025-11-05 16:00:00,2025-11-05 16:00:00,115770.0
Korea,2025-11-05 17:00:00,2025-11-05 17:00:00,137660.0
Korea,2025-11-05 18:00:00,2025-11-05 18:00:00,116770.0
Korea,2025-11-05 19:00:00,2025-11-05 19:00:00,115780.0
Korea,2025-11-05 20:00:00,2025-11-05 20:00:00,109700.0
Korea,2025-11-05 21:00:00,2025-11-05 21:00:00,109650.0
Korea,2025-11-05 22:00:00,2025-11-05 22:00:00,109150.0
Korea,2025-11-05 23:00:00,2025-11-05 23:00:00,108900.0
Korea,2025-11-06 00:00:00,2025-11-06 00:00:00,108660.0
Korea,2025-11-06 01:00:00,2025-11-06 01:00:00,82850.0
Korea,2025-11-06 02:00:00,2025-11-06 02:00:00,74110.0
Korea,2025-11-06 03:00:00,2025-11-06 03:00:00,72470.0
Korea,2025-11-06 04:00:00,2025-11-06 04:00:00,72470.0
Korea,2025-11-06 05:00:00,2025-11-06 05:00:00,88450.0
Korea,2025-11-06 06:00:00,2025-11-06 06:00:00,108290.0
Korea,2025-11-06 07:00:00,2025-11-06 07:00:00,114100.0
Korea,2025-11-06 08:00:00,2025-11-06 08:00:00,119370.0
Korea,2025-11-06 09:00:00,2025-11-06 09:00:00,109150.0
Korea,2025-11-06 10:00:00,2025-11-06 10:00:00,116600.0
Korea,2025-11-06 11:00:00,2025-11-06 11:00:00,108680.0
Korea,2025-11-06 12:00:00,2025-11-06 12:00:00,107940.0
Korea,2025-11-06 13:00:00,2025-11-06 13:00:00,108690.0
Korea,2025-11-06 14:00:00,2025-11-06 14:00:00,109120.0
Korea,2025-11-06 15:00:00,2025-11-06 15:00:00,114770.0
Korea,2025-11-06 16:00:00,2025-11-06 16:00:00,108800.0
Korea,2025-11-06 17:00:00,2025-11-06 17:00:00,113220.0
Korea,2025-11-06 18:00:00,2025-11-06 18:00:00,126470.0
Korea,2025-11-06 19:00:00,2025-11-06 19:00:00,108630.0
Korea,2025-11-06 20:00:00,2025-11-06 20:00:00,106770.0
Korea,2025-11-06 21:00:00,2025-11-06 21:00:00,104610.0
Korea,2025-11-06 22:00:00,2025-11-06 22:00:00,104610.0
Korea,2025-11-06 23:00:00,2025-11-06 23:00:00,104580.0
Korea,2025-11-07 00:00:00,2025-11-07 00:00:00,91080.0
Korea,2025-11-07 01:00:00,2025-11-07 01:00:00,84190.0
Korea,2025-11-07 02:00:00,2025-11-07 02:00:00,84190.0
Korea,2025-11-07 03:00:00,2025-11-07 03:00:00,73350.0
Korea,2025-11-07 04:00:00,2025-11-07 04:00:00,73350.0
Korea,2025-11-07 05:00:00,2025-11-07 05:00:00,91650.0
Korea,2025-11-07 06:00:00,2025-11-07 06:00:00,92750.0
Korea,2025-11-07 07:00:00,2025-11-07 07:00:00,104990.0
Korea,2025-11-07 08:00:00,2025-11-07 08:00:00,108390.0
Korea,2025-11-07 09:00:00,2025-11-07 09:00:00,108620.0
Korea,2025-11-07 10:00:00,2025-11-07 10:00:00,108490.0
Korea,2025-11-07 11:00:00,2025-11-07 11:00:00,107210.0
Korea,2025-11-07 12:00:00,2025-11-07 12:00:00,106740.0
Korea,2025-11-07 13:00:00,2025-11-07 13:00:00,107750.0
Korea,2025-11-07 14:00:00,2025-11-07 14:00:00,112090.0
Korea,2025-11-07 15:00:00,2025-11-07 15:00:00,144610.0
Korea,2025-11-07 16:00:00,2025-11-07 16:00:00,111560.0
Korea,2025-11-07 17:00:00,2025-11-07 17:00:00,107780.0
Korea,2025-11-07 18:00:00,2025-11-07 18:00:00,107780.0
Korea,2025-11-07 19:00:00,2025-11-07 19:00:00,107780.0
Korea,2025-11-07 20:00:00,2025-11-07 20:00:00,107780.0
Korea,2025-11-07 21:00:00,2025-11-07 21:00:00,105150.0
Korea,2025-11-07 22:00:00,2025-11-07 22:00:00,105150.0
Korea,2025-11-07 23:00:00,2025-11-07 23:00:00,105100.0
Korea,2025-11-08 00:00:00,2025-11-08 00:00:00,86490.0
Korea,2025-11-08 01:00:00,2025-11-08 01:00:00,83040.0
Korea,2025-11-08 02:00:00,2025-11-08 02:00:00,77780.0
Korea,2025-11-08 03:00:00,2025-11-08 03:00:00,77780.0
Korea,2025-11-08 04:00:00,2025-11-08 04:00:00,77780.0
Korea,2025-11-08 05:00:00,2025-11-08 05:00:00,77780.0
Korea,2025-11-08 06:00:00,2025-11-08 06:00:00,84050.0
Korea,2025-11-08 07:00:00,2025-11-08 07:00:00,83370.0
Korea,2025-11-08 08:00:00,2025-11-08 08:00:00,77780.0
Korea,2025-11-08 09:00:00,2025-11-08 09:00:00,86200.0
Korea,2025-11-08 10:00:00,2025-11-08 10:00:00,91170.0
Korea,2025-11-08 11:00:00,2025-11-08 11:00:00,91170.0
Korea,2025-11-08 12:00:00,2025-11-08 12:00:00,91170.0
Korea,2025-11-08 13:00:00,2025-11-08 13:00:00,115850.0
Korea,2025-11-08 14:00:00,2025-11-08 14:00:00,115850.0
Korea,2025-11-08 15:00:00,2025-11-08 15:00:00,91170.0
Korea,2025-11-08 16:00:00,2025-11-08 16:00:00,90600.0
Korea,2025-11-08 17:00:00,2025-11-08 17:00:00,91160.0
Korea,2025-11-08 18:00:00,2025-11-08 18:00:00,89320.0
Korea,2025-11-08 19:00:00,2025-11-08 19:00:00,89170.0
Korea,2025-11-08 20:00:00,2025-11-08 20:00:00,90030.0
Korea,2025-11-08 21:00:00,2025-11-08 21:00:00,87490.0
Korea,2025-11-08 22:00:00,2025-11-08 22:00:00,87220.0
Korea,2025-11-08 23:00:00,2025-11-08 23:00:00,87000.0
Korea,2025-11-09 00:00:00,2025-11-09 00:00:00,72520.0
Korea,2025-11-09 01:00:00,2025-11-09 01:00:00,71170.0
Korea,2025-11-09 02:00:00,2025-11-09 02:00:00,69810.0
Korea,2025-11-09 03:00:00,2025-11-09 03:00:00,68350.0
Korea,2025-11-09 04:00:00,2025-11-09 04:00:00,68350.0
Korea,2025-11-09 05:00:00,2025-11-09 05:00:00,70580.0
Korea,2025-11-09 06:00:00,2025-11-09 06:00:00,76820.0
Korea,2025-11-09 07:00:00,2025-11-09 07:00:00,76820.0
Korea,2025-11-09 08:00:00,2025-11-09 08:00:00,70340.0
Korea,2025-11-09 09:00:00,2025-11-09 09:00:00,67590.0
Korea,2025-11-09 10:00:00,2025-11-09 10:00:00,79830.0
Korea,2025-11-09 11:00:00,2025-11-09 11:00:00,66270.0
Korea,2025-11-09 12:00:00,2025-11-09 12:00:00,56520.0
Korea,2025-11-09 13:00:00,2025-11-09 13:00:00,65650.0
Korea,2025-11-09 14:00:00,2025-11-09 14:00:00,67590.0
Korea,2025-11-09 15:00:00,2025-11-09 15:00:00,67590.0
Korea,2025-11-09 16:00:00,2025-11-09 16:00:00,71170.0
Korea,2025-11-09 17:00:00,2025-11-09 17:00:00,79510.0
Korea,2025-11-09 18:00:00,2025-11-09 18:00:00,89930.0
Korea,2025-11-09 19:00:00,2025-11-09 19:00:00,89670.0
Korea,2025-11-09 20:00:00,2025-11-09 20:00:00,89670.0
Korea,2025-11-09 21:00:00,2025-11-09 21:00:00,80090.0
Korea,2025-11-09 22:00:00,2025-11-09 22:00:00,80090.0
Korea,2025-11-09 23:00:00,2025-11-09 23:00:00,80090.0
Korea,2025-11-10 00:00:00,2025-11-10 00:00:00,72440.0
Korea,2025-11-10 01:00:00,2025-11-10 01:00:00,72440.0
Korea,2025-11-10 02:00:00,2025-11-10 02:00:00,72440.0
Korea,2025-11-10 03:00:00,2025-11-10 03:00:00,72440.0
Korea,2025-11-10 04:00:00,2025-11-10 04:00:00,72440.0
Korea,2025-11-10 05:00:00,2025-11-10 05:00:00,72440.0
Korea,2025-11-10 06:00:00,2025-11-10 06:00:00,90880.0
Korea,2025-11-10 07:00:00,2025-11-10 07:00:00,104250.0
Korea,2025-11-10 08:00:00,2025-11-10 08:00:00,122290.0
Korea,2025-11-10 09:00:00,2025-11-10 09:00:00,110520.0
Korea,2025-11-10 10:00:00,2025-11-10 10:00:00,110520.0
Korea,2025-11-10 11:00:00,2025-11-10 11:00:00,110060.0
Korea,2025-11-10 12:00:00,2025-11-10 12:00:00,106290.0
Korea,2025-11-10 13:00:00,2025-11-10 13:00:00,108300.0
Korea,2025-11-10 14:00:00,2025-11-10 14:00:00,104590.0
Korea,2025-11-10 15:00:00,2025-11-10 15:00:00,106290.0
Korea,2025-11-10 16:00:00,2025-11-10 16:00:00,111600.0
Korea,2025-11-10 17:00:00,2025-11-10 17:00:00,112130.0
Korea,2025-11-10 18:00:00,2025-11-10 18:00:00,119520.0
Korea,2025-11-10 19:00:00,2025-11-10 19:00:00,112110.0
Korea,2025-11-10 20:00:00,2025-11-10 20:00:00,111880.0
Korea,2025-11-10 21:00:00,2025-11-10 21:00:00,111880.0
Korea,2025-11-10 22:00:00,2025-11-10 22:00:00,111880.0
Korea,2025-11-10 23:00:00,2025-11-10 23:00:00,104290.0
Korea,2025-11-11 00:00:00,2025-11-11 00:00:00,106070.0
Korea,2025-11-11 01:00:00,2025-11-11 01:00:00,88250.0
Korea,2025-11-11 02:00:00,2025-11-11 02:00:00,83210.0
Korea,2025-11-11 03:00:00,2025-11-11 03:00:00,83210.0
Korea,2025-11-11 04:00:00,2025-11-11 04:00:00,83210.0
Korea,2025-11-11 05:00:00,2025-11-11 05:00:00,88510.0
Korea,2025-11-11 06:00:00,2025-11-11 06:00:00,108990.0
Korea,2025-11-11 07:00:00,2025-11-11 07:00:00,116250.0
Korea,2025-11-11 08:00:00,2025-11-11 08:00:00,109760.0
Korea,2025-11-11 09:00:00,2025-11-11 09:00:00,114740.0
Korea,2025-11-11 10:00:00,2025-11-11 10:00:00,123200.0
Korea,2025-11-11 11:00:00,2025-11-11 11:00:00,109470.0
Korea,2025-11-11 12:00:00,2025-11-11 12:00:00,107990.0
Korea,2025-11-11 13:00:00,2025-11-11 13:00:00,109410.0
Korea,2025-11-11 14:00:00,2025-11-11 14:00:00,109680.0
Korea,2025-11-11 15:00:00,2025-11-11 15:00:00,109230.0
Korea,2025-11-11 16:00:00,2025-11-11 16:00:00,109240.0
Korea,2025-11-11 17:00:00,2025-11-11 17:00:00,121050.0
Korea,2025-11-11 18:00:00,2025-11-11 18:00:00,121080.0
Korea,2025-11-11 19:00:00,2025-11-11 19:00:00,109270.0
Korea,2025-11-11 20:00:00,2025-11-11 20:00:00,109280.0
Korea,2025-11-11 21:00:00,2025-11-11 21:00:00,109280.0
Korea,2025-11-11 22:00:00,2025-11-11 22:00:00,109290.0
Korea,2025-11-11 23:00:00,2025-11-11 23:00:00,104780.0
Korea,2025-11-12 00:00:00,2025-11-12 00:00:00,90360.0
Korea,2025-11-12 01:00:00,2025-11-12 01:00:00,81380.0
Korea,2025-11-12 02:00:00,2025-11-12 02:00:00,78970.0
Korea,2025-11-12 03:00:00,2025-11-12 03:00:00,73350.0
Korea,2025-11-12 04:00:00,2025-11-12 04:00:00,78210.0
Korea,2025-11-12 05:00:00,2025-11-12 05:00:00,88520.0
Korea,2025-11-12 06:00:00,2025-11-12 06:00:00,109900.0
Korea,2025-11-12 07:00:00,2025-11-12 07:00:00,110200.0
Korea,2025-11-12 08:00:00,2025-11-12 08:00:00,113080.0
Korea,2025-11-12 09:00:00,2025-11-12 09:00:00,115550.0
Korea,2025-11-12 10:00:00,2025-11-12 10:00:00,110700.0
Korea,2025-11-12 11:00:00,2025-11-12 11:00:00,110110.0
Korea,2025-11-12 12:00:00,2025-11-12 12:00:00,106430.0
Korea,2025-11-12 13:00:00,2025-11-12 13:00:00,106800.0
Korea,2025-11-12 14:00:00,2025-11-12 14:00:00,108430.0
Korea,2025-11-12 15:00:00,2025-11-12 15:00:00,108420.0
Korea,2025-11-12 16:00:00,2025-11-12 16:00:00,115290.0
Korea,2025-11-12 17:00:00,2025-11-12 17:00:00,115660.0
Korea,2025-11-12 18:00:00,2025-11-12 18:00:00,119660.0
Korea,2025-11-12 19:00:00,2025-11-12 19:00:00,115660.0
Korea,2025-11-12 20:00:00,2025-11-12 20:00:00,106430.0
Korea,2025-11-12 21:00:00,2025-11-12 21:00:00,104730.0
Korea,2025-11-12 22:00:00,2025-11-12 22:00:00,104730.0
Korea,2025-11-12 23:00:00,2025-11-12 23:00:00,104730.0
Korea,2025-11-13 00:00:00,2025-11-13 00:00:00,90360.0
Korea,2025-11-13 01:00:00,2025-11-13 01:00:00,78890.0
Korea,2025-11-13 02:00:00,2025-11-13 02:00:00,78780.0
Korea,2025-11-13 03:00:00,2025-11-13 03:00:00,78780.0
Korea,2025-11-13 04:00:00,2025-11-13 04:00:00,78780.0
Korea,2025-11-13 05:00:00,2025-11-13 05:00:00,78780.0
Korea,2025-11-13 06:00:00,2025-11-13 06:00:00,94010.0
Korea,2025-11-13 07:00:00,2025-11-13 07:00:00,115500.0
Korea,2025-11-13 08:00:00,2025-11-13 08:00:00,152090.0
Korea,2025-11-13 09:00:00,2025-11-13 09:00:00,116860.0
Korea,2025-11-13 10:00:00,2025-11-13 10:00:00,116720.0
Korea,2025-11-13 11:00:00,2025-11-13 11:00:00,113790.0
Korea,2025-11-13 12:00:00,2025-11-13 12:00:00,104010.0
Korea,2025-11-13 13:00:00,2025-11-13 13:00:00,104910.0
Korea,2025-11-13 14:00:00,2025-11-13 14:00:00,110140.0
Korea,2025-11-13 15:00:00,2025-11-13 15:00:00,108430.0
Korea,2025-11-13 16:00:00,2025-11-13 16:00:00,108440.0
Korea,2025-11-13 17:00:00,2025-11-13 17:00:00,108410.0
Korea,2025-11-13 18:00:00,2025-11-13 18:00:00,104460.0
Korea,2025-11-13 19:00:00,2025-11-13 19:00:00,104470.0
Korea,2025-11-13 20:00:00,2025-11-13 20:00:00,92620.0
Korea,2025-11-13 21:00:00,2025-11-13 21:00:00,91820.0
Korea,2025-11-13 22:00:00,2025-11-13 22:00:00,92210.0
Korea,2025-11-13 23:00:00,2025-11-13 23:00:00,97540.0
Korea,2025-11-14 00:00:00,2025-11-14 00:00:00,93160.0
Korea,2025-11-14 01:00:00,2025-11-14 01:00:00,73390.0
Korea,2025-11-14 02:00:00,2025-11-14 02:00:00,73390.0
Korea,2025-11-14 03:00:00,2025-11-14 03:00:00,73390.0
Korea,2025-11-14 04:00:00,2025-11-14 04:00:00,73390.0
Korea,2025-11-14 05:00:00,2025-11-14 05:00:00,73390.0
Korea,2025-11-14 06:00:00,2025-11-14 06:00:00,91980.0
Korea,2025-11-14 07:00:00,2025-11-14 07:00:00,105920.0
Korea,2025-11-14 08:00:00,2025-11-14 08:00:00,110810.0
Korea,2025-11-14 09:00:00,2025-11-14 09:00:00,110790.0
Korea,2025-11-14 10:00:00,2025-11-14 10:00:00,110450.0
Korea,2025-11-14 11:00:00,2025-11-14 11:00:00,108590.0
Korea,2025-11-14 12:00:00,2025-11-14 12:00:00,106580.0
Korea,2025-11-14 13:00:00,2025-11-14 13:00:00,106580.0
Korea,2025-11-14 14:00:00,2025-11-14 14:00:00,106580.0
Korea,2025-11-14 15:00:00,2025-11-14 15:00:00,108590.0
Korea,2025-11-14 16:00:00,2025-11-14 16:00:00,108360.0
Korea,2025-11-14 17:00:00,2025-11-14 17:00:00,106580.0
Korea,2025-11-14 18:00:00,2025-11-14 18:00:00,106580.0
Korea,2025-11-14 19:00:00,2025-11-14 19:00:00,105900.0
Korea,2025-11-14 20:00:00,2025-11-14 20:00:00,105910.0
Korea,2025-11-14 21:00:00,2025-11-14 21:00:00,125660.0
Korea,2025-11-14 22:00:00,2025-11-14 22:00:00,105890.0
Korea,2025-11-14 23:00:00,2025-11-14 23:00:00,97810.0
Korea,2025-11-15 00:00:00,2025-11-15 00:00:00,90550.0
Korea,2025-11-15 01:00:00,2025-11-15 01:00:00,89460.0
Korea,2025-11-15 02:00:00,2025-11-15 02:00:00,89140.0
Korea,2025-11-15 03:00:00,2025-11-15 03:00:00,81760.0
Korea,2025-11-15 04:00:00,2025-11-15 04:00:00,88970.0
Korea,2025-11-15 05:00:00,2025-11-15 05:00:00,89690.0
Korea,2025-11-15 06:00:00,2025-11-15 06:00:00,89790.0
Korea,2025-11-15 07:00:00,2025-11-15 07:00:00,89790.0
Korea,2025-11-15 08:00:00,2025-11-15 08:00:00,88770.0
Korea,2025-11-15 09:00:00,2025-11-15 09:00:00,69360.0
Korea,2025-11-15 10:00:00,2025-11-15 10:00:00,67900.0
Korea,2025-11-15 11:00:00,2025-11-15 11:00:00,67120.0
Korea,2025-11-15 12:00:00,2025-11-15 12:00:00,0.0
Korea,2025-11-15 13:00:00,2025-11-15 13:00:00,66600.0
Korea,2025-11-15 14:00:00,2025-11-15 14:00:00,67900.0
Korea,2025-11-15 15:00:00,2025-11-15 15:00:00,70160.0
Korea,2025-11-15 16:00:00,2025-11-15 16:00:00,89330.0
Korea,2025-11-15 17:00:00,2025-11-15 17:00:00,90480.0
Korea,2025-11-15 18:00:00,2025-11-15 18:00:00,90230.0
Korea,2025-11-15 19:00:00,2025-11-15 19:00:00,90230.0
Korea,2025-11-15 20:00:00,2025-11-15 20:00:00,90850.0
Korea,2025-11-15 21:00:00,2025-11-15 21:00:00,119290.0
Korea,2025-11-15 22:00:00,2025-11-15 22:00:00,90230.0
Korea,2025-11-15 23:00:00,2025-11-15 23:00:00,90660.0
Korea,2025-11-16 00:00:00,2025-11-16 00:00:00,89560.0
Korea,2025-11-16 01:00:00,2025-11-16 01:00:00,82520.0
Korea,2025-11-16 02:00:00,2025-11-16 02:00:00,71740.0
Korea,2025-11-16 03:00:00,2025-11-16 03:00:00,76690.0
Korea,2025-11-16 04:00:00,2025-11-16 04:00:00,71740.0
Korea,2025-11-16 05:00:00,2025-11-16 05:00:00,84900.0
Korea,2025-11-16 06:00:00,2025-11-16 06:00:00,85980.0
Korea,2025-11-16 07:00:00,2025-11-16 07:00:00,81990.0
Korea,2025-11-16 08:00:00,2025-11-16 08:00:00,69380.0
Korea,2025-11-16 09:00:00,2025-11-16 09:00:00,67590.0
Korea,2025-11-16 10:00:00,2025-11-16 10:00:00,67590.0
Korea,2025-11-16 11:00:00,2025-11-16 11:00:00,65640.0
Korea,2025-11-16 12:00:00,2025-11-16 12:00:00,0.0
Korea,2025-11-16 13:00:00,2025-11-16 13:00:00,66340.0
Korea,2025-11-16 14:00:00,2025-11-16 14:00:00,67590.0
Korea,2025-11-16 15:00:00,2025-11-16 15:00:00,68680.0
Korea,2025-11-16 16:00:00,2025-11-16 16:00:00,80600.0
Korea,2025-11-16 17:00:00,2025-11-16 17:00:00,90490.0
Korea,2025-11-16 18:00:00,2025-11-16 18:00:00,90490.0
Korea,2025-11-16 19:00:00,2025-11-16 19:00:00,90490.0
Korea,2025-11-16 20:00:00,2025-11-16 20:00:00,90490.0
Korea,2025-11-16 21:00:00,2025-11-16 21:00:00,90490.0
Korea,2025-11-16 22:00:00,2025-11-16 22:00:00,90490.0
Korea,2025-11-16 23:00:00,2025-11-16 23:00:00,90490.0
Korea,2025-11-17 00:00:00,2025-11-17 00:00:00,113240.0
Korea,2025-11-17 01:00:00,2025-11-17 01:00:00,72290.0
Korea,2025-11-17 02:00:00,2025-11-17 02:00:00,72290.0
Korea,2025-11-17 03:00:00,2025-11-17 03:00:00,72290.0
Korea,2025-11-17 04:00:00,2025-11-17 04:00:00,72290.0
Korea,2025-11-17 05:00:00,2025-11-17 05:00:00,72290.0
Korea,2025-11-17 06:00:00,2025-11-17 06:00:00,88550.0
Korea,2025-11-17 07:00:00,2025-11-17 07:00:00,106900.0
Korea,2025-11-17 08:00:00,2025-11-17 08:00:00,109650.0
Korea,2025-11-17 09:00:00,2025-11-17 09:00:00,109430.0
Korea,2025-11-17 10:00:00,2025-11-17 10:00:00,110880.0
Korea,2025-11-17 11:00:00,2025-11-17 11:00:00,110410.0
Korea,2025-11-17 12:00:00,2025-11-17 12:00:00,109650.0
Korea,2025-11-17 13:00:00,2025-11-17 13:00:00,109350.0
Korea,2025-11-17 14:00:00,2025-11-17 14:00:00,109410.0
Korea,2025-11-17 15:00:00,2025-11-17 15:00:00,124530.0
Korea,2025-11-17 16:00:00,2025-11-17 16:00:00,109650.0
Korea,2025-11-17 17:00:00,2025-11-17 17:00:00,109600.0
Korea,2025-11-17 18:00:00,2025-11-17 18:00:00,108160.0
Korea,2025-11-17 19:00:00,2025-11-17 19:00:00,108350.0
Korea,2025-11-17 20:00:00,2025-11-17 20:00:00,124700.0
Korea,2025-11-17 21:00:00,2025-11-17 21:00:00,106060.0
Korea,2025-11-17 22:00:00,2025-11-17 22:00:00,106060.0
Korea,2025-11-17 23:00:00,2025-11-17 23:00:00,104520.0
Korea,2025-11-18 00:00:00,2025-11-18 00:00:00,105990.0
Korea,2025-11-18 01:00:00,2025-11-18 01:00:00,88370.0
Korea,2025-11-18 02:00:00,2025-11-18 02:00:00,85650.0
Korea,2025-11-18 03:00:00,2025-11-18 03:00:00,85650.0
Korea,2025-11-18 04:00:00,2025-11-18 04:00:00,85650.0
Korea,2025-11-18 05:00:00,2025-11-18 05:00:00,90130.0
Korea,2025-11-18 06:00:00,2025-11-18 06:00:00,103430.0
Korea,2025-11-18 07:00:00,2025-11-18 07:00:00,106940.0
Korea,2025-11-18 08:00:00,2025-11-18 08:00:00,122700.0
Korea,2025-11-18 09:00:00,2025-11-18 09:00:00,122710.0
Korea,2025-11-18 10:00:00,2025-11-18 10:00:00,107570.0
Korea,2025-11-18 11:00:00,2025-11-18 11:00:00,114120.0
Korea,2025-11-18 12:00:00,2025-11-18 12:00:00,107230.0
Korea,2025-11-18 13:00:00,2025-11-18 13:00:00,107560.0
Korea,2025-11-18 14:00:00,2025-11-18 14:00:00,114120.0
Korea,2025-11-18 15:00:00,2025-11-18 15:00:00,108440.0
Korea,2025-11-18 16:00:00,2025-11-18 16:00:00,119330.0
Korea,2025-11-18 17:00:00,2025-11-18 17:00:00,106940.0
Korea,2025-11-18 18:00:00,2025-11-18 18:00:00,106940.0
Korea,2025-11-18 19:00:00,2025-11-18 19:00:00,106940.0
Korea,2025-11-18 20:00:00,2025-11-18 20:00:00,106940.0
Korea,2025-11-18 21:00:00,2025-11-18 21:00:00,106940.0
Korea,2025-11-18 22:00:00,2025-11-18 22:00:00,106940.0
Korea,2025-11-18 23:00:00,2025-11-18 23:00:00,102880.0
Korea,2025-11-19 00:00:00,2025-11-19 00:00:00,92110.0
Korea,2025-11-19 01:00:00,2025-11-19 01:00:00,73720.0
Korea,2025-11-19 02:00:00,2025-11-19 02:00:00,73230.0
Korea,2025-11-19 03:00:00,2025-11-19 03:00:00,73230.0
Korea,2025-11-19 04:00:00,2025-11-19 04:00:00,73230.0
Korea,2025-11-19 05:00:00,2025-11-19 05:00:00,73720.0
Korea,2025-11-19 06:00:00,2025-11-19 06:00:00,92610.0
Korea,2025-11-19 07:00:00,2025-11-19 07:00:00,92080.0
Korea,2025-11-19 08:00:00,2025-11-19 08:00:00,123660.0
Korea,2025-11-19 09:00:00,2025-11-19 09:00:00,110800.0
Korea,2025-11-19 10:00:00,2025-11-19 10:00:00,124600.0
Korea,2025-11-19 11:00:00,2025-11-19 11:00:00,110800.0
Korea,2025-11-19 12:00:00,2025-11-19 12:00:00,110800.0
Korea,2025-11-19 13:00:00,2025-11-19 13:00:00,110800.0
Korea,2025-11-19 14:00:00,2025-11-19 14:00:00,110800.0
Korea,2025-11-19 15:00:00,2025-11-19 15:00:00,110800.0
Korea,2025-11-19 16:00:00,2025-11-19 16:00:00,110800.0
Korea,2025-11-19 17:00:00,2025-11-19 17:00:00,110800.0
Korea,2025-11-19 18:00:00,2025-11-19 18:00:00,110800.0
Korea,2025-11-19 19:00:00,2025-11-19 19:00:00,110800.0
Korea,2025-11-19 20:00:00,2025-11-19 20:00:00,110800.0
Korea,2025-11-19 21:00:00,2025-11-19 21:00:00,89770.0
Korea,2025-11-19 22:00:00,2025-11-19 22:00:00,89440.0
Korea,2025-11-19 23:00:00,2025-11-19 23:00:00,104130.0
Korea,2025-11-20 00:00:00,2025-11-20 00:00:00,85530.0
Korea,2025-11-20 01:00:00,2025-11-20 01:00:00,73240.0
Korea,2025-11-20 02:00:00,2025-11-20 02:00:00,73240.0
Korea,2025-11-20 03:00:00,2025-11-20 03:00:00,73240.0
Korea,2025-11-20 04:00:00,2025-11-20 04:00:00,73240.0
Korea,2025-11-20 05:00:00,2025-11-20 05:00:00,73460.0
Korea,2025-11-20 06:00:00,2025-11-20 06:00:00,89220.0
Korea,2025-11-20 07:00:00,2025-11-20 07:00:00,90130.0
Korea,2025-11-20 08:00:00,2025-11-20 08:00:00,115770.0
Korea,2025-11-20 09:00:00,2025-11-20 09:00:00,115770.0
Korea,2025-11-20 10:00:00,2025-11-20 10:00:00,115770.0
Korea,2025-11-20 11:00:00,2025-11-20 11:00:00,111590.0
Korea,2025-11-20 12:00:00,2025-11-20 12:00:00,105870.0
Korea,2025-11-20 13:00:00,2025-11-20 13:00:00,111580.0
Korea,2025-11-20 14:00:00,2025-11-20 14:00:00,111580.0
Korea,2025-11-20 15:00:00,2025-11-20 15:00:00,123290.0
Korea,2025-11-20 16:00:00,2025-11-20 16:00:00,111590.0
Korea,2025-11-20 17:00:00,2025-11-20 17:00:00,105880.0
Korea,2025-11-20 18:00:00,2025-11-20 18:00:00,105880.0
Korea,2025-11-20 19:00:00,2025-11-20 19:00:00,89700.0
Korea,2025-11-20 20:00:00,2025-11-20 20:00:00,83990.0
Korea,2025-11-20 21:00:00,2025-11-20 21:00:00,73460.0
Korea,2025-11-20 22:00:00,2025-11-20 22:00:00,73460.0
Korea,2025-11-20 23:00:00,2025-11-20 23:00:00,73460.0
Korea,2025-11-21 00:00:00,2025-11-21 00:00:00,72240.0
Korea,2025-11-21 01:00:00,2025-11-21 01:00:00,67880.0
Korea,2025-11-21 02:00:00,2025-11-21 02:00:00,67870.0
Korea,2025-11-21 03:00:00,2025-11-21 03:00:00,67870.0
Korea,2025-11-21 04:00:00,2025-11-21 04:00:00,67870.0
Korea,2025-11-21 05:00:00,2025-11-21 05:00:00,70220.0
Korea,2025-11-21 06:00:00,2025-11-21 06:00:00,84190.0
Korea,2025-11-21 07:00:00,2025-11-21 07:00:00,90130.0
Korea,2025-11-21 08:00:00,2025-11-21 08:00:00,94290.0
Korea,2025-11-21 09:00:00,2025-11-21 09:00:00,120010.0
Korea,2025-11-21 10:00:00,2025-11-21 10:00:00,112020.0
Korea,2025-11-21 11:00:00,2025-11-21 11:00:00,90840.0
Korea,2025-11-21 12:00:00,2025-11-21 12:00:00,67870.0
Korea,2025-11-21 13:00:00,2025-11-21 13:00:00,90260.0
Korea,2025-11-21 14:00:00,2025-11-21 14:00:00,90640.0
Korea,2025-11-21 15:00:00,2025-11-21 15:00:00,90840.0
Korea,2025-11-21 16:00:00,2025-11-21 16:00:00,90840.0
Korea,2025-11-21 17:00:00,2025-11-21 17:00:00,90840.0
Korea,2025-11-21 18:00:00,2025-11-21 18:00:00,90840.0
Korea,2025-11-21 19:00:00,2025-11-21 19:00:00,112870.0
Korea,2025-11-21 20:00:00,2025-11-21 20:00:00,89480.0
Korea,2025-11-21 21:00:00,2025-11-21 21:00:00,89480.0
Korea,2025-11-21 22:00:00,2025-11-21 22:00:00,89480.0
Korea,2025-11-21 23:00:00,2025-11-21 23:00:00,89480.0
Korea,2025-11-22 00:00:00,2025-11-22 00:00:00,110590.0
Korea,2025-11-22 01:00:00,2025-11-22 01:00:00,74910.0
Korea,2025-11-22 02:00:00,2025-11-22 02:00:00,70880.0
Korea,2025-11-22 03:00:00,2025-11-22 03:00:00,75120.0
Korea,2025-11-22 04:00:00,2025-11-22 04:00:00,70880.0
Korea,2025-11-22 05:00:00,2025-11-22 05:00:00,86490.0
Korea,2025-11-22 06:00:00,2025-11-22 06:00:00,91960.0
Korea,2025-11-22 07:00:00,2025-11-22 07:00:00,91960.0
Korea,2025-11-22 08:00:00,2025-11-22 08:00:00,73740.0
Korea,2025-11-22 09:00:00,2025-11-22 09:00:00,66380.0
Korea,2025-11-22 10:00:00,2025-11-22 10:00:00,65780.0
Korea,2025-11-22 11:00:00,2025-11-22 11:00:00,64100.0
Korea,2025-11-22 12:00:00,2025-11-22 12:00:00,0.0
Korea,2025-11-22 13:00:00,2025-11-22 13:00:00,64100.0
Korea,2025-11-22 14:00:00,2025-11-22 14:00:00,65780.0
Korea,2025-11-22 15:00:00,2025-11-22 15:00:00,70770.0
Korea,2025-11-22 16:00:00,2025-11-22 16:00:00,109750.0
Korea,2025-11-22 17:00:00,2025-11-22 17:00:00,91280.0
Korea,2025-11-22 18:00:00,2025-11-22 18:00:00,109630.0
Korea,2025-11-22 19:00:00,2025-11-22 19:00:00,91390.0
Korea,2025-11-22 20:00:00,2025-11-22 20:00:00,91390.0
Korea,2025-11-22 21:00:00,2025-11-22 21:00:00,91430.0
Korea,2025-11-22 22:00:00,2025-11-22 22:00:00,91510.0
Korea,2025-11-22 23:00:00,2025-11-22 23:00:00,91280.0
Korea,2025-11-23 00:00:00,2025-11-23 00:00:00,89640.0
Korea,2025-11-23 01:00:00,2025-11-23 01:00:00,73640.0
Korea,2025-11-23 02:00:00,2025-11-23 02:00:00,73640.0
Korea,2025-11-23 03:00:00,2025-11-23 03:00:00,73640.0
Korea,2025-11-23 04:00:00,2025-11-23 04:00:00,73640.0
Korea,2025-11-23 05:00:00,2025-11-23 05:00:00,73640.0
Korea,2025-11-23 06:00:00,2025-11-23 06:00:00,73640.0
Korea,2025-11-23 07:00:00,2025-11-23 07:00:00,73640.0
Korea,2025-11-23 08:00:00,2025-11-23 08:00:00,69960.0
Korea,2025-11-23 09:00:00,2025-11-23 09:00:00,64550.0
Korea,2025-11-23 10:00:00,2025-11-23 10:00:00,63540.0
Korea,2025-11-23 11:00:00,2025-11-23 11:00:00,52020.0
Korea,2025-11-23 12:00:00,2025-11-23 12:00:00,56780.0
Korea,2025-11-23 13:00:00,2025-11-23 13:00:00,56780.0
Korea,2025-11-23 14:00:00,2025-11-23 14:00:00,64550.0
Korea,2025-11-23 15:00:00,2025-11-23 15:00:00,67820.0
Korea,2025-11-23 16:00:00,2025-11-23 16:00:00,69960.0
Korea,2025-11-23 17:00:00,2025-11-23 17:00:00,73430.0
Korea,2025-11-23 18:00:00,2025-11-23 18:00:00,73430.0
Korea,2025-11-23 19:00:00,2025-11-23 19:00:00,73430.0
Korea,2025-11-23 20:00:00,2025-11-23 20:00:00,73640.0
Korea,2025-11-23 21:00:00,2025-11-23 21:00:00,73640.0
Korea,2025-11-23 22:00:00,2025-11-23 22:00:00,73640.0
Korea,2025-11-23 23:00:00,2025-11-23 23:00:00,73640.0
Korea,2025-11-24 00:00:00,2025-11-24 00:00:00,68650.0
Korea,2025-11-24 01:00:00,2025-11-24 01:00:00,68210.0
Korea,2025-11-24 02:00:00,2025-11-24 02:00:00,68210.0
Korea,2025-11-24 03:00:00,2025-11-24 03:00:00,68210.0
Korea,2025-11-24 04:00:00,2025-11-24 04:00:00,68210.0
Korea,2025-11-24 05:00:00,2025-11-24 05:00:00,68210.0
Korea,2025-11-24 06:00:00,2025-11-24 06:00:00,68650.0
Korea,2025-11-24 07:00:00,2025-11-24 07:00:00,76000.0
Korea,2025-11-24 08:00:00,2025-11-24 08:00:00,108170.0
Korea,2025-11-24 09:00:00,2025-11-24 09:00:00,105370.0
Korea,2025-11-24 10:00:00,2025-11-24 10:00:00,105370.0
Korea,2025-11-24 11:00:00,2025-11-24 11:00:00,109010.0
Korea,2025-11-24 12:00:00,2025-11-24 12:00:00,107430.0
Korea,2025-11-24 13:00:00,2025-11-24 13:00:00,107430.0
Korea,2025-11-24 14:00:00,2025-11-24 14:00:00,76850.0
Korea,2025-11-24 15:00:00,2025-11-24 15:00:00,105370.0
Korea,2025-11-24 16:00:00,2025-11-24 16:00:00,105370.0
Korea,2025-11-24 17:00:00,2025-11-24 17:00:00,105370.0
Korea,2025-11-24 18:00:00,2025-11-24 18:00:00,105370.0
Korea,2025-11-24 19:00:00,2025-11-24 19:00:00,105370.0
Korea,2025-11-24 20:00:00,2025-11-24 20:00:00,83990.0
Korea,2025-11-24 21:00:00,2025-11-24 21:00:00,76850.0
Korea,2025-11-24 22:00:00,2025-11-24 22:00:00,76070.0
Korea,2025-11-24 23:00:00,2025-11-24 23:00:00,76110.0
Korea,2025-11-25 00:00:00,2025-11-25 00:00:00,68750.0
Korea,2025-11-25 01:00:00,2025-11-25 01:00:00,67750.0
Korea,2025-11-25 02:00:00,2025-11-25 02:00:00,67750.0
Korea,2025-11-25 03:00:00,2025-11-25 03:00:00,67750.0
Korea,2025-11-25 04:00:00,2025-11-25 04:00:00,67750.0
Korea,2025-11-25 05:00:00,2025-11-25 05:00:00,67750.0
Korea,2025-11-25 06:00:00,2025-11-25 06:00:00,70830.0
Korea,2025-11-25 07:00:00,2025-11-25 07:00:00,83990.0
Korea,2025-11-25 08:00:00,2025-11-25 08:00:00,109560.0
Korea,2025-11-25 09:00:00,2025-11-25 09:00:00,117360.0
Korea,2025-11-25 10:00:00,2025-11-25 10:00:00,119360.0
Korea,2025-11-25 11:00:00,2025-11-25 11:00:00,104900.0
Korea,2025-11-25 12:00:00,2025-11-25 12:00:00,104900.0
Korea,2025-11-25 13:00:00,2025-11-25 13:00:00,104900.0
Korea,2025-11-25 14:00:00,2025-11-25 14:00:00,104900.0
Korea,2025-11-25 15:00:00,2025-11-25 15:00:00,104900.0
Korea,2025-11-25 16:00:00,2025-11-25 16:00:00,104900.0
Korea,2025-11-25 17:00:00,2025-11-25 17:00:00,104900.0
Korea,2025-11-25 18:00:00,2025-11-25 18:00:00,104900.0
Korea,2025-11-25 19:00:00,2025-11-25 19:00:00,104840.0
Korea,2025-11-25 20:00:00,2025-11-25 20:00:00,76410.0
Korea,2025-11-25 21:00:00,2025-11-25 21:00:00,74260.0
Korea,2025-11-25 22:00:00,2025-11-25 22:00:00,76410.0
Korea,2025-11-25 23:00:00,2025-11-25 23:00:00,75550.0
Korea,2025-11-26 00:00:00,2025-11-26 00:00:00,71230.0
Korea,2025-11-26 01:00:00,2025-11-26 01:00:00,67710.0
Korea,2025-11-26 02:00:00,2025-11-26 02:00:00,67710.0
Korea,2025-11-26 03:00:00,2025-11-26 03:00:00,67710.0
Korea,2025-11-26 04:00:00,2025-11-26 04:00:00,67710.0
Korea,2025-11-26 05:00:00,2025-11-26 05:00:00,68090.0
Korea,2025-11-26 06:00:00,2025-11-26 06:00:00,75150.0
Korea,2025-11-26 07:00:00,2025-11-26 07:00:00,92710.0
Korea,2025-11-26 08:00:00,2025-11-26 08:00:00,120010.0
Korea,2025-11-26 09:00:00,2025-11-26 09:00:00,120010.0
Korea,2025-11-26 10:00:00,2025-11-26 10:00:00,104920.0
Korea,2025-11-26 11:00:00,2025-11-26 11:00:00,104920.0
Korea,2025-11-26 12:00:00,2025-11-26 12:00:00,0.0
Korea,2025-11-26 13:00:00,2025-11-26 13:00:00,89960.0
Korea,2025-11-26 14:00:00,2025-11-26 14:00:00,89960.0
Korea,2025-11-26 15:00:00,2025-11-26 15:00:00,89960.0
Korea,2025-11-26 16:00:00,2025-11-26 16:00:00,89870.0
Korea,2025-11-26 17:00:00,2025-11-26 17:00:00,89960.0
Korea,2025-11-26 18:00:00,2025-11-26 18:00:00,115490.0
Korea,2025-11-26 19:00:00,2025-11-26 19:00:00,91150.0
Korea,2025-11-26 20:00:00,2025-11-26 20:00:00,91150.0
Korea,2025-11-26 21:00:00,2025-11-26 21:00:00,78440.0
Korea,2025-11-26 22:00:00,2025-11-26 22:00:00,78440.0
Korea,2025-11-26 23:00:00,2025-11-26 23:00:00,78440.0
Korea,2025-11-27 00:00:00,2025-11-27 00:00:00,75150.0
Korea,2025-11-27 01:00:00,2025-11-27 01:00:00,72290.0
Korea,2025-11-27 02:00:00,2025-11-27 02:00:00,72290.0
Korea,2025-11-27 03:00:00,2025-11-27 03:00:00,72290.0
Korea,2025-11-27 04:00:00,2025-11-27 04:00:00,72290.0
Korea,2025-11-27 05:00:00,2025-11-27 05:00:00,72290.0
Korea,2025-11-27 06:00:00,2025-11-27 06:00:00,75540.0
Korea,2025-11-27 07:00:00,2025-11-27 07:00:00,88150.0
Korea,2025-11-27 08:00:00,2025-11-27 08:00:00,105590.0
Korea,2025-11-27 09:00:00,2025-11-27 09:00:00,113390.0
Korea,2025-11-27 10:00:00,2025-11-27 10:00:00,116570.0
Korea,2025-11-27 11:00:00,2025-11-27 11:00:00,116570.0
Korea,2025-11-27 12:00:00,2025-11-27 12:00:00,105010.0
Korea,2025-11-27 13:00:00,2025-11-27 13:00:00,100070.0
Korea,2025-11-27 14:00:00,2025-11-27 14:00:00,93910.0
Korea,2025-11-27 15:00:00,2025-11-27 15:00:00,90300.0
Korea,2025-11-27 16:00:00,2025-11-27 16:00:00,90300.0
Korea,2025-11-27 17:00:00,2025-11-27 17:00:00,89870.0
Korea,2025-11-27 18:00:00,2025-11-27 18:00:00,106490.0
Korea,2025-11-27 19:00:00,2025-11-27 19:00:00,106490.0
Korea,2025-11-27 20:00:00,2025-11-27 20:00:00,106490.0
Korea,2025-11-27 21:00:00,2025-11-27 21:00:00,82010.0
Korea,2025-11-27 22:00:00,2025-11-27 22:00:00,82540.0
Korea,2025-11-27 23:00:00,2025-11-27 23:00:00,78140.0
Korea,2025-11-28 00:00:00,2025-11-28 00:00:00,86570.0
Korea,2025-11-28 01:00:00,2025-11-28 01:00:00,72370.0
Korea,2025-11-28 02:00:00,2025-11-28 02:00:00,72370.0
Korea,2025-11-28 03:00:00,2025-11-28 03:00:00,72370.0
Korea,2025-11-28 04:00:00,2025-11-28 04:00:00,72370.0
Korea,2025-11-28 05:00:00,2025-11-28 05:00:00,73060.0
Korea,2025-11-28 06:00:00,2025-11-28 06:00:00,89470.0
Korea,2025-11-28 07:00:00,2025-11-28 07:00:00,106030.0
Korea,2025-11-28 08:00:00,2025-11-28 08:00:00,117020.0
Korea,2025-11-28 09:00:00,2025-11-28 09:00:00,112870.0
Korea,2025-11-28 10:00:00,2025-11-28 10:00:00,112900.0
Korea,2025-11-28 11:00:00,2025-11-28 11:00:00,90550.0
Korea,2025-11-28 12:00:00,2025-11-28 12:00:00,89530.0
Korea,2025-11-28 13:00:00,2025-11-28 13:00:00,106000.0
Korea,2025-11-28 14:00:00,2025-11-28 14:00:00,109230.0
Korea,2025-11-28 15:00:00,2025-11-28 15:00:00,105950.0
Korea,2025-11-28 16:00:00,2025-11-28 16:00:00,117020.0
Korea,2025-11-28 17:00:00,2025-11-28 17:00:00,109230.0
Korea,2025-11-28 18:00:00,2025-11-28 18:00:00,109230.0
Korea,2025-11-28 19:00:00,2025-11-28 19:00:00,109230.0
Korea,2025-11-28 20:00:00,2025-11-28 20:00:00,109230.0
Korea,2025-11-28 21:00:00,2025-11-28 21:00:00,101430.0
Korea,2025-11-28 22:00:00,2025-11-28 22:00:00,101430.0
Korea,2025-11-28 23:00:00,2025-11-28 23:00:00,101430.0
Korea,2025-11-29 00:00:00,2025-11-29 00:00:00,101740.0
Korea,2025-11-29 01:00:00,2025-11-29 01:00:00,84050.0
Korea,2025-11-29 02:00:00,2025-11-29 02:00:00,71040.0
Korea,2025-11-29 03:00:00,2025-11-29 03:00:00,76540.0
Korea,2025-11-29 04:00:00,2025-11-29 04:00:00,78030.0
Korea,2025-11-29 05:00:00,2025-11-29 05:00:00,84050.0
Korea,2025-11-29 06:00:00,2025-11-29 06:00:00,91960.0
Korea,2025-11-29 07:00:00,2025-11-29 07:00:00,91960.0
Korea,2025-11-29 08:00:00,2025-11-29 08:00:00,84050.0
Korea,2025-11-29 09:00:00,2025-11-29 09:00:00,67960.0
Korea,2025-11-29 10:00:00,2025-11-29 10:00:00,67960.0
Korea,2025-11-29 11:00:00,2025-11-29 11:00:00,66670.0
Korea,2025-11-29 12:00:00,2025-11-29 12:00:00,0.0
Korea,2025-11-29 13:00:00,2025-11-29 13:00:00,65620.0
Korea,2025-11-29 14:00:00,2025-11-29 14:00:00,67960.0
Korea,2025-11-29 15:00:00,2025-11-29 15:00:00,82370.0
Korea,2025-11-29 16:00:00,2025-11-29 16:00:00,91150.0
Korea,2025-11-29 17:00:00,2025-11-29 17:00:00,91230.0
Korea,2025-11-29 18:00:00,2025-11-29 18:00:00,91230.0
Korea,2025-11-29 19:00:00,2025-11-29 19:00:00,92980.0
Korea,2025-11-29 20:00:00,2025-11-29 20:00:00,92980.0
Korea,2025-11-29 21:00:00,2025-11-29 21:00:00,91520.0
Korea,2025-11-29 22:00:00,2025-11-29 22:00:00,91280.0
Korea,2025-11-29 23:00:00,2025-11-29 23:00:00,91530.0
Korea,2025-11-30 00:00:00,2025-11-30 00:00:00,70880.0
Korea,2025-11-30 01:00:00,2025-11-30 01:00:00,69050.0
Korea,2025-11-30 02:00:00,2025-11-30 02:00:00,67960.0
Korea,2025-11-30 03:00:00,2025-11-30 03:00:00,67790.0
Korea,2025-11-30 04:00:00,2025-11-30 04:00:00,67790.0
Korea,2025-11-30 05:00:00,2025-11-30 05:00:00,67950.0
Korea,2025-11-30 06:00:00,2025-11-30 06:00:00,69050.0
Korea,2025-11-30 07:00:00,2025-11-30 07:00:00,69050.0
Korea,2025-11-30 08:00:00,2025-11-30 08:00:00,67790.0
Korea,2025-11-30 09:00:00,2025-11-30 09:00:00,67210.0
Korea,2025-11-30 10:00:00,2025-11-30 10:00:00,67020.0
Korea,2025-11-30 11:00:00,2025-11-30 11:00:00,66270.0
Korea,2025-11-30 12:00:00,2025-11-30 12:00:00,65620.0
Korea,2025-11-30 13:00:00,2025-11-30 13:00:00,65620.0
Korea,2025-11-30 14:00:00,2025-11-30 14:00:00,67020.0
Korea,2025-11-30 15:00:00,2025-11-30 15:00:00,67400.0
Korea,2025-11-30 16:00:00,2025-11-30 16:00:00,69050.0
Korea,2025-11-30 17:00:00,2025-11-30 17:00:00,69050.0
Korea,2025-11-30 18:00:00,2025-11-30 18:00:00,69050.0
Korea,2025-11-30 19:00:00,2025-11-30 19:00:00,69050.0
Korea,2025-11-30 20:00:00,2025-11-30 20:00:00,71520.0
Korea,2025-11-30 21:00:00,2025-11-30 21:00:00,71520.0
Korea,2025-11-30 22:00:00,2025-11-30 22:00:00,71520.0
Korea,2025-11-30 23:00:00,2025-11-30 23:00:00,71520.0
Korea,2025-12-01 00:00:00,2025-12-01 00:00:00,70530.0
Korea,2025-12-01 01:00:00,2025-12-01 01:00:00,68640.0
Korea,2025-12-01 02:00:00,2025-12-01 02:00:00,68640.0
Korea,2025-12-01 03:00:00,2025-12-01 03:00:00,68640.0
Korea,2025-12-01 04:00:00,2025-12-01 04:00:00,68640.0
Korea,2025-12-01 05:00:00,2025-12-01 05:00:00,69460.0
Korea,2025-12-01 06:00:00,2025-12-01 06:00:00,70530.0
Korea,2025-12-01 07:00:00,2025-12-01 07:00:00,92270.0
Korea,2025-12-01 08:00:00,2025-12-01 08:00:00,115650.0
Korea,2025-12-01 09:00:00,2025-12-01 09:00:00,119210.0
Korea,2025-12-01 10:00:00,2025-12-01 10:00:00,119210.0
Korea,2025-12-01 11:00:00,2025-12-01 11:00:00,93630.0
Korea,2025-12-01 12:00:00,2025-12-01 12:00:00,72420.0
Korea,2025-12-01 13:00:00,2025-12-01 13:00:00,111270.0
Korea,2025-12-01 14:00:00,2025-12-01 14:00:00,95380.0
Korea,2025-12-01 15:00:00,2025-12-01 15:00:00,111270.0
Korea,2025-12-01 16:00:00,2025-12-01 16:00:00,119210.0
Korea,2025-12-01 17:00:00,2025-12-01 17:00:00,119210.0
Korea,2025-12-01 18:00:00,2025-12-01 18:00:00,119210.0
Korea,2025-12-01 19:00:00,2025-12-01 19:00:00,119210.0
Korea,2025-12-01 20:00:00,2025-12-01 20:00:00,119210.0
Korea,2025-12-01 21:00:00,2025-12-01 21:00:00,79030.0
Korea,2025-12-01 22:00:00,2025-12-01 22:00:00,79030.0
Korea,2025-12-01 23:00:00,2025-12-01 23:00:00,79030.0
Korea,2025-12-02 00:00:00,2025-12-02 00:00:00,73530.0
Korea,2025-12-02 01:00:00,2025-12-02 01:00:00,73530.0
Korea,2025-12-02 02:00:00,2025-12-02 02:00:00,68960.0
Korea,2025-12-02 03:00:00,2025-12-02 03:00:00,68960.0
Korea,2025-12-02 04:00:00,2025-12-02 04:00:00,68960.0
Korea,2025-12-02 05:00:00,2025-12-02 05:00:00,73530.0
Korea,2025-12-02 06:00:00,2025-12-02 06:00:00,73530.0
Korea,2025-12-02 07:00:00,2025-12-02 07:00:00,113400.0
Korea,2025-12-02 08:00:00,2025-12-02 08:00:00,114340.0
Korea,2025-12-02 09:00:00,2025-12-02 09:00:00,114340.0
Korea,2025-12-02 10:00:00,2025-12-02 10:00:00,114340.0
Korea,2025-12-02 11:00:00,2025-12-02 11:00:00,114340.0
Korea,2025-12-02 12:00:00,2025-12-02 12:00:00,113400.0
Korea,2025-12-02 13:00:00,2025-12-02 13:00:00,114400.0
Korea,2025-12-02 14:00:00,2025-12-02 14:00:00,114400.0
Korea,2025-12-02 15:00:00,2025-12-02 15:00:00,113400.0
Korea,2025-12-02 16:00:00,2025-12-02 16:00:00,113400.0
Korea,2025-12-02 17:00:00,2025-12-02 17:00:00,113400.0
Korea,2025-12-02 18:00:00,2025-12-02 18:00:00,113400.0
Korea,2025-12-02 19:00:00,2025-12-02 19:00:00,114340.0
Korea,2025-12-02 20:00:00,2025-12-02 20:00:00,114340.0
Korea,2025-12-02 21:00:00,2025-12-02 21:00:00,106390.0
Korea,2025-12-02 22:00:00,2025-12-02 22:00:00,85670.0
Korea,2025-12-02 23:00:00,2025-12-02 23:00:00,75390.0
Korea,2025-12-03 00:00:00,2025-12-03 00:00:00,78950.0
Korea,2025-12-03 01:00:00,2025-12-03 01:00:00,73270.0
Korea,2025-12-03 02:00:00,2025-12-03 02:00:00,73270.0
Korea,2025-12-03 03:00:00,2025-12-03 03:00:00,73270.0
Korea,2025-12-03 04:00:00,2025-12-03 04:00:00,73270.0
Korea,2025-12-03 05:00:00,2025-12-03 05:00:00,73270.0
Korea,2025-12-03 06:00:00,2025-12-03 06:00:00,73270.0
Korea,2025-12-03 07:00:00,2025-12-03 07:00:00,107380.0
Korea,2025-12-03 08:00:00,2025-12-03 08:00:00,112890.0
Korea,2025-12-03 09:00:00,2025-12-03 09:00:00,112820.0
Korea,2025-12-03 10:00:00,2025-12-03 10:00:00,112840.0
Korea,2025-12-03 11:00:00,2025-12-03 11:00:00,109380.0
Korea,2025-12-03 12:00:00,2025-12-03 12:00:00,108330.0
Korea,2025-12-03 13:00:00,2025-12-03 13:00:00,111980.0
Korea,2025-12-03 14:00:00,2025-12-03 14:00:00,112840.0
Korea,2025-12-03 15:00:00,2025-12-03 15:00:00,123620.0
Korea,2025-12-03 16:00:00,2025-12-03 16:00:00,112840.0
Korea,2025-12-03 17:00:00,2025-12-03 17:00:00,112840.0
Korea,2025-12-03 18:00:00,2025-12-03 18:00:00,112840.0
Korea,2025-12-03 19:00:00,2025-12-03 19:00:00,112840.0
Korea,2025-12-03 20:00:00,2025-12-03 20:00:00,112840.0
Korea,2025-12-03 21:00:00,2025-12-03 21:00:00,107380.0
Korea,2025-12-03 22:00:00,2025-12-03 22:00:00,87020.0
Korea,2025-12-03 23:00:00,2025-12-03 23:00:00,107250.0
Korea,2025-12-04 00:00:00,2025-12-04 00:00:00,74550.0
Korea,2025-12-04 01:00:00,2025-12-04 01:00:00,73270.0
Korea,2025-12-04 02:00:00,2025-12-04 02:00:00,73270.0
Korea,2025-12-04 03:00:00,2025-12-04 03:00:00,73270.0
Korea,2025-12-04 04:00:00,2025-12-04 04:00:00,73270.0
Korea,2025-12-04 05:00:00,2025-12-04 05:00:00,73270.0
Korea,2025-12-04 06:00:00,2025-12-04 06:00:00,74550.0
Korea,2025-12-04 07:00:00,2025-12-04 07:00:00,113540.0
Korea,2025-12-04 08:00:00,2025-12-04 08:00:00,114670.0
Korea,2025-12-04 09:00:00,2025-12-04 09:00:00,126610.0
Korea,2025-12-04 10:00:00,2025-12-04 10:00:00,114570.0
Korea,2025-12-04 11:00:00,2025-12-04 11:00:00,114310.0
Korea,2025-12-04 12:00:00,2025-12-04 12:00:00,91910.0
Korea,2025-12-04 13:00:00,2025-12-04 13:00:00,93400.0
Korea,2025-12-04 14:00:00,2025-12-04 14:00:00,93400.0
Korea,2025-12-04 15:00:00,2025-12-04 15:00:00,116850.0
Korea,2025-12-04 16:00:00,2025-12-04 16:00:00,116690.0
Korea,2025-12-04 17:00:00,2025-12-04 17:00:00,116660.0
Korea,2025-12-04 18:00:00,2025-12-04 18:00:00,113890.0
Korea,2025-12-04 19:00:00,2025-12-04 19:00:00,113900.0
Korea,2025-12-04 20:00:00,2025-12-04 20:00:00,93040.0
Korea,2025-12-04 21:00:00,2025-12-04 21:00:00,74850.0
Korea,2025-12-04 22:00:00,2025-12-04 22:00:00,77780.0
Korea,2025-12-04 23:00:00,2025-12-04 23:00:00,77780.0
Korea,2025-12-05 00:00:00,2025-12-05 00:00:00,74940.0
Korea,2025-12-05 01:00:00,2025-12-05 01:00:00,73310.0
Korea,2025-12-05 02:00:00,2025-12-05 02:00:00,73310.0
Korea,2025-12-05 03:00:00,2025-12-05 03:00:00,73310.0
Korea,2025-12-05 04:00:00,2025-12-05 04:00:00,73310.0
Korea,2025-12-05 05:00:00,2025-12-05 05:00:00,73540.0
Korea,2025-12-05 06:00:00,2025-12-05 06:00:00,76780.0
Korea,2025-12-05 07:00:00,2025-12-05 07:00:00,113810.0
Korea,2025-12-05 08:00:00,2025-12-05 08:00:00,115900.0
Korea,2025-12-05 09:00:00,2025-12-05 09:00:00,115900.0
Korea,2025-12-05 10:00:00,2025-12-05 10:00:00,115200.0
Korea,2025-12-05 11:00:00,2025-12-05 11:00:00,111090.0
Korea,2025-12-05 12:00:00,2025-12-05 12:00:00,100880.0
Korea,2025-12-05 13:00:00,2025-12-05 13:00:00,92390.0
Korea,2025-12-05 14:00:00,2025-12-05 14:00:00,93750.0
Korea,2025-12-05 15:00:00,2025-12-05 15:00:00,100880.0
Korea,2025-12-05 16:00:00,2025-12-05 16:00:00,112430.0
Korea,2025-12-05 17:00:00,2025-12-05 17:00:00,112430.0
Korea,2025-12-05 18:00:00,2025-12-05 18:00:00,116760.0
Korea,2025-12-05 19:00:00,2025-12-05 19:00:00,112230.0
Korea,2025-12-05 20:00:00,2025-12-05 20:00:00,116970.0
Korea,2025-12-05 21:00:00,2025-12-05 21:00:00,92390.0
Korea,2025-12-05 22:00:00,2025-12-05 22:00:00,93600.0
Korea,2025-12-05 23:00:00,2025-12-05 23:00:00,91030.0
Korea,2025-12-06 00:00:00,2025-12-06 00:00:00,107020.0
Korea,2025-12-06 01:00:00,2025-12-06 01:00:00,107020.0
Korea,2025-12-06 02:00:00,2025-12-06 02:00:00,90440.0
Korea,2025-12-06 03:00:00,2025-12-06 03:00:00,78170.0
Korea,2025-12-06 04:00:00,2025-12-06 04:00:00,91990.0
Korea,2025-12-06 05:00:00,2025-12-06 05:00:00,91990.0
Korea,2025-12-06 06:00:00,2025-12-06 06:00:00,87980.0
Korea,2025-12-06 07:00:00,2025-12-06 07:00:00,93150.0
Korea,2025-12-06 08:00:00,2025-12-06 08:00:00,93150.0
Korea,2025-12-06 09:00:00,2025-12-06 09:00:00,76260.0
Korea,2025-12-06 10:00:00,2025-12-06 10:00:00,140210.0
Korea,2025-12-06 11:00:00,2025-12-06 11:00:00,132280.0
Korea,2025-12-06 12:00:00,2025-12-06 12:00:00,6280.0
Korea,2025-12-06 13:00:00,2025-12-06 13:00:00,68210.0
Korea,2025-12-06 14:00:00,2025-12-06 14:00:00,71680.0
Korea,2025-12-06 15:00:00,2025-12-06 15:00:00,74120.0
Korea,2025-12-06 16:00:00,2025-12-06 16:00:00,90590.0
Korea,2025-12-06 17:00:00,2025-12-06 17:00:00,93150.0
Korea,2025-12-06 18:00:00,2025-12-06 18:00:00,93150.0
Korea,2025-12-06 19:00:00,2025-12-06 19:00:00,93150.0
Korea,2025-12-06 20:00:00,2025-12-06 20:00:00,93150.0
Korea,2025-12-06 21:00:00,2025-12-06 21:00:00,93150.0
Korea,2025-12-06 22:00:00,2025-12-06 22:00:00,93150.0
Korea,2025-12-06 23:00:00,2025-12-06 23:00:00,106830.0
Korea,2025-12-07 00:00:00,2025-12-07 00:00:00,72470.0
Korea,2025-12-07 01:00:00,2025-12-07 01:00:00,70620.0
Korea,2025-12-07 02:00:00,2025-12-07 02:00:00,70620.0
Korea,2025-12-07 03:00:00,2025-12-07 03:00:00,70620.0
Korea,2025-12-07 04:00:00,2025-12-07 04:00:00,70620.0
Korea,2025-12-07 05:00:00,2025-12-07 05:00:00,72710.0
Korea,2025-12-07 06:00:00,2025-12-07 06:00:00,76440.0
Korea,2025-12-07 07:00:00,2025-12-07 07:00:00,76440.0
Korea,2025-12-07 08:00:00,2025-12-07 08:00:00,76440.0
Korea,2025-12-07 09:00:00,2025-12-07 09:00:00,74100.0
Korea,2025-12-07 10:00:00,2025-12-07 10:00:00,72710.0
Korea,2025-12-07 11:00:00,2025-12-07 11:00:00,66920.0
Korea,2025-12-07 12:00:00,2025-12-07 12:00:00,58760.0
Korea,2025-12-07 13:00:00,2025-12-07 13:00:00,0.0
Korea,2025-12-07 14:00:00,2025-12-07 14:00:00,66380.0
Korea,2025-12-07 15:00:00,2025-12-07 15:00:00,66920.0
Korea,2025-12-07 16:00:00,2025-12-07 16:00:00,86600.0
Korea,2025-12-07 17:00:00,2025-12-07 17:00:00,86700.0
Korea,2025-12-07 18:00:00,2025-12-07 18:00:00,94430.0
Korea,2025-12-07 19:00:00,2025-12-07 19:00:00,94430.0
Korea,2025-12-07 20:00:00,2025-12-07 20:00:00,94430.0
Korea,2025-12-07 21:00:00,2025-12-07 21:00:00,94430.0
Korea,2025-12-07 22:00:00,2025-12-07 22:00:00,94430.0
Korea,2025-12-07 23:00:00,2025-12-07 23:00:00,94430.0
Korea,2025-12-08 00:00:00,2025-12-08 00:00:00,77280.0
Korea,2025-12-08 01:00:00,2025-12-08 01:00:00,68970.0
Korea,2025-12-08 02:00:00,2025-12-08 02:00:00,68970.0
Korea,2025-12-08 03:00:00,2025-12-08 03:00:00,68970.0
Korea,2025-12-08 04:00:00,2025-12-08 04:00:00,68970.0
Korea,2025-12-08 05:00:00,2025-12-08 05:00:00,71330.0
Korea,2025-12-08 06:00:00,2025-12-08 06:00:00,72790.0
Korea,2025-12-08 07:00:00,2025-12-08 07:00:00,79560.0
Korea,2025-12-08 08:00:00,2025-12-08 08:00:00,120730.0
Korea,2025-12-08 09:00:00,2025-12-08 09:00:00,117930.0
Korea,2025-12-08 10:00:00,2025-12-08 10:00:00,93360.0
Korea,2025-12-08 11:00:00,2025-12-08 11:00:00,112780.0
Korea,2025-12-08 12:00:00,2025-12-08 12:00:00,96900.0
Korea,2025-12-08 13:00:00,2025-12-08 13:00:00,112780.0
Korea,2025-12-08 14:00:00,2025-12-08 14:00:00,120730.0
Korea,2025-12-08 15:00:00,2025-12-08 15:00:00,98240.0
Korea,2025-12-08 16:00:00,2025-12-08 16:00:00,120730.0
Korea,2025-12-08 17:00:00,2025-12-08 17:00:00,112780.0
Korea,2025-12-08 18:00:00,2025-12-08 18:00:00,112780.0
Korea,2025-12-08 19:00:00,2025-12-08 19:00:00,112780.0
Korea,2025-12-08 20:00:00,2025-12-08 20:00:00,104840.0
Korea,2025-12-08 21:00:00,2025-12-08 21:00:00,96900.0
Korea,2025-12-08 22:00:00,2025-12-08 22:00:00,104840.0
Korea,2025-12-08 23:00:00,2025-12-08 23:00:00,104840.0
Korea,2025-12-09 00:00:00,2025-12-09 00:00:00,73380.0
Korea,2025-12-09 01:00:00,2025-12-09 01:00:00,73380.0
Korea,2025-12-09 02:00:00,2025-12-09 02:00:00,73380.0
Korea,2025-12-09 03:00:00,2025-12-09 03:00:00,73380.0
Korea,2025-12-09 04:00:00,2025-12-09 04:00:00,73380.0
Korea,2025-12-09 05:00:00,2025-12-09 05:00:00,73380.0
Korea,2025-12-09 06:00:00,2025-12-09 06:00:00,76600.0
Korea,2025-12-09 07:00:00,2025-12-09 07:00:00,93640.0
Korea,2025-12-09 08:00:00,2025-12-09 08:00:00,115990.0
Korea,2025-12-09 09:00:00,2025-12-09 09:00:00,116000.0
Korea,2025-12-09 10:00:00,2025-12-09 10:00:00,115840.0
Korea,2025-12-09 11:00:00,2025-12-09 11:00:00,110990.0
Korea,2025-12-09 12:00:00,2025-12-09 12:00:00,114670.0
Korea,2025-12-09 13:00:00,2025-12-09 13:00:00,93640.0
Korea,2025-12-09 14:00:00,2025-12-09 14:00:00,95000.0
Korea,2025-12-09 15:00:00,2025-12-09 15:00:00,93640.0
Korea,2025-12-09 16:00:00,2025-12-09 16:00:00,114670.0
Korea,2025-12-09 17:00:00,2025-12-09 17:00:00,114670.0
Korea,2025-12-09 18:00:00,2025-12-09 18:00:00,114670.0
Korea,2025-12-09 19:00:00,2025-12-09 19:00:00,114670.0
Korea,2025-12-09 20:00:00,2025-12-09 20:00:00,106730.0
Korea,2025-12-09 21:00:00,2025-12-09 21:00:00,76260.0
Korea,2025-12-09 22:00:00,2025-12-09 22:00:00,76260.0
Korea,2025-12-09 23:00:00,2025-12-09 23:00:00,76260.0
Korea,2025-12-10 00:00:00,2025-12-10 00:00:00,79560.0
Korea,2025-12-10 01:00:00,2025-12-10 01:00:00,73360.0
Korea,2025-12-10 02:00:00,2025-12-10 02:00:00,73360.0
Korea,2025-12-10 03:00:00,2025-12-10 03:00:00,73360.0
Korea,2025-12-10 04:00:00,2025-12-10 04:00:00,73360.0
Korea,2025-12-10 05:00:00,2025-12-10 05:00:00,73360.0
Korea,2025-12-10 06:00:00,2025-12-10 06:00:00,73360.0
Korea,2025-12-10 07:00:00,2025-12-10 07:00:00,93280.0
Korea,2025-12-10 08:00:00,2025-12-10 08:00:00,94650.0
Korea,2025-12-10 09:00:00,2025-12-10 09:00:00,115220.0
Korea,2025-12-10 10:00:00,2025-12-10 10:00:00,115220.0
Korea,2025-12-10 11:00:00,2025-12-10 11:00:00,115210.0
Korea,2025-12-10 12:00:00,2025-12-10 12:00:00,119270.0
Korea,2025-12-10 13:00:00,2025-12-10 13:00:00,94060.0
Korea,2025-12-10 14:00:00,2025-12-10 14:00:00,113640.0
Korea,2025-12-10 15:00:00,2025-12-10 15:00:00,94060.0
Korea,2025-12-10 16:00:00,2025-12-10 16:00:00,93590.0
Korea,2025-12-10 17:00:00,2025-12-10 17:00:00,93410.0
Korea,2025-12-10 18:00:00,2025-12-10 18:00:00,93370.0
Korea,2025-12-10 19:00:00,2025-12-10 19:00:00,93410.0
Korea,2025-12-10 20:00:00,2025-12-10 20:00:00,77810.0
Korea,2025-12-10 21:00:00,2025-12-10 21:00:00,95440.0
Korea,2025-12-10 22:00:00,2025-12-10 22:00:00,95440.0
Korea,2025-12-10 23:00:00,2025-12-10 23:00:00,95440.0
Korea,2025-12-11 00:00:00,2025-12-11 00:00:00,105140.0
Korea,2025-12-11 01:00:00,2025-12-11 01:00:00,90650.0
Korea,2025-12-11 02:00:00,2025-12-11 02:00:00,73170.0
Korea,2025-12-11 03:00:00,2025-12-11 03:00:00,73170.0
Korea,2025-12-11 04:00:00,2025-12-11 04:00:00,73170.0
Korea,2025-12-11 05:00:00,2025-12-11 05:00:00,73170.0
Korea,2025-12-11 06:00:00,2025-12-11 06:00:00,98600.0
Korea,2025-12-11 07:00:00,2025-12-11 07:00:00,94220.0
Korea,2025-12-11 08:00:00,2025-12-11 08:00:00,114490.0
Korea,2025-12-11 09:00:00,2025-12-11 09:00:00,135020.0
Korea,2025-12-11 10:00:00,2025-12-11 10:00:00,116580.0
Korea,2025-12-11 11:00:00,2025-12-11 11:00:00,116530.0
Korea,2025-12-11 12:00:00,2025-12-11 12:00:00,122430.0
Korea,2025-12-11 13:00:00,2025-12-11 13:00:00,94220.0
Korea,2025-12-11 14:00:00,2025-12-11 14:00:00,94270.0
Korea,2025-12-11 15:00:00,2025-12-11 15:00:00,122430.0
Korea,2025-12-11 16:00:00,2025-12-11 16:00:00,94430.0
Korea,2025-12-11 17:00:00,2025-12-11 17:00:00,94590.0
Korea,2025-12-11 18:00:00,2025-12-11 18:00:00,94500.0
Korea,2025-12-11 19:00:00,2025-12-11 19:00:00,94500.0
Korea,2025-12-11 20:00:00,2025-12-11 20:00:00,93290.0
Korea,2025-12-11 21:00:00,2025-12-11 21:00:00,106540.0
Korea,2025-12-11 22:00:00,2025-12-11 22:00:00,98600.0
Korea,2025-12-11 23:00:00,2025-12-11 23:00:00,98600.0
Korea,2025-12-12 00:00:00,2025-12-12 00:00:00,74980.0
Korea,2025-12-12 01:00:00,2025-12-12 01:00:00,71340.0
Korea,2025-12-12 02:00:00,2025-12-12 02:00:00,70070.0
Korea,2025-12-12 03:00:00,2025-12-12 03:00:00,70070.0
Korea,2025-12-12 04:00:00,2025-12-12 04:00:00,70070.0
Korea,2025-12-12 05:00:00,2025-12-12 05:00:00,71170.0
Korea,2025-12-12 06:00:00,2025-12-12 06:00:00,74980.0
Korea,2025-12-12 07:00:00,2025-12-12 07:00:00,92890.0
Korea,2025-12-12 08:00:00,2025-12-12 08:00:00,96710.0
Korea,2025-12-12 09:00:00,2025-12-12 09:00:00,114810.0
Korea,2025-12-12 10:00:00,2025-12-12 10:00:00,114830.0
Korea,2025-12-12 11:00:00,2025-12-12 11:00:00,96540.0
Korea,2025-12-12 12:00:00,2025-12-12 12:00:00,95610.0
Korea,2025-12-12 13:00:00,2025-12-12 13:00:00,96050.0
Korea,2025-12-12 14:00:00,2025-12-12 14:00:00,96460.0
Korea,2025-12-12 15:00:00,2025-12-12 15:00:00,95560.0
Korea,2025-12-12 16:00:00,2025-12-12 16:00:00,115620.0
Korea,2025-12-12 17:00:00,2025-12-12 17:00:00,115620.0
Korea,2025-12-12 18:00:00,2025-12-12 18:00:00,92890.0
Korea,2025-12-12 19:00:00,2025-12-12 19:00:00,92890.0
Korea,2025-12-12 20:00:00,2025-12-12 20:00:00,76750.0
Korea,2025-12-12 21:00:00,2025-12-12 21:00:00,74980.0
Korea,2025-12-12 22:00:00,2025-12-12 22:00:00,99730.0
Korea,2025-12-12 23:00:00,2025-12-12 23:00:00,91780.0
Korea,2025-12-13 00:00:00,2025-12-13 00:00:00,79030.0
Korea,2025-12-13 01:00:00,2025-12-13 01:00:00,72530.0
Korea,2025-12-13 02:00:00,2025-12-13 02:00:00,71950.0
Korea,2025-12-13 03:00:00,2025-12-13 03:00:00,69910.0
Korea,2025-12-13 04:00:00,2025-12-13 04:00:00,69910.0
Korea,2025-12-13 05:00:00,2025-12-13 05:00:00,70600.0
Korea,2025-12-13 06:00:00,2025-12-13 06:00:00,73130.0
Korea,2025-12-13 07:00:00,2025-12-13 07:00:00,79110.0
Korea,2025-12-13 08:00:00,2025-12-13 08:00:00,79080.0
Korea,2025-12-13 09:00:00,2025-12-13 09:00:00,72480.0
Korea,2025-12-13 10:00:00,2025-12-13 10:00:00,71640.0
Korea,2025-12-13 11:00:00,2025-12-13 11:00:00,70600.0
Korea,2025-12-13 12:00:00,2025-12-13 12:00:00,70200.0
Korea,2025-12-13 13:00:00,2025-12-13 13:00:00,72480.0
Korea,2025-12-13 14:00:00,2025-12-13 14:00:00,77850.0
Korea,2025-12-13 15:00:00,2025-12-13 15:00:00,78760.0
Korea,2025-12-13 16:00:00,2025-12-13 16:00:00,115480.0
Korea,2025-12-13 17:00:00,2025-12-13 17:00:00,123410.0
Korea,2025-12-13 18:00:00,2025-12-13 18:00:00,123410.0
Korea,2025-12-13 19:00:00,2025-12-13 19:00:00,123410.0
Korea,2025-12-13 20:00:00,2025-12-13 20:00:00,78870.0
Korea,2025-12-13 21:00:00,2025-12-13 21:00:00,78870.0
Korea,2025-12-13 22:00:00,2025-12-13 22:00:00,78870.0
Korea,2025-12-13 23:00:00,2025-12-13 23:00:00,78870.0
Korea,2025-12-14 00:00:00,2025-12-14 00:00:00,79100.0
Korea,2025-12-14 01:00:00,2025-12-14 01:00:00,71000.0
Korea,2025-12-14 02:00:00,2025-12-14 02:00:00,71000.0
Korea,2025-12-14 03:00:00,2025-12-14 03:00:00,71000.0
Korea,2025-12-14 04:00:00,2025-12-14 04:00:00,71000.0
Korea,2025-12-14 05:00:00,2025-12-14 05:00:00,71000.0
Korea,2025-12-14 06:00:00,2025-12-14 06:00:00,71000.0
Korea,2025-12-14 07:00:00,2025-12-14 07:00:00,73870.0
Korea,2025-12-14 08:00:00,2025-12-14 08:00:00,71000.0
Korea,2025-12-14 09:00:00,2025-12-14 09:00:00,69610.0
Korea,2025-12-14 10:00:00,2025-12-14 10:00:00,66470.0
Korea,2025-12-14 11:00:00,2025-12-14 11:00:00,66470.0
Korea,2025-12-14 12:00:00,2025-12-14 12:00:00,66470.0
Korea,2025-12-14 13:00:00,2025-12-14 13:00:00,66470.0
Korea,2025-12-14 14:00:00,2025-12-14 14:00:00,66470.0
Korea,2025-12-14 15:00:00,2025-12-14 15:00:00,70150.0
Korea,2025-12-14 16:00:00,2025-12-14 16:00:00,73870.0
Korea,2025-12-14 17:00:00,2025-12-14 17:00:00,79100.0
Korea,2025-12-14 18:00:00,2025-12-14 18:00:00,123240.0
Korea,2025-12-14 19:00:00,2025-12-14 19:00:00,123240.0
Korea,2025-12-14 20:00:00,2025-12-14 20:00:00,79920.0
Korea,2025-12-14 21:00:00,2025-12-14 21:00:00,79920.0
Korea,2025-12-14 22:00:00,2025-12-14 22:00:00,79920.0
Korea,2025-12-14 23:00:00,2025-12-14 23:00:00,79920.0
Korea,2025-12-15 00:00:00,2025-12-15 00:00:00,79340.0
Korea,2025-12-15 01:00:00,2025-12-15 01:00:00,70260.0
Korea,2025-12-15 02:00:00,2025-12-15 02:00:00,69530.0
Korea,2025-12-15 03:00:00,2025-12-15 03:00:00,69530.0
Korea,2025-12-15 04:00:00,2025-12-15 04:00:00,69530.0
Korea,2025-12-15 05:00:00,2025-12-15 05:00:00,70260.0
Korea,2025-12-15 06:00:00,2025-12-15 06:00:00,71990.0
Korea,2025-12-15 07:00:00,2025-12-15 07:00:00,112070.0
Korea,2025-12-15 08:00:00,2025-12-15 08:00:00,115990.0
Korea,2025-12-15 09:00:00,2025-12-15 09:00:00,114700.0
Korea,2025-12-15 10:00:00,2025-12-15 10:00:00,95990.0
Korea,2025-12-15 11:00:00,2025-12-15 11:00:00,95050.0
Korea,2025-12-15 12:00:00,2025-12-15 12:00:00,92390.0
Korea,2025-12-15 13:00:00,2025-12-15 13:00:00,95380.0
Korea,2025-12-15 14:00:00,2025-12-15 14:00:00,95860.0
Korea,2025-12-15 15:00:00,2025-12-15 15:00:00,95900.0
Korea,2025-12-15 16:00:00,2025-12-15 16:00:00,114100.0
Korea,2025-12-15 17:00:00,2025-12-15 17:00:00,95990.0
Korea,2025-12-15 18:00:00,2025-12-15 18:00:00,95990.0
Korea,2025-12-15 19:00:00,2025-12-15 19:00:00,95990.0
Korea,2025-12-15 20:00:00,2025-12-15 20:00:00,92390.0
Korea,2025-12-15 21:00:00,2025-12-15 21:00:00,82150.0
Korea,2025-12-15 22:00:00,2025-12-15 22:00:00,98650.0
Korea,2025-12-15 23:00:00,2025-12-15 23:00:00,98650.0
Korea,2025-12-16 00:00:00,2025-12-16 00:00:00,79340.0
Korea,2025-12-16 01:00:00,2025-12-16 01:00:00,73270.0
Korea,2025-12-16 02:00:00,2025-12-16 02:00:00,73270.0
Korea,2025-12-16 03:00:00,2025-12-16 03:00:00,73270.0
Korea,2025-12-16 04:00:00,2025-12-16 04:00:00,73270.0
Korea,2025-12-16 05:00:00,2025-12-16 05:00:00,73270.0
Korea,2025-12-16 06:00:00,2025-12-16 06:00:00,73270.0
Korea,2025-12-16 07:00:00,2025-12-16 07:00:00,94140.0
Korea,2025-12-16 08:00:00,2025-12-16 08:00:00,96330.0
Korea,2025-12-16 09:00:00,2025-12-16 09:00:00,118720.0
Korea,2025-12-16 10:00:00,2025-12-16 10:00:00,118990.0
Korea,2025-12-16 11:00:00,2025-12-16 11:00:00,118650.0
Korea,2025-12-16 12:00:00,2025-12-16 12:00:00,121580.0
Korea,2025-12-16 13:00:00,2025-12-16 13:00:00,118750.0
Korea,2025-12-16 14:00:00,2025-12-16 14:00:00,94140.0
Korea,2025-12-16 15:00:00,2025-12-16 15:00:00,96170.0
Korea,2025-12-16 16:00:00,2025-12-16 16:00:00,94140.0
Korea,2025-12-16 17:00:00,2025-12-16 17:00:00,94140.0
Korea,2025-12-16 18:00:00,2025-12-16 18:00:00,94140.0
Korea,2025-12-16 19:00:00,2025-12-16 19:00:00,94140.0
Korea,2025-12-16 20:00:00,2025-12-16 20:00:00,92780.0
Korea,2025-12-16 21:00:00,2025-12-16 21:00:00,99130.0
Korea,2025-12-16 22:00:00,2025-12-16 22:00:00,107070.0
Korea,2025-12-16 23:00:00,2025-12-16 23:00:00,91180.0
Korea,2025-12-17 00:00:00,2025-12-17 00:00:00,74720.0
Korea,2025-12-17 01:00:00,2025-12-17 01:00:00,73270.0
Korea,2025-12-17 02:00:00,2025-12-17 02:00:00,73270.0
Korea,2025-12-17 03:00:00,2025-12-17 03:00:00,73270.0
Korea,2025-12-17 04:00:00,2025-12-17 04:00:00,73270.0
Korea,2025-12-17 05:00:00,2025-12-17 05:00:00,73270.0
Korea,2025-12-17 06:00:00,2025-12-17 06:00:00,74720.0
Korea,2025-12-17 07:00:00,2025-12-17 07:00:00,93270.0
Korea,2025-12-17 08:00:00,2025-12-17 08:00:00,113690.0
Korea,2025-12-17 09:00:00,2025-12-17 09:00:00,129100.0
Korea,2025-12-17 10:00:00,2025-12-17 10:00:00,119740.0
Korea,2025-12-17 11:00:00,2025-12-17 11:00:00,95450.0
Korea,2025-12-17 12:00:00,2025-12-17 12:00:00,116460.0
Korea,2025-12-17 13:00:00,2025-12-17 13:00:00,93250.0
Korea,2025-12-17 14:00:00,2025-12-17 14:00:00,93250.0
Korea,2025-12-17 15:00:00,2025-12-17 15:00:00,93250.0
Korea,2025-12-17 16:00:00,2025-12-17 16:00:00,93250.0
Korea,2025-12-17 17:00:00,2025-12-17 17:00:00,93260.0
Korea,2025-12-17 18:00:00,2025-12-17 18:00:00,93270.0
Korea,2025-12-17 19:00:00,2025-12-17 19:00:00,111030.0
Korea,2025-12-17 20:00:00,2025-12-17 20:00:00,118010.0
Korea,2025-12-17 21:00:00,2025-12-17 21:00:00,111030.0
Korea,2025-12-17 22:00:00,2025-12-17 22:00:00,111030.0
Korea,2025-12-17 23:00:00,2025-12-17 23:00:00,101520.0
Korea,2025-12-18 00:00:00,2025-12-18 00:00:00,112910.0
Korea,2025-12-18 01:00:00,2025-12-18 01:00:00,73340.0
Korea,2025-12-18 02:00:00,2025-12-18 02:00:00,73340.0
Korea,2025-12-18 03:00:00,2025-12-18 03:00:00,73340.0
Korea,2025-12-18 04:00:00,2025-12-18 04:00:00,73340.0
Korea,2025-12-18 05:00:00,2025-12-18 05:00:00,73340.0
Korea,2025-12-18 06:00:00,2025-12-18 06:00:00,74760.0
Korea,2025-12-18 07:00:00,2025-12-18 07:00:00,95460.0
Korea,2025-12-18 08:00:00,2025-12-18 08:00:00,97860.0
Korea,2025-12-18 09:00:00,2025-12-18 09:00:00,95460.0
Korea,2025-12-18 10:00:00,2025-12-18 10:00:00,95460.0
Korea,2025-12-18 11:00:00,2025-12-18 11:00:00,94100.0
Korea,2025-12-18 12:00:00,2025-12-18 12:00:00,67880.0
Korea,2025-12-18 13:00:00,2025-12-18 13:00:00,94100.0
Korea,2025-12-18 14:00:00,2025-12-18 14:00:00,92740.0
Korea,2025-12-18 15:00:00,2025-12-18 15:00:00,92740.0
Korea,2025-12-18 16:00:00,2025-12-18 16:00:00,95460.0
Korea,2025-12-18 17:00:00,2025-12-18 17:00:00,95460.0
Korea,2025-12-18 18:00:00,2025-12-18 18:00:00,95460.0
Korea,2025-12-18 19:00:00,2025-12-18 19:00:00,113330.0
Korea,2025-12-18 20:00:00,2025-12-18 20:00:00,117460.0
Korea,2025-12-18 21:00:00,2025-12-18 21:00:00,101580.0
Korea,2025-12-18 22:00:00,2025-12-18 22:00:00,101580.0
Korea,2025-12-18 23:00:00,2025-12-18 23:00:00,101580.0
Korea,2025-12-19 00:00:00,2025-12-19 00:00:00,74460.0
Korea,2025-12-19 01:00:00,2025-12-19 01:00:00,73310.0
Korea,2025-12-19 02:00:00,2025-12-19 02:00:00,73310.0
Korea,2025-12-19 03:00:00,2025-12-19 03:00:00,73310.0
Korea,2025-12-19 04:00:00,2025-12-19 04:00:00,73310.0
Korea,2025-12-19 05:00:00,2025-12-19 05:00:00,73310.0
Korea,2025-12-19 06:00:00,2025-12-19 06:00:00,74460.0
Korea,2025-12-19 07:00:00,2025-12-19 07:00:00,117230.0
Korea,2025-12-19 08:00:00,2025-12-19 08:00:00,115760.0
Korea,2025-12-19 09:00:00,2025-12-19 09:00:00,95150.0
Korea,2025-12-19 10:00:00,2025-12-19 10:00:00,116770.0
Korea,2025-12-19 11:00:00,2025-12-19 11:00:00,116650.0
Korea,2025-12-19 12:00:00,2025-12-19 12:00:00,117230.0
Korea,2025-12-19 13:00:00,2025-12-19 13:00:00,94630.0
Korea,2025-12-19 14:00:00,2025-12-19 14:00:00,93340.0
Korea,2025-12-19 15:00:00,2025-12-19 15:00:00,94630.0
Korea,2025-12-19 16:00:00,2025-12-19 16:00:00,94630.0
Korea,2025-12-19 17:00:00,2025-12-19 17:00:00,87650.0
Korea,2025-12-19 18:00:00,2025-12-19 18:00:00,117230.0
Korea,2025-12-19 19:00:00,2025-12-19 19:00:00,117230.0
Korea,2025-12-19 20:00:00,2025-12-19 20:00:00,101350.0
Korea,2025-12-19 21:00:00,2025-12-19 21:00:00,74460.0
Korea,2025-12-19 22:00:00,2025-12-19 22:00:00,74460.0
Korea,2025-12-19 23:00:00,2025-12-19 23:00:00,93400.0
Korea,2025-12-20 00:00:00,2025-12-20 00:00:00,77950.0
Korea,2025-12-20 01:00:00,2025-12-20 01:00:00,71160.0
Korea,2025-12-20 02:00:00,2025-12-20 02:00:00,71160.0
Korea,2025-12-20 03:00:00,2025-12-20 03:00:00,70990.0
Korea,2025-12-20 04:00:00,2025-12-20 04:00:00,70990.0
Korea,2025-12-20 05:00:00,2025-12-20 05:00:00,71160.0
Korea,2025-12-20 06:00:00,2025-12-20 06:00:00,71160.0
Korea,2025-12-20 07:00:00,2025-12-20 07:00:00,71160.0
Korea,2025-12-20 08:00:00,2025-12-20 08:00:00,71160.0
Korea,2025-12-20 09:00:00,2025-12-20 09:00:00,71160.0
Korea,2025-12-20 10:00:00,2025-12-20 10:00:00,71160.0
Korea,2025-12-20 11:00:00,2025-12-20 11:00:00,71160.0
Korea,2025-12-20 12:00:00,2025-12-20 12:00:00,70690.0
Korea,2025-12-20 13:00:00,2025-12-20 13:00:00,71160.0
Korea,2025-12-20 14:00:00,2025-12-20 14:00:00,71160.0
Korea,2025-12-20 15:00:00,2025-12-20 15:00:00,71160.0
Korea,2025-12-20 16:00:00,2025-12-20 16:00:00,71160.0
Korea,2025-12-20 17:00:00,2025-12-20 17:00:00,71160.0
Korea,2025-12-20 18:00:00,2025-12-20 18:00:00,71160.0
Korea,2025-12-20 19:00:00,2025-12-20 19:00:00,71160.0
Korea,2025-12-20 20:00:00,2025-12-20 20:00:00,71160.0
Korea,2025-12-20 21:00:00,2025-12-20 21:00:00,71440.0
Korea,2025-12-20 22:00:00,2025-12-20 22:00:00,71440.0
Korea,2025-12-20 23:00:00,2025-12-20 23:00:00,71640.0
Korea,2025-12-21 00:00:00,2025-12-21 00:00:00,72100.0
Korea,2025-12-21 01:00:00,2025-12-21 01:00:00,71340.0
Korea,2025-12-21 02:00:00,2025-12-21 02:00:00,70180.0
Korea,2025-12-21 03:00:00,2025-12-21 03:00:00,68550.0
Korea,2025-12-21 04:00:00,2025-12-21 04:00:00,69990.0
Korea,2025-12-21 05:00:00,2025-12-21 05:00:00,70530.0
Korea,2025-12-21 06:00:00,2025-12-21 06:00:00,71340.0
Korea,2025-12-21 07:00:00,2025-12-21 07:00:00,72700.0
Korea,2025-12-21 08:00:00,2025-12-21 08:00:00,72700.0
Korea,2025-12-21 09:00:00,2025-12-21 09:00:00,70530.0
Korea,2025-12-21 10:00:00,2025-12-21 10:00:00,68290.0
Korea,2025-12-21 11:00:00,2025-12-21 11:00:00,68010.0
Korea,2025-12-21 12:00:00,2025-12-21 12:00:00,68010.0
Korea,2025-12-21 13:00:00,2025-12-21 13:00:00,68010.0
Korea,2025-12-21 14:00:00,2025-12-21 14:00:00,68290.0
Korea,2025-12-21 15:00:00,2025-12-21 15:00:00,70260.0
Korea,2025-12-21 16:00:00,2025-12-21 16:00:00,72500.0
Korea,2025-12-21 17:00:00,2025-12-21 17:00:00,79180.0
Korea,2025-12-21 18:00:00,2025-12-21 18:00:00,79390.0
Korea,2025-12-21 19:00:00,2025-12-21 19:00:00,79920.0
Korea,2025-12-21 20:00:00,2025-12-21 20:00:00,79920.0
Korea,2025-12-21 21:00:00,2025-12-21 21:00:00,79920.0
Korea,2025-12-21 22:00:00,2025-12-21 22:00:00,79920.0
Korea,2025-12-21 23:00:00,2025-12-21 23:00:00,79920.0
Korea,2025-12-22 00:00:00,2025-12-22 00:00:00,79340.0
Korea,2025-12-22 01:00:00,2025-12-22 01:00:00,69620.0
Korea,2025-12-22 02:00:00,2025-12-22 02:00:00,69620.0
Korea,2025-12-22 03:00:00,2025-12-22 03:00:00,69620.0
Korea,2025-12-22 04:00:00,2025-12-22 04:00:00,69620.0
Korea,2025-12-22 05:00:00,2025-12-22 05:00:00,69620.0
Korea,2025-12-22 06:00:00,2025-12-22 06:00:00,72530.0
Korea,2025-12-22 07:00:00,2025-12-22 07:00:00,93540.0
Korea,2025-12-22 08:00:00,2025-12-22 08:00:00,96740.0
Korea,2025-12-22 09:00:00,2025-12-22 09:00:00,96740.0
Korea,2025-12-22 10:00:00,2025-12-22 10:00:00,96300.0
Korea,2025-12-22 11:00:00,2025-12-22 11:00:00,90680.0
Korea,2025-12-22 12:00:00,2025-12-22 12:00:00,76690.0
Korea,2025-12-22 13:00:00,2025-12-22 13:00:00,90820.0
Korea,2025-12-22 14:00:00,2025-12-22 14:00:00,91750.0
Korea,2025-12-22 15:00:00,2025-12-22 15:00:00,95390.0
Korea,2025-12-22 16:00:00,2025-12-22 16:00:00,95650.0
Korea,2025-12-22 17:00:00,2025-12-22 17:00:00,97410.0
Korea,2025-12-22 18:00:00,2025-12-22 18:00:00,125290.0
Korea,2025-12-22 19:00:00,2025-12-22 19:00:00,125290.0
Korea,2025-12-22 20:00:00,2025-12-22 20:00:00,95720.0
Korea,2025-12-22 21:00:00,2025-12-22 21:00:00,91900.0
Korea,2025-12-22 22:00:00,2025-12-22 22:00:00,109140.0
Korea,2025-12-22 23:00:00,2025-12-22 23:00:00,92670.0
Korea,2025-12-23 00:00:00,2025-12-23 00:00:00,76070.0
Korea,2025-12-23 01:00:00,2025-12-23 01:00:00,73320.0
Korea,2025-12-23 02:00:00,2025-12-23 02:00:00,73320.0
Korea,2025-12-23 03:00:00,2025-12-23 03:00:00,73320.0
Korea,2025-12-23 04:00:00,2025-12-23 04:00:00,73320.0
Korea,2025-12-23 05:00:00,2025-12-23 05:00:00,73320.0
Korea,2025-12-23 06:00:00,2025-12-23 06:00:00,76070.0
Korea,2025-12-23 07:00:00,2025-12-23 07:00:00,95580.0
Korea,2025-12-23 08:00:00,2025-12-23 08:00:00,96480.0
Korea,2025-12-23 09:00:00,2025-12-23 09:00:00,96420.0
Korea,2025-12-23 10:00:00,2025-12-23 10:00:00,94220.0
Korea,2025-12-23 11:00:00,2025-12-23 11:00:00,94220.0
Korea,2025-12-23 12:00:00,2025-12-23 12:00:00,117200.0
Korea,2025-12-23 13:00:00,2025-12-23 13:00:00,94220.0
Korea,2025-12-23 14:00:00,2025-12-23 14:00:00,96420.0
Korea,2025-12-23 15:00:00,2025-12-23 15:00:00,115960.0
Korea,2025-12-23 16:00:00,2025-12-23 16:00:00,95580.0
Korea,2025-12-23 17:00:00,2025-12-23 17:00:00,96420.0
Korea,2025-12-23 18:00:00,2025-12-23 18:00:00,95580.0
Korea,2025-12-23 19:00:00,2025-12-23 19:00:00,95040.0
Korea,2025-12-23 20:00:00,2025-12-23 20:00:00,112230.0
Korea,2025-12-23 21:00:00,2025-12-23 21:00:00,79310.0
Korea,2025-12-23 22:00:00,2025-12-23 22:00:00,79310.0
Korea,2025-12-23 23:00:00,2025-12-23 23:00:00,79310.0
Korea,2025-12-24 00:00:00,2025-12-24 00:00:00,73320.0
Korea,2025-12-24 01:00:00,2025-12-24 01:00:00,73320.0
Korea,2025-12-24 02:00:00,2025-12-24 02:00:00,73320.0
Korea,2025-12-24 03:00:00,2025-12-24 03:00:00,73320.0
Korea,2025-12-24 04:00:00,2025-12-24 04:00:00,73320.0
Korea,2025-12-24 05:00:00,2025-12-24 05:00:00,73320.0
Korea,2025-12-24 06:00:00,2025-12-24 06:00:00,73320.0
Korea,2025-12-24 07:00:00,2025-12-24 07:00:00,82340.0
Korea,2025-12-24 08:00:00,2025-12-24 08:00:00,115780.0
Korea,2025-12-24 09:00:00,2025-12-24 09:00:00,131200.0
Korea,2025-12-24 10:00:00,2025-12-24 10:00:00,125570.0
Korea,2025-12-24 11:00:00,2025-12-24 11:00:00,117630.0
Korea,2025-12-24 12:00:00,2025-12-24 12:00:00,109680.0
Korea,2025-12-24 13:00:00,2025-12-24 13:00:00,111940.0
Korea,2025-12-24 14:00:00,2025-12-24 14:00:00,94090.0
Korea,2025-12-24 15:00:00,2025-12-24 15:00:00,129880.0
Korea,2025-12-24 16:00:00,2025-12-24 16:00:00,109680.0
Korea,2025-12-24 17:00:00,2025-12-24 17:00:00,82340.0
Korea,2025-12-24 18:00:00,2025-12-24 18:00:00,109680.0
Korea,2025-12-24 19:00:00,2025-12-24 19:00:00,82340.0
Korea,2025-12-24 20:00:00,2025-12-24 20:00:00,74660.0
Korea,2025-12-24 21:00:00,2025-12-24 21:00:00,74430.0
Korea,2025-12-24 22:00:00,2025-12-24 22:00:00,74230.0
Korea,2025-12-24 23:00:00,2025-12-24 23:00:00,72980.0
Korea,2025-12-25 00:00:00,2025-12-25 00:00:00,84300.0
Korea,2025-12-25 01:00:00,2025-12-25 01:00:00,79040.0
Korea,2025-12-25 02:00:00,2025-12-25 02:00:00,73490.0
Korea,2025-12-25 03:00:00,2025-12-25 03:00:00,72230.0
Korea,2025-12-25 04:00:00,2025-12-25 04:00:00,71920.0
Korea,2025-12-25 05:00:00,2025-12-25 05:00:00,72230.0
Korea,2025-12-25 06:00:00,2025-12-25 06:00:00,73940.0
Korea,2025-12-25 07:00:00,2025-12-25 07:00:00,84300.0
Korea,2025-12-25 08:00:00,2025-12-25 08:00:00,79130.0
Korea,2025-12-25 09:00:00,2025-12-25 09:00:00,71920.0
Korea,2025-12-25 10:00:00,2025-12-25 10:00:00,68820.0
Korea,2025-12-25 11:00:00,2025-12-25 11:00:00,68090.0
Korea,2025-12-25 12:00:00,2025-12-25 12:00:00,66690.0
Korea,2025-12-25 13:00:00,2025-12-25 13:00:00,68540.0
Korea,2025-12-25 14:00:00,2025-12-25 14:00:00,68820.0
Korea,2025-12-25 15:00:00,2025-12-25 15:00:00,106270.0
Korea,2025-12-25 16:00:00,2025-12-25 16:00:00,114230.0
Korea,2025-12-25 17:00:00,2025-12-25 17:00:00,94350.0
Korea,2025-12-25 18:00:00,2025-12-25 18:00:00,94610.0
Korea,2025-12-25 19:00:00,2025-12-25 19:00:00,84300.0
Korea,2025-12-25 20:00:00,2025-12-25 20:00:00,84300.0
Korea,2025-12-25 21:00:00,2025-12-25 21:00:00,84300.0
Korea,2025-12-25 22:00:00,2025-12-25 22:00:00,94320.0
Korea,2025-12-25 23:00:00,2025-12-25 23:00:00,94610.0
Korea,2025-12-26 00:00:00,2025-12-26 00:00:00,79340.0
Korea,2025-12-26 01:00:00,2025-12-26 01:00:00,73310.0
Korea,2025-12-26 02:00:00,2025-12-26 02:00:00,73310.0
Korea,2025-12-26 03:00:00,2025-12-26 03:00:00,73310.0
Korea,2025-12-26 04:00:00,2025-12-26 04:00:00,73310.0
Korea,2025-12-26 05:00:00,2025-12-26 05:00:00,73310.0
Korea,2025-12-26 06:00:00,2025-12-26 06:00:00,73310.0
Korea,2025-12-26 07:00:00,2025-12-26 07:00:00,94640.0
Korea,2025-12-26 08:00:00,2025-12-26 08:00:00,118160.0
Korea,2025-12-26 09:00:00,2025-12-26 09:00:00,118300.0
Korea,2025-12-26 10:00:00,2025-12-26 10:00:00,94410.0
Korea,2025-12-26 11:00:00,2025-12-26 11:00:00,93430.0
Korea,2025-12-26 12:00:00,2025-12-26 12:00:00,91740.0
Korea,2025-12-26 13:00:00,2025-12-26 13:00:00,92260.0
Korea,2025-12-26 14:00:00,2025-12-26 14:00:00,92260.0
Korea,2025-12-26 15:00:00,2025-12-26 15:00:00,92260.0
Korea,2025-12-26 16:00:00,2025-12-26 16:00:00,95400.0
Korea,2025-12-26 17:00:00,2025-12-26 17:00:00,95400.0
Korea,2025-12-26 18:00:00,2025-12-26 18:00:00,95450.0
Korea,2025-12-26 19:00:00,2025-12-26 19:00:00,95450.0
Korea,2025-12-26 20:00:00,2025-12-26 20:00:00,93950.0
Korea,2025-12-26 21:00:00,2025-12-26 21:00:00,109890.0
Korea,2025-12-26 22:00:00,2025-12-26 22:00:00,109890.0
Korea,2025-12-26 23:00:00,2025-12-26 23:00:00,91230.0
Korea,2025-12-27 00:00:00,2025-12-27 00:00:00,80720.0
Korea,2025-12-27 01:00:00,2025-12-27 01:00:00,72420.0
Korea,2025-12-27 02:00:00,2025-12-27 02:00:00,72350.0
Korea,2025-12-27 03:00:00,2025-12-27 03:00:00,71850.0
Korea,2025-12-27 04:00:00,2025-12-27 04:00:00,71750.0
Korea,2025-12-27 05:00:00,2025-12-27 05:00:00,71750.0
Korea,2025-12-27 06:00:00,2025-12-27 06:00:00,73040.0
Korea,2025-12-27 07:00:00,2025-12-27 07:00:00,73040.0
Korea,2025-12-27 08:00:00,2025-12-27 08:00:00,73040.0
Korea,2025-12-27 09:00:00,2025-12-27 09:00:00,72840.0
Korea,2025-12-27 10:00:00,2025-12-27 10:00:00,71360.0
Korea,2025-12-27 11:00:00,2025-12-27 11:00:00,69050.0
Korea,2025-12-27 12:00:00,2025-12-27 12:00:00,67760.0
Korea,2025-12-27 13:00:00,2025-12-27 13:00:00,68390.0
Korea,2025-12-27 14:00:00,2025-12-27 14:00:00,115470.0
Korea,2025-12-27 15:00:00,2025-12-27 15:00:00,72340.0
Korea,2025-12-27 16:00:00,2025-12-27 16:00:00,75230.0
Korea,2025-12-27 17:00:00,2025-12-27 17:00:00,75240.0
Korea,2025-12-27 18:00:00,2025-12-27 18:00:00,75240.0
Korea,2025-12-27 19:00:00,2025-12-27 19:00:00,75240.0
Korea,2025-12-27 20:00:00,2025-12-27 20:00:00,75240.0
Korea,2025-12-27 21:00:00,2025-12-27 21:00:00,75240.0
Korea,2025-12-27 22:00:00,2025-12-27 22:00:00,75240.0
Korea,2025-12-27 23:00:00,2025-12-27 23:00:00,75240.0
Korea,2025-12-28 00:00:00,2025-12-28 00:00:00,72500.0
Korea,2025-12-28 01:00:00,2025-12-28 01:00:00,68390.0
Korea,2025-12-28 02:00:00,2025-12-28 02:00:00,68300.0
Korea,2025-12-28 03:00:00,2025-12-28 03:00:00,68300.0
Korea,2025-12-28 04:00:00,2025-12-28 04:00:00,68300.0
Korea,2025-12-28 05:00:00,2025-12-28 05:00:00,68300.0
Korea,2025-12-28 06:00:00,2025-12-28 06:00:00,70090.0
Korea,2025-12-28 07:00:00,2025-12-28 07:00:00,72700.0
Korea,2025-12-28 08:00:00,2025-12-28 08:00:00,70440.0
Korea,2025-12-28 09:00:00,2025-12-28 09:00:00,68300.0
Korea,2025-12-28 10:00:00,2025-12-28 10:00:00,68300.0
Korea,2025-12-28 11:00:00,2025-12-28 11:00:00,66810.0
Korea,2025-12-28 12:00:00,2025-12-28 12:00:00,65390.0
Korea,2025-12-28 13:00:00,2025-12-28 13:00:00,66810.0
Korea,2025-12-28 14:00:00,2025-12-28 14:00:00,68300.0
Korea,2025-12-28 15:00:00,2025-12-28 15:00:00,68300.0
Korea,2025-12-28 16:00:00,2025-12-28 16:00:00,71700.0
Korea,2025-12-28 17:00:00,2025-12-28 17:00:00,71900.0
Korea,2025-12-28 18:00:00,2025-12-28 18:00:00,72100.0
Korea,2025-12-28 19:00:00,2025-12-28 19:00:00,124750.0
Korea,2025-12-28 20:00:00,2025-12-28 20:00:00,124750.0
Korea,2025-12-28 21:00:00,2025-12-28 21:00:00,72100.0
Korea,2025-12-28 22:00:00,2025-12-28 22:00:00,72300.0
Korea,2025-12-28 23:00:00,2025-12-28 23:00:00,72300.0
Korea,2025-12-29 00:00:00,2025-12-29 00:00:00,67450.0
Korea,2025-12-29 01:00:00,2025-12-29 01:00:00,67450.0
Korea,2025-12-29 02:00:00,2025-12-29 02:00:00,67450.0
Korea,2025-12-29 03:00:00,2025-12-29 03:00:00,67450.0
Korea,2025-12-29 04:00:00,2025-12-29 04:00:00,67450.0
Korea,2025-12-29 05:00:00,2025-12-29 05:00:00,67450.0
Korea,2025-12-29 06:00:00,2025-12-29 06:00:00,67450.0
Korea,2025-12-29 07:00:00,2025-12-29 07:00:00,75140.0
Korea,2025-12-29 08:00:00,2025-12-29 08:00:00,113170.0
Korea,2025-12-29 09:00:00,2025-12-29 09:00:00,117850.0
Korea,2025-12-29 10:00:00,2025-12-29 10:00:00,94320.0
Korea,2025-12-29 11:00:00,2025-12-29 11:00:00,88070.0
Korea,2025-12-29 12:00:00,2025-12-29 12:00:00,86070.0
Korea,2025-12-29 13:00:00,2025-12-29 13:00:00,87660.0
Korea,2025-12-29 14:00:00,2025-12-29 14:00:00,87660.0
Korea,2025-12-29 15:00:00,2025-12-29 15:00:00,87660.0
Korea,2025-12-29 16:00:00,2025-12-29 16:00:00,86070.0
Korea,2025-12-29 17:00:00,2025-12-29 17:00:00,114130.0
Korea,2025-12-29 18:00:00,2025-12-29 18:00:00,114130.0
Korea,2025-12-29 19:00:00,2025-12-29 19:00:00,114100.0
Korea,2025-12-29 20:00:00,2025-12-29 20:00:00,84780.0
Korea,2025-12-29 21:00:00,2025-12-29 21:00:00,77390.0
Korea,2025-12-29 22:00:00,2025-12-29 22:00:00,77390.0
Korea,2025-12-29 23:00:00,2025-12-29 23:00:00,77390.0
Korea,2025-12-30 00:00:00,2025-12-30 00:00:00,94520.0
Korea,2025-12-30 01:00:00,2025-12-30 01:00:00,110830.0
Korea,2025-12-30 02:00:00,2025-12-30 02:00:00,94950.0
Korea,2025-12-30 03:00:00,2025-12-30 03:00:00,94950.0
Korea,2025-12-30 04:00:00,2025-12-30 04:00:00,94950.0
Korea,2025-12-30 05:00:00,2025-12-30 05:00:00,94950.0
Korea,2025-12-30 06:00:00,2025-12-30 06:00:00,82090.0
Korea,2025-12-30 07:00:00,2025-12-30 07:00:00,95180.0
Korea,2025-12-30 08:00:00,2025-12-30 08:00:00,130680.0
Korea,2025-12-30 09:00:00,2025-12-30 09:00:00,95180.0
Korea,2025-12-30 10:00:00,2025-12-30 10:00:00,94740.0
Korea,2025-12-30 11:00:00,2025-12-30 11:00:00,92090.0
Korea,2025-12-30 12:00:00,2025-12-30 12:00:00,43060.0
Korea,2025-12-30 13:00:00,2025-12-30 13:00:00,87660.0
Korea,2025-12-30 14:00:00,2025-12-30 14:00:00,87650.0
Korea,2025-12-30 15:00:00,2025-12-30 15:00:00,84480.0
Korea,2025-12-30 16:00:00,2025-12-30 16:00:00,95000.0
Korea,2025-12-30 17:00:00,2025-12-30 17:00:00,126720.0
Korea,2025-12-30 18:00:00,2025-12-30 18:00:00,95000.0
Korea,2025-12-30 19:00:00,2025-12-30 19:00:00,95000.0
Korea,2025-12-30 20:00:00,2025-12-30 20:00:00,118780.0
Korea,2025-12-30 21:00:00,2025-12-30 21:00:00,82090.0
Korea,2025-12-30 22:00:00,2025-12-30 22:00:00,117630.0
Korea,2025-12-30 23:00:00,2025-12-30 23:00:00,89380.0
Korea,2025-12-31 00:00:00,2025-12-31 00:00:00,72340.0
Korea,2025-12-31 01:00:00,2025-12-31 01:00:00,69880.0
Korea,2025-12-31 02:00:00,2025-12-31 02:00:00,69880.0
Korea,2025-12-31 03:00:00,2025-12-31 03:00:00,69880.0
Korea,2025-12-31 04:00:00,2025-12-31 04:00:00,69880.0
Korea,2025-12-31 05:00:00,2025-12-31 05:00:00,71920.0
Korea,2025-12-31 06:00:00,2025-12-31 06:00:00,74140.0
Korea,2025-12-31 07:00:00,2025-12-31 07:00:00,85960.0
Korea,2025-12-31 08:00:00,2025-12-31 08:00:00,116830.0
Korea,2025-12-31 09:00:00,2025-12-31 09:00:00,116880.0
Korea,2025-12-31 10:00:00,2025-12-31 10:00:00,94970.0
Korea,2025-12-31 11:00:00,2025-12-31 11:00:00,94970.0
Korea,2025-12-31 12:00:00,2025-12-31 12:00:00,94970.0
Korea,2025-12-31 13:00:00,2025-12-31 13:00:00,88090.0
Korea,2025-12-31 14:00:00,2025-12-31 14:00:00,94540.0
Korea,2025-12-31 15:00:00,2025-12-31 15:00:00,84410.0
Korea,2025-12-31 16:00:00,2025-12-31 16:00:00,86070.0
Korea,2025-12-31 17:00:00,2025-12-31 17:00:00,78620.0
Korea,2025-12-31 18:00:00,2025-12-31 18:00:00,78650.0
Korea,2025-12-31 19:00:00,2025-12-31 19:00:00,109080.0
Korea,2025-12-31 20:00:00,2025-12-31 20:00:00,109080.0
Korea,2025-12-31 21:00:00,2025-12-31 21:00:00,93200.0
Korea,2025-12-31 22:00:00,2025-12-31 22:00:00,101140.0
Korea,2025-12-31 23:00:00,2025-12-31 23:00:00,75820.0
